2023-09-23 23:49:41,655:telegram.ext.dispatcher:DEBUG:  Setting singleton dispatcher as <telegram.ext.dispatcher.Dispatcher object at 0x000002E5F49C5230>
2023-09-23 23:49:41,756:apscheduler.scheduler:INFO:  Scheduler started
2023-09-23 23:49:41,810:apscheduler.scheduler:DEBUG:  Looking for jobs to run
2023-09-23 23:49:41,810:telegram.bot:DEBUG:  Entering: get_me
2023-09-23 23:49:41,811:apscheduler.scheduler:DEBUG:  No jobs; waiting until a job is added
2023-09-23 23:49:46,485:telegram.bot:DEBUG:  {'is_bot': True, 'can_join_groups': False, 'id': 6685183482, 'username': 'IssueNotifiedBot', 'can_read_all_group_messages': False, 'first_name': 'IssueNotified', 'supports_inline_queries': False}
2023-09-23 23:49:46,486:telegram.bot:DEBUG:  Exiting: get_me
2023-09-23 23:49:46,488:telegram.ext.updater:DEBUG:  Bot:6685183482:dispatcher - started
2023-09-23 23:49:46,514:telegram.ext.updater:DEBUG:  Bot:6685183482:updater - started
2023-09-23 23:49:46,514:telegram.ext.updater:DEBUG:  Waiting for Dispatcher and polling to start
2023-09-23 23:49:46,514:telegram.ext.updater:DEBUG:  Updater thread started (polling)
2023-09-23 23:49:46,515:telegram.ext.updater:DEBUG:  Start network loop retry bootstrap del webhook
2023-09-23 23:49:46,515:telegram.ext.updater:DEBUG:  Deleting webhook
2023-09-23 23:49:46,515:telegram.bot:DEBUG:  Entering: delete_webhook
2023-09-23 23:49:46,526:telegram.ext.dispatcher:DEBUG:  Dispatcher started
2023-09-23 23:49:46,642:telegram.bot:DEBUG:  True
2023-09-23 23:49:46,642:telegram.bot:DEBUG:  Exiting: delete_webhook
2023-09-23 23:49:46,642:telegram.ext.updater:DEBUG:  Bootstrap done
2023-09-23 23:49:46,642:telegram.ext.updater:DEBUG:  Start network loop retry getting Updates
2023-09-23 23:49:46,642:telegram.bot:DEBUG:  Entering: get_updates
2023-09-23 23:49:52,844:telegram.bot:DEBUG:  Getting updates: [133239234]
2023-09-23 23:49:52,845:telegram.bot:DEBUG:  [<telegram.update.Update object at 0x000002E5F0C23380>]
2023-09-23 23:49:52,846:telegram.bot:DEBUG:  Exiting: get_updates
2023-09-23 23:49:52,846:telegram.bot:DEBUG:  Entering: get_updates
2023-09-23 23:49:52,846:telegram.ext.dispatcher:DEBUG:  Processing Update: {'update_id': 133239234, 'message': {'date': 1696608058, 'new_chat_members': [], 'text': '/list', 'supergroup_chat_created': False, 'group_chat_created': False, 'new_chat_photo': [], 'channel_chat_created': False, 'delete_chat_photo': False, 'caption_entities': [], 'message_id': 1248, 'chat': {'username': 'ZeMicah', 'type': 'private', 'id': 5347094985, 'first_name': 'Robel'}, 'entities': [{'type': 'bot_command', 'length': 5, 'offset': 0}], 'photo': [], 'from': {'is_bot': False, 'language_code': 'en', 'id': 5347094985, 'username': 'ZeMicah', 'first_name': 'Robel'}}}
2023-09-23 23:49:52,850:telegram.bot:DEBUG:  Entering: send_message
2023-09-23 23:49:56,002:telegram.bot:DEBUG:  {'date': 1696608061, 'new_chat_members': [], 'text': 'Owner       Repository\n1. Expensify       App', 'supergroup_chat_created': False, 'group_chat_created': False, 'new_chat_photo': [], 'channel_chat_created': False, 'delete_chat_photo': False, 'caption_entities': [], 'message_id': 1249, 'chat': {'username': 'ZeMicah', 'type': 'private', 'id': 5347094985, 'first_name': 'Robel'}, 'entities': [], 'photo': [], 'from': {'is_bot': True, 'id': 6685183482, 'username': 'IssueNotifiedBot', 'first_name': 'IssueNotified'}}
2023-09-23 23:49:56,002:telegram.bot:DEBUG:  Exiting: send_message
2023-09-23 23:50:02,969:telegram.bot:DEBUG:  No new updates found.
2023-09-23 23:50:02,969:telegram.bot:DEBUG:  []
2023-09-23 23:50:02,969:telegram.bot:DEBUG:  Exiting: get_updates
2023-09-23 23:50:02,985:telegram.bot:DEBUG:  Entering: get_updates
2023-09-23 23:50:13,142:telegram.bot:DEBUG:  No new updates found.
2023-09-23 23:50:13,143:telegram.bot:DEBUG:  []
2023-09-23 23:50:13,143:telegram.bot:DEBUG:  Exiting: get_updates
2023-09-23 23:50:13,143:telegram.bot:DEBUG:  Entering: get_updates
2023-09-23 23:50:23,612:telegram.bot:DEBUG:  No new updates found.
2023-09-23 23:50:23,612:telegram.bot:DEBUG:  []
2023-09-23 23:50:23,612:telegram.bot:DEBUG:  Exiting: get_updates
2023-09-23 23:50:23,612:telegram.bot:DEBUG:  Entering: get_updates
2023-09-23 23:50:33,808:telegram.bot:DEBUG:  No new updates found.
2023-09-23 23:50:33,808:telegram.bot:DEBUG:  []
2023-09-23 23:50:33,808:telegram.bot:DEBUG:  Exiting: get_updates
2023-09-23 23:50:33,808:telegram.bot:DEBUG:  Entering: get_updates
2023-09-23 23:50:43,974:telegram.bot:DEBUG:  No new updates found.
2023-09-23 23:50:43,974:telegram.bot:DEBUG:  []
2023-09-23 23:50:43,974:telegram.bot:DEBUG:  Exiting: get_updates
2023-09-23 23:50:43,975:telegram.bot:DEBUG:  Entering: get_updates
2023-09-23 23:50:54,126:telegram.bot:DEBUG:  No new updates found.
2023-09-23 23:50:54,126:telegram.bot:DEBUG:  []
2023-09-23 23:50:54,126:telegram.bot:DEBUG:  Exiting: get_updates
2023-09-23 23:50:54,127:telegram.bot:DEBUG:  Entering: get_updates
2023-09-23 23:51:04,297:telegram.bot:DEBUG:  No new updates found.
2023-09-23 23:51:04,297:telegram.bot:DEBUG:  []
2023-09-23 23:51:04,297:telegram.bot:DEBUG:  Exiting: get_updates
2023-09-23 23:51:04,297:telegram.bot:DEBUG:  Entering: get_updates
2023-09-23 23:51:14,442:telegram.bot:DEBUG:  No new updates found.
2023-09-23 23:51:14,442:telegram.bot:DEBUG:  []
2023-09-23 23:51:14,442:telegram.bot:DEBUG:  Exiting: get_updates
2023-09-23 23:51:14,442:telegram.bot:DEBUG:  Entering: get_updates
2023-09-23 23:51:25,252:telegram.bot:DEBUG:  No new updates found.
2023-09-23 23:51:25,253:telegram.bot:DEBUG:  []
2023-09-23 23:51:25,253:telegram.bot:DEBUG:  Exiting: get_updates
2023-09-23 23:51:25,253:telegram.bot:DEBUG:  Entering: get_updates
2023-09-23 23:51:35,835:telegram.bot:DEBUG:  No new updates found.
2023-09-23 23:51:35,835:telegram.bot:DEBUG:  []
2023-09-23 23:51:35,835:telegram.bot:DEBUG:  Exiting: get_updates
2023-09-23 23:51:35,835:telegram.bot:DEBUG:  Entering: get_updates
2023-09-23 23:51:46,001:telegram.bot:DEBUG:  No new updates found.
2023-09-23 23:51:46,001:telegram.bot:DEBUG:  []
2023-09-23 23:51:46,001:telegram.bot:DEBUG:  Exiting: get_updates
2023-09-23 23:51:46,002:telegram.bot:DEBUG:  Entering: get_updates
2023-09-23 23:51:56,161:telegram.bot:DEBUG:  No new updates found.
2023-09-23 23:51:56,162:telegram.bot:DEBUG:  []
2023-09-23 23:51:56,162:telegram.bot:DEBUG:  Exiting: get_updates
2023-09-23 23:51:56,162:telegram.bot:DEBUG:  Entering: get_updates
2023-09-23 23:52:06,474:telegram.bot:DEBUG:  No new updates found.
2023-09-23 23:52:06,474:telegram.bot:DEBUG:  []
2023-09-23 23:52:06,474:telegram.bot:DEBUG:  Exiting: get_updates
2023-09-23 23:52:06,474:telegram.bot:DEBUG:  Entering: get_updates
2023-09-23 23:52:16,619:telegram.bot:DEBUG:  No new updates found.
2023-09-23 23:52:16,619:telegram.bot:DEBUG:  []
2023-09-23 23:52:16,619:telegram.bot:DEBUG:  Exiting: get_updates
2023-09-23 23:52:16,619:telegram.bot:DEBUG:  Entering: get_updates
2023-09-23 23:52:27,083:telegram.bot:DEBUG:  No new updates found.
2023-09-23 23:52:27,098:telegram.bot:DEBUG:  []
2023-09-23 23:52:27,098:telegram.bot:DEBUG:  Exiting: get_updates
2023-09-23 23:52:27,099:telegram.bot:DEBUG:  Entering: get_updates
2023-09-23 23:52:37,231:telegram.bot:DEBUG:  No new updates found.
2023-09-23 23:52:37,231:telegram.bot:DEBUG:  []
2023-09-23 23:52:37,244:telegram.bot:DEBUG:  Exiting: get_updates
2023-09-23 23:52:37,244:telegram.bot:DEBUG:  Entering: get_updates
2023-09-23 23:52:47,376:telegram.bot:DEBUG:  No new updates found.
2023-09-23 23:52:47,376:telegram.bot:DEBUG:  []
2023-09-23 23:52:47,376:telegram.bot:DEBUG:  Exiting: get_updates
2023-09-23 23:52:47,376:telegram.bot:DEBUG:  Entering: get_updates
2023-09-23 23:52:57,521:telegram.bot:DEBUG:  No new updates found.
2023-09-23 23:52:57,521:telegram.bot:DEBUG:  []
2023-09-23 23:52:57,521:telegram.bot:DEBUG:  Exiting: get_updates
2023-09-23 23:52:57,521:telegram.bot:DEBUG:  Entering: get_updates
2023-09-23 23:53:07,637:telegram.bot:DEBUG:  No new updates found.
2023-09-23 23:53:07,637:telegram.bot:DEBUG:  []
2023-09-23 23:53:07,637:telegram.bot:DEBUG:  Exiting: get_updates
2023-09-23 23:53:07,637:telegram.bot:DEBUG:  Entering: get_updates
2023-09-23 23:53:17,812:telegram.bot:DEBUG:  No new updates found.
2023-09-23 23:53:17,812:telegram.bot:DEBUG:  []
2023-09-23 23:53:17,812:telegram.bot:DEBUG:  Exiting: get_updates
2023-09-23 23:53:17,812:telegram.bot:DEBUG:  Entering: get_updates
2023-09-23 23:53:28,001:telegram.bot:DEBUG:  No new updates found.
2023-09-23 23:53:28,001:telegram.bot:DEBUG:  []
2023-09-23 23:53:28,001:telegram.bot:DEBUG:  Exiting: get_updates
2023-09-23 23:53:28,001:telegram.bot:DEBUG:  Entering: get_updates
2023-09-23 23:53:38,470:telegram.bot:DEBUG:  No new updates found.
2023-09-23 23:53:38,470:telegram.bot:DEBUG:  []
2023-09-23 23:53:38,471:telegram.bot:DEBUG:  Exiting: get_updates
2023-09-23 23:53:38,471:telegram.bot:DEBUG:  Entering: get_updates
2023-09-23 23:53:48,600:telegram.bot:DEBUG:  No new updates found.
2023-09-23 23:53:48,600:telegram.bot:DEBUG:  []
2023-09-23 23:53:48,600:telegram.bot:DEBUG:  Exiting: get_updates
2023-09-23 23:53:48,600:telegram.bot:DEBUG:  Entering: get_updates
2023-09-23 23:53:58,737:telegram.bot:DEBUG:  No new updates found.
2023-09-23 23:53:58,737:telegram.bot:DEBUG:  []
2023-09-23 23:53:58,737:telegram.bot:DEBUG:  Exiting: get_updates
2023-09-23 23:53:58,737:telegram.bot:DEBUG:  Entering: get_updates
2023-09-23 23:54:08,885:telegram.bot:DEBUG:  No new updates found.
2023-09-23 23:54:08,885:telegram.bot:DEBUG:  []
2023-09-23 23:54:08,885:telegram.bot:DEBUG:  Exiting: get_updates
2023-09-23 23:54:08,885:telegram.bot:DEBUG:  Entering: get_updates
2023-09-23 23:54:19,038:telegram.bot:DEBUG:  No new updates found.
2023-09-23 23:54:19,038:telegram.bot:DEBUG:  []
2023-09-23 23:54:19,038:telegram.bot:DEBUG:  Exiting: get_updates
2023-09-23 23:54:19,038:telegram.bot:DEBUG:  Entering: get_updates
2023-09-23 23:54:29,171:telegram.bot:DEBUG:  No new updates found.
2023-09-23 23:54:29,171:telegram.bot:DEBUG:  []
2023-09-23 23:54:29,171:telegram.bot:DEBUG:  Exiting: get_updates
2023-09-23 23:54:29,171:telegram.bot:DEBUG:  Entering: get_updates
2023-09-23 23:54:39,470:telegram.bot:DEBUG:  No new updates found.
2023-09-23 23:54:39,470:telegram.bot:DEBUG:  []
2023-09-23 23:54:39,470:telegram.bot:DEBUG:  Exiting: get_updates
2023-09-23 23:54:39,470:telegram.bot:DEBUG:  Entering: get_updates
2023-09-23 23:54:49,623:telegram.bot:DEBUG:  No new updates found.
2023-09-23 23:54:49,623:telegram.bot:DEBUG:  []
2023-09-23 23:54:49,623:telegram.bot:DEBUG:  Exiting: get_updates
2023-09-23 23:54:49,623:telegram.bot:DEBUG:  Entering: get_updates
2023-09-23 23:54:59,774:telegram.bot:DEBUG:  No new updates found.
2023-09-23 23:54:59,774:telegram.bot:DEBUG:  []
2023-09-23 23:54:59,774:telegram.bot:DEBUG:  Exiting: get_updates
2023-09-23 23:54:59,774:telegram.bot:DEBUG:  Entering: get_updates
2023-09-23 23:55:10,369:telegram.bot:DEBUG:  No new updates found.
2023-09-23 23:55:10,369:telegram.bot:DEBUG:  []
2023-09-23 23:55:10,369:telegram.bot:DEBUG:  Exiting: get_updates
2023-09-23 23:55:10,369:telegram.bot:DEBUG:  Entering: get_updates
2023-09-23 23:55:20,550:telegram.bot:DEBUG:  No new updates found.
2023-09-23 23:55:20,552:telegram.bot:DEBUG:  []
2023-09-23 23:55:20,552:telegram.bot:DEBUG:  Exiting: get_updates
2023-09-23 23:55:20,552:telegram.bot:DEBUG:  Entering: get_updates
2023-09-23 23:55:30,693:telegram.bot:DEBUG:  No new updates found.
2023-09-23 23:55:30,693:telegram.bot:DEBUG:  []
2023-09-23 23:55:30,694:telegram.bot:DEBUG:  Exiting: get_updates
2023-09-23 23:55:30,694:telegram.bot:DEBUG:  Entering: get_updates
2023-09-23 23:55:40,851:telegram.bot:DEBUG:  No new updates found.
2023-09-23 23:55:40,851:telegram.bot:DEBUG:  []
2023-09-23 23:55:40,851:telegram.bot:DEBUG:  Exiting: get_updates
2023-09-23 23:55:40,852:telegram.bot:DEBUG:  Entering: get_updates
2023-09-23 23:55:51,013:telegram.bot:DEBUG:  No new updates found.
2023-09-23 23:55:51,013:telegram.bot:DEBUG:  []
2023-09-23 23:55:51,013:telegram.bot:DEBUG:  Exiting: get_updates
2023-09-23 23:55:51,014:telegram.bot:DEBUG:  Entering: get_updates
2023-09-23 23:56:01,165:telegram.bot:DEBUG:  No new updates found.
2023-09-23 23:56:01,165:telegram.bot:DEBUG:  []
2023-09-23 23:56:01,166:telegram.bot:DEBUG:  Exiting: get_updates
2023-09-23 23:56:01,166:telegram.bot:DEBUG:  Entering: get_updates
2023-09-23 23:56:11,292:telegram.bot:DEBUG:  No new updates found.
2023-09-23 23:56:11,293:telegram.bot:DEBUG:  []
2023-09-23 23:56:11,293:telegram.bot:DEBUG:  Exiting: get_updates
2023-09-23 23:56:11,293:telegram.bot:DEBUG:  Entering: get_updates
2023-09-23 23:56:21,515:telegram.bot:DEBUG:  No new updates found.
2023-09-23 23:56:21,515:telegram.bot:DEBUG:  []
2023-09-23 23:56:21,516:telegram.bot:DEBUG:  Exiting: get_updates
2023-09-23 23:56:21,516:telegram.bot:DEBUG:  Entering: get_updates
2023-09-23 23:56:31,698:telegram.bot:DEBUG:  No new updates found.
2023-09-23 23:56:31,699:telegram.bot:DEBUG:  []
2023-09-23 23:56:31,699:telegram.bot:DEBUG:  Exiting: get_updates
2023-09-23 23:56:31,699:telegram.bot:DEBUG:  Entering: get_updates
2023-09-23 23:56:42,185:telegram.bot:DEBUG:  No new updates found.
2023-09-23 23:56:42,186:telegram.bot:DEBUG:  []
2023-09-23 23:56:42,186:telegram.bot:DEBUG:  Exiting: get_updates
2023-09-23 23:56:42,186:telegram.bot:DEBUG:  Entering: get_updates
2023-09-23 23:56:52,370:telegram.bot:DEBUG:  No new updates found.
2023-09-23 23:56:52,371:telegram.bot:DEBUG:  []
2023-09-23 23:56:52,371:telegram.bot:DEBUG:  Exiting: get_updates
2023-09-23 23:56:52,371:telegram.bot:DEBUG:  Entering: get_updates
2023-09-23 23:57:02,823:telegram.bot:DEBUG:  No new updates found.
2023-09-23 23:57:02,823:telegram.bot:DEBUG:  []
2023-09-23 23:57:02,839:telegram.bot:DEBUG:  Exiting: get_updates
2023-09-23 23:57:02,839:telegram.bot:DEBUG:  Entering: get_updates
2023-09-23 23:57:13,040:telegram.bot:DEBUG:  No new updates found.
2023-09-23 23:57:13,040:telegram.bot:DEBUG:  []
2023-09-23 23:57:13,041:telegram.bot:DEBUG:  Exiting: get_updates
2023-09-23 23:57:13,041:telegram.bot:DEBUG:  Entering: get_updates
2023-09-23 23:57:23,166:telegram.bot:DEBUG:  No new updates found.
2023-09-23 23:57:23,166:telegram.bot:DEBUG:  []
2023-09-23 23:57:23,166:telegram.bot:DEBUG:  Exiting: get_updates
2023-09-23 23:57:23,166:telegram.bot:DEBUG:  Entering: get_updates
2023-09-23 23:57:33,307:telegram.bot:DEBUG:  No new updates found.
2023-09-23 23:57:33,307:telegram.bot:DEBUG:  []
2023-09-23 23:57:33,307:telegram.bot:DEBUG:  Exiting: get_updates
2023-09-23 23:57:33,307:telegram.bot:DEBUG:  Entering: get_updates
2023-09-23 23:57:43,443:telegram.bot:DEBUG:  No new updates found.
2023-09-23 23:57:43,443:telegram.bot:DEBUG:  []
2023-09-23 23:57:43,443:telegram.bot:DEBUG:  Exiting: get_updates
2023-09-23 23:57:43,443:telegram.bot:DEBUG:  Entering: get_updates
2023-09-23 23:57:53,922:telegram.bot:DEBUG:  No new updates found.
2023-09-23 23:57:53,922:telegram.bot:DEBUG:  []
2023-09-23 23:57:53,922:telegram.bot:DEBUG:  Exiting: get_updates
2023-09-23 23:57:53,922:telegram.bot:DEBUG:  Entering: get_updates
2023-09-23 23:58:04,087:telegram.bot:DEBUG:  No new updates found.
2023-09-23 23:58:04,087:telegram.bot:DEBUG:  []
2023-09-23 23:58:04,088:telegram.bot:DEBUG:  Exiting: get_updates
2023-09-23 23:58:04,088:telegram.bot:DEBUG:  Entering: get_updates
2023-09-23 23:58:14,210:telegram.bot:DEBUG:  No new updates found.
2023-09-23 23:58:14,210:telegram.bot:DEBUG:  []
2023-09-23 23:58:14,210:telegram.bot:DEBUG:  Exiting: get_updates
2023-09-23 23:58:14,210:telegram.bot:DEBUG:  Entering: get_updates
2023-09-23 23:58:24,366:telegram.bot:DEBUG:  No new updates found.
2023-09-23 23:58:24,367:telegram.bot:DEBUG:  []
2023-09-23 23:58:24,367:telegram.bot:DEBUG:  Exiting: get_updates
2023-09-23 23:58:24,368:telegram.bot:DEBUG:  Entering: get_updates
2023-09-23 23:58:34,573:telegram.bot:DEBUG:  No new updates found.
2023-09-23 23:58:34,574:telegram.bot:DEBUG:  []
2023-09-23 23:58:34,574:telegram.bot:DEBUG:  Exiting: get_updates
2023-09-23 23:58:34,575:telegram.bot:DEBUG:  Entering: get_updates
2023-09-23 23:58:44,707:telegram.bot:DEBUG:  No new updates found.
2023-09-23 23:58:44,723:telegram.bot:DEBUG:  []
2023-09-23 23:58:44,723:telegram.bot:DEBUG:  Exiting: get_updates
2023-09-23 23:58:44,723:telegram.bot:DEBUG:  Entering: get_updates
2023-09-23 23:58:54,839:telegram.bot:DEBUG:  No new updates found.
2023-09-23 23:58:54,839:telegram.bot:DEBUG:  []
2023-09-23 23:58:54,839:telegram.bot:DEBUG:  Exiting: get_updates
2023-09-23 23:58:54,839:telegram.bot:DEBUG:  Entering: get_updates
2023-09-23 23:59:05,036:telegram.bot:DEBUG:  No new updates found.
2023-09-23 23:59:05,036:telegram.bot:DEBUG:  []
2023-09-23 23:59:05,036:telegram.bot:DEBUG:  Exiting: get_updates
2023-09-23 23:59:05,036:telegram.bot:DEBUG:  Entering: get_updates
2023-09-23 23:59:15,509:telegram.bot:DEBUG:  No new updates found.
2023-09-23 23:59:15,509:telegram.bot:DEBUG:  []
2023-09-23 23:59:15,509:telegram.bot:DEBUG:  Exiting: get_updates
2023-09-23 23:59:15,509:telegram.bot:DEBUG:  Entering: get_updates
2023-09-24 01:55:14,842:telegram.ext.dispatcher:DEBUG:  Setting singleton dispatcher as <telegram.ext.dispatcher.Dispatcher object at 0x000001C702B9D230>
2023-09-24 01:55:14,904:apscheduler.scheduler:INFO:  Scheduler started
2023-09-24 01:55:14,920:telegram.bot:DEBUG:  Entering: get_me
2023-09-24 01:55:14,920:apscheduler.scheduler:DEBUG:  Looking for jobs to run
2023-09-24 01:55:14,920:apscheduler.scheduler:DEBUG:  No jobs; waiting until a job is added
2023-09-24 01:55:18,963:telegram.bot:DEBUG:  {'can_join_groups': False, 'supports_inline_queries': False, 'username': 'IssueNotifiedBot', 'can_read_all_group_messages': False, 'is_bot': True, 'first_name': 'IssueNotified', 'id': 6685183482}
2023-09-24 01:55:18,963:telegram.bot:DEBUG:  Exiting: get_me
2023-09-24 01:55:18,976:telegram.ext.updater:DEBUG:  Bot:6685183482:dispatcher - started
2023-09-24 01:55:18,978:telegram.ext.updater:DEBUG:  Bot:6685183482:updater - started
2023-09-24 01:55:18,979:telegram.ext.updater:DEBUG:  Waiting for Dispatcher and polling to start
2023-09-24 01:55:18,979:telegram.ext.updater:DEBUG:  Updater thread started (polling)
2023-09-24 01:55:18,981:telegram.ext.updater:DEBUG:  Start network loop retry bootstrap del webhook
2023-09-24 01:55:18,981:telegram.ext.updater:DEBUG:  Deleting webhook
2023-09-24 01:55:18,982:telegram.bot:DEBUG:  Entering: delete_webhook
2023-09-24 01:55:18,982:telegram.ext.dispatcher:DEBUG:  Dispatcher started
2023-09-24 01:55:19,529:telegram.bot:DEBUG:  True
2023-09-24 01:55:19,529:telegram.bot:DEBUG:  Exiting: delete_webhook
2023-09-24 01:55:19,529:telegram.ext.updater:DEBUG:  Bootstrap done
2023-09-24 01:55:19,529:telegram.ext.updater:DEBUG:  Start network loop retry getting Updates
2023-09-24 01:55:19,530:telegram.bot:DEBUG:  Entering: get_updates
2023-09-24 01:55:19,756:telegram.bot:DEBUG:  Getting updates: [133239235]
2023-09-24 01:55:19,756:telegram.bot:DEBUG:  [<telegram.update.Update object at 0x000001C77EDA3790>]
2023-09-24 01:55:19,756:telegram.bot:DEBUG:  Exiting: get_updates
2023-09-24 01:55:19,756:telegram.bot:DEBUG:  Entering: get_updates
2023-09-24 01:55:19,756:telegram.ext.dispatcher:DEBUG:  Processing Update: {'update_id': 133239235, 'message': {'caption_entities': [], 'supergroup_chat_created': False, 'group_chat_created': False, 'text': '/untrack', 'message_id': 1250, 'new_chat_members': [], 'delete_chat_photo': False, 'channel_chat_created': False, 'new_chat_photo': [], 'chat': {'username': 'ZeMicah', 'type': 'private', 'first_name': 'Robel', 'id': 5347094985}, 'entities': [{'length': 8, 'offset': 0, 'type': 'bot_command'}], 'date': 1696610122, 'photo': [], 'from': {'username': 'ZeMicah', 'language_code': 'en', 'is_bot': False, 'first_name': 'Robel', 'id': 5347094985}}}
2023-09-24 01:55:19,756:telegram.bot:DEBUG:  Entering: send_message
2023-09-24 01:55:22,991:telegram.bot:DEBUG:  {'caption_entities': [], 'supergroup_chat_created': False, 'group_chat_created': False, 'text': 'Which repository do you want to untrack?', 'message_id': 1251, 'reply_markup': {'inline_keyboard': [[{'callback_data': 'App', 'text': 'App'}], [{'callback_data': 'cancel', 'text': 'Cancel'}, {'callback_data': 'remove_all', 'text': '\u274c Remove all'}]]}, 'new_chat_members': [], 'delete_chat_photo': False, 'channel_chat_created': False, 'new_chat_photo': [], 'chat': {'username': 'ZeMicah', 'type': 'private', 'first_name': 'Robel', 'id': 5347094985}, 'entities': [], 'date': 1696615588, 'photo': [], 'from': {'username': 'IssueNotifiedBot', 'is_bot': True, 'first_name': 'IssueNotified', 'id': 6685183482}}
2023-09-24 01:55:23,022:telegram.bot:DEBUG:  Exiting: send_message
2023-09-24 01:55:30,252:telegram.bot:DEBUG:  No new updates found.
2023-09-24 01:55:30,252:telegram.bot:DEBUG:  []
2023-09-24 01:55:30,252:telegram.bot:DEBUG:  Exiting: get_updates
2023-09-24 01:55:30,252:telegram.bot:DEBUG:  Entering: get_updates
2023-09-24 01:55:40,391:telegram.bot:DEBUG:  No new updates found.
2023-09-24 01:55:40,391:telegram.bot:DEBUG:  []
2023-09-24 01:55:40,391:telegram.bot:DEBUG:  Exiting: get_updates
2023-09-24 01:55:40,391:telegram.bot:DEBUG:  Entering: get_updates
2023-09-24 01:55:42,183:telegram.bot:DEBUG:  Getting updates: [133239236]
2023-09-24 01:55:42,185:telegram.bot:DEBUG:  [<telegram.update.Update object at 0x000001C77EDA2820>]
2023-09-24 01:55:42,185:telegram.bot:DEBUG:  Exiting: get_updates
2023-09-24 01:55:42,185:telegram.bot:DEBUG:  Entering: get_updates
2023-09-24 01:55:42,185:telegram.ext.dispatcher:DEBUG:  Processing Update: {'update_id': 133239236, 'callback_query': {'chat_instance': '1021535660840824013', 'message': {'caption_entities': [], 'supergroup_chat_created': False, 'group_chat_created': False, 'text': 'Which repository do you want to untrack?', 'message_id': 1251, 'reply_markup': {'inline_keyboard': [[{'callback_data': 'App', 'text': 'App'}], [{'callback_data': 'cancel', 'text': 'Cancel'}, {'callback_data': 'remove_all', 'text': '\u274c Remove all'}]]}, 'new_chat_members': [], 'delete_chat_photo': False, 'channel_chat_created': False, 'new_chat_photo': [], 'chat': {'username': 'ZeMicah', 'type': 'private', 'first_name': 'Robel', 'id': 5347094985}, 'entities': [], 'date': 1696615588, 'photo': [], 'from': {'username': 'IssueNotifiedBot', 'is_bot': True, 'first_name': 'IssueNotified', 'id': 6685183482}}, 'data': 'cancel', 'id': '4518854016221635548', 'from': {'username': 'ZeMicah', 'language_code': 'en', 'is_bot': False, 'first_name': 'Robel', 'id': 5347094985}}}
2023-09-24 01:55:42,185:telegram.bot:DEBUG:  Entering: edit_message_text
2023-09-24 01:55:42,396:telegram.bot:DEBUG:  {'caption_entities': [], 'supergroup_chat_created': False, 'group_chat_created': False, 'text': 'Cancelled', 'message_id': 1251, 'new_chat_members': [], 'delete_chat_photo': False, 'channel_chat_created': False, 'new_chat_photo': [], 'chat': {'username': 'ZeMicah', 'type': 'private', 'first_name': 'Robel', 'id': 5347094985}, 'entities': [], 'edit_date': 1696615607, 'date': 1696615588, 'photo': [], 'from': {'username': 'IssueNotifiedBot', 'is_bot': True, 'first_name': 'IssueNotified', 'id': 6685183482}}
2023-09-24 01:55:42,396:telegram.bot:DEBUG:  Exiting: edit_message_text
2023-09-24 01:55:52,355:telegram.bot:DEBUG:  No new updates found.
2023-09-24 01:55:52,356:telegram.bot:DEBUG:  []
2023-09-24 01:55:52,356:telegram.bot:DEBUG:  Exiting: get_updates
2023-09-24 01:55:52,356:telegram.bot:DEBUG:  Entering: get_updates
2023-09-24 01:56:02,478:telegram.bot:DEBUG:  No new updates found.
2023-09-24 01:56:02,478:telegram.bot:DEBUG:  []
2023-09-24 01:56:02,478:telegram.bot:DEBUG:  Exiting: get_updates
2023-09-24 01:56:02,478:telegram.bot:DEBUG:  Entering: get_updates
2023-09-24 01:56:12,647:telegram.bot:DEBUG:  No new updates found.
2023-09-24 01:56:12,647:telegram.bot:DEBUG:  []
2023-09-24 01:56:12,647:telegram.bot:DEBUG:  Exiting: get_updates
2023-09-24 01:56:12,647:telegram.bot:DEBUG:  Entering: get_updates
2023-09-24 01:56:23,031:telegram.bot:DEBUG:  No new updates found.
2023-09-24 01:56:23,031:telegram.bot:DEBUG:  []
2023-09-24 01:56:23,031:telegram.bot:DEBUG:  Exiting: get_updates
2023-09-24 01:56:23,031:telegram.bot:DEBUG:  Entering: get_updates
2023-09-24 01:56:33,201:telegram.bot:DEBUG:  No new updates found.
2023-09-24 01:56:33,201:telegram.bot:DEBUG:  []
2023-09-24 01:56:33,202:telegram.bot:DEBUG:  Exiting: get_updates
2023-09-24 01:56:33,202:telegram.bot:DEBUG:  Entering: get_updates
2023-09-24 01:56:43,357:telegram.bot:DEBUG:  No new updates found.
2023-09-24 01:56:43,357:telegram.bot:DEBUG:  []
2023-09-24 01:56:43,357:telegram.bot:DEBUG:  Exiting: get_updates
2023-09-24 01:56:43,357:telegram.bot:DEBUG:  Entering: get_updates
2023-09-24 01:56:53,483:telegram.bot:DEBUG:  No new updates found.
2023-09-24 01:56:53,483:telegram.bot:DEBUG:  []
2023-09-24 01:56:53,483:telegram.bot:DEBUG:  Exiting: get_updates
2023-09-24 01:56:53,483:telegram.bot:DEBUG:  Entering: get_updates
2023-09-24 01:57:03,636:telegram.bot:DEBUG:  No new updates found.
2023-09-24 01:57:03,636:telegram.bot:DEBUG:  []
2023-09-24 01:57:03,636:telegram.bot:DEBUG:  Exiting: get_updates
2023-09-24 01:57:03,636:telegram.bot:DEBUG:  Entering: get_updates
2023-09-24 01:57:13,763:telegram.bot:DEBUG:  No new updates found.
2023-09-24 01:57:13,763:telegram.bot:DEBUG:  []
2023-09-24 01:57:13,763:telegram.bot:DEBUG:  Exiting: get_updates
2023-09-24 01:57:13,763:telegram.bot:DEBUG:  Entering: get_updates
2023-09-24 01:57:24,068:telegram.bot:DEBUG:  No new updates found.
2023-09-24 01:57:24,068:telegram.bot:DEBUG:  []
2023-09-24 01:57:24,069:telegram.bot:DEBUG:  Exiting: get_updates
2023-09-24 01:57:24,069:telegram.bot:DEBUG:  Entering: get_updates
2023-09-24 01:57:34,585:telegram.bot:DEBUG:  No new updates found.
2023-09-24 01:57:34,585:telegram.bot:DEBUG:  []
2023-09-24 01:57:34,585:telegram.bot:DEBUG:  Exiting: get_updates
2023-09-24 01:57:34,585:telegram.bot:DEBUG:  Entering: get_updates
2023-09-24 01:57:44,774:telegram.bot:DEBUG:  No new updates found.
2023-09-24 01:57:44,774:telegram.bot:DEBUG:  []
2023-09-24 01:57:44,774:telegram.bot:DEBUG:  Exiting: get_updates
2023-09-24 01:57:44,774:telegram.bot:DEBUG:  Entering: get_updates
2023-09-24 01:57:54,955:telegram.bot:DEBUG:  No new updates found.
2023-09-24 01:57:54,955:telegram.bot:DEBUG:  []
2023-09-24 01:57:54,955:telegram.bot:DEBUG:  Exiting: get_updates
2023-09-24 01:57:54,955:telegram.bot:DEBUG:  Entering: get_updates
2023-09-24 01:58:05,084:telegram.bot:DEBUG:  No new updates found.
2023-09-24 01:58:05,084:telegram.bot:DEBUG:  []
2023-09-24 01:58:05,084:telegram.bot:DEBUG:  Exiting: get_updates
2023-09-24 01:58:05,084:telegram.bot:DEBUG:  Entering: get_updates
2023-09-24 01:58:15,227:telegram.bot:DEBUG:  No new updates found.
2023-09-24 01:58:15,243:telegram.bot:DEBUG:  []
2023-09-24 01:58:15,243:telegram.bot:DEBUG:  Exiting: get_updates
2023-09-24 01:58:15,243:telegram.bot:DEBUG:  Entering: get_updates
2023-09-24 01:58:25,474:telegram.bot:DEBUG:  No new updates found.
2023-09-24 01:58:25,474:telegram.bot:DEBUG:  []
2023-09-24 01:58:25,474:telegram.bot:DEBUG:  Exiting: get_updates
2023-09-24 01:58:25,474:telegram.bot:DEBUG:  Entering: get_updates
2023-09-24 01:58:35,615:telegram.bot:DEBUG:  No new updates found.
2023-09-24 01:58:35,615:telegram.bot:DEBUG:  []
2023-09-24 01:58:35,616:telegram.bot:DEBUG:  Exiting: get_updates
2023-09-24 01:58:35,616:telegram.bot:DEBUG:  Entering: get_updates
2023-09-24 01:58:44,624:telegram.bot:DEBUG:  Getting updates: [133239237]
2023-09-24 01:58:44,624:telegram.bot:DEBUG:  [<telegram.update.Update object at 0x000001C77EDA21A0>]
2023-09-24 01:58:44,624:telegram.bot:DEBUG:  Exiting: get_updates
2023-09-24 01:58:44,624:telegram.bot:DEBUG:  Entering: get_updates
2023-09-24 01:58:44,624:telegram.ext.dispatcher:DEBUG:  Processing Update: {'update_id': 133239237, 'message': {'caption_entities': [], 'supergroup_chat_created': False, 'group_chat_created': False, 'text': '/track', 'message_id': 1252, 'new_chat_members': [], 'delete_chat_photo': False, 'channel_chat_created': False, 'new_chat_photo': [], 'chat': {'username': 'ZeMicah', 'type': 'private', 'first_name': 'Robel', 'id': 5347094985}, 'entities': [{'length': 6, 'offset': 0, 'type': 'bot_command'}], 'date': 1696615790, 'photo': [], 'from': {'username': 'ZeMicah', 'language_code': 'en', 'is_bot': False, 'first_name': 'Robel', 'id': 5347094985}}}
2023-09-24 01:58:44,624:telegram.ext.conversationhandler:DEBUG:  selecting conversation (5347094985, 5347094985) with state None
2023-09-24 01:58:44,624:telegram.bot:DEBUG:  Entering: send_message
2023-09-24 01:58:45,192:telegram.bot:DEBUG:  {'caption_entities': [], 'supergroup_chat_created': False, 'group_chat_created': False, 'text': 'Enter the owner and name of the repository you want to track.          \neg. Expensify, App', 'message_id': 1253, 'new_chat_members': [], 'delete_chat_photo': False, 'channel_chat_created': False, 'new_chat_photo': [], 'chat': {'username': 'ZeMicah', 'type': 'private', 'first_name': 'Robel', 'id': 5347094985}, 'entities': [], 'date': 1696615790, 'photo': [], 'from': {'username': 'IssueNotifiedBot', 'is_bot': True, 'first_name': 'IssueNotified', 'id': 6685183482}}
2023-09-24 01:58:45,193:telegram.bot:DEBUG:  Exiting: send_message
2023-09-24 01:58:50,035:telegram.bot:DEBUG:  Getting updates: [133239238]
2023-09-24 01:58:50,035:telegram.bot:DEBUG:  [<telegram.update.Update object at 0x000001C77EDA3380>]
2023-09-24 01:58:50,035:telegram.bot:DEBUG:  Exiting: get_updates
2023-09-24 01:58:50,035:telegram.bot:DEBUG:  Entering: get_updates
2023-09-24 01:58:50,035:telegram.ext.dispatcher:DEBUG:  Processing Update: {'update_id': 133239238, 'message': {'caption_entities': [], 'supergroup_chat_created': False, 'group_chat_created': False, 'text': 'tensorflow, tensorflow', 'message_id': 1254, 'new_chat_members': [], 'delete_chat_photo': False, 'channel_chat_created': False, 'new_chat_photo': [], 'chat': {'username': 'ZeMicah', 'type': 'private', 'first_name': 'Robel', 'id': 5347094985}, 'entities': [], 'date': 1696615795, 'photo': [], 'from': {'username': 'ZeMicah', 'language_code': 'en', 'is_bot': False, 'first_name': 'Robel', 'id': 5347094985}}}
2023-09-24 01:58:50,035:telegram.ext.conversationhandler:DEBUG:  selecting conversation (5347094985, 5347094985) with state 1
2023-09-24 01:58:50,067:telegram.bot:DEBUG:  Entering: send_message
2023-09-24 01:58:50,324:telegram.bot:DEBUG:  {'caption_entities': [], 'supergroup_chat_created': False, 'group_chat_created': False, 'text': 'Your repo has been saved!', 'message_id': 1255, 'new_chat_members': [], 'delete_chat_photo': False, 'channel_chat_created': False, 'new_chat_photo': [], 'chat': {'username': 'ZeMicah', 'type': 'private', 'first_name': 'Robel', 'id': 5347094985}, 'entities': [], 'date': 1696615795, 'photo': [], 'from': {'username': 'IssueNotifiedBot', 'is_bot': True, 'first_name': 'IssueNotified', 'id': 6685183482}}
2023-09-24 01:58:50,324:telegram.bot:DEBUG:  Exiting: send_message
2023-09-24 01:59:00,195:telegram.bot:DEBUG:  No new updates found.
2023-09-24 01:59:00,195:telegram.bot:DEBUG:  []
2023-09-24 01:59:00,195:telegram.bot:DEBUG:  Exiting: get_updates
2023-09-24 01:59:00,195:telegram.bot:DEBUG:  Entering: get_updates
2023-09-24 01:59:10,426:telegram.bot:DEBUG:  No new updates found.
2023-09-24 01:59:10,426:telegram.bot:DEBUG:  []
2023-09-24 01:59:10,426:telegram.bot:DEBUG:  Exiting: get_updates
2023-09-24 01:59:10,426:telegram.bot:DEBUG:  Entering: get_updates
2023-09-24 01:59:20,581:telegram.bot:DEBUG:  No new updates found.
2023-09-24 01:59:20,581:telegram.bot:DEBUG:  []
2023-09-24 01:59:20,581:telegram.bot:DEBUG:  Exiting: get_updates
2023-09-24 01:59:20,581:telegram.bot:DEBUG:  Entering: get_updates
2023-09-24 01:59:22,804:telegram.bot:DEBUG:  Getting updates: [133239239]
2023-09-24 01:59:22,804:telegram.bot:DEBUG:  [<telegram.update.Update object at 0x000001C77EDA21A0>]
2023-09-24 01:59:22,804:telegram.bot:DEBUG:  Exiting: get_updates
2023-09-24 01:59:22,804:telegram.bot:DEBUG:  Entering: get_updates
2023-09-24 01:59:22,804:telegram.ext.dispatcher:DEBUG:  Processing Update: {'update_id': 133239239, 'message': {'caption_entities': [], 'supergroup_chat_created': False, 'group_chat_created': False, 'text': '/track', 'message_id': 1256, 'new_chat_members': [], 'delete_chat_photo': False, 'channel_chat_created': False, 'new_chat_photo': [], 'chat': {'username': 'ZeMicah', 'type': 'private', 'first_name': 'Robel', 'id': 5347094985}, 'entities': [{'length': 6, 'offset': 0, 'type': 'bot_command'}], 'date': 1696615828, 'photo': [], 'from': {'username': 'ZeMicah', 'language_code': 'en', 'is_bot': False, 'first_name': 'Robel', 'id': 5347094985}}}
2023-09-24 01:59:22,804:telegram.ext.conversationhandler:DEBUG:  selecting conversation (5347094985, 5347094985) with state None
2023-09-24 01:59:22,804:telegram.bot:DEBUG:  Entering: send_message
2023-09-24 01:59:23,556:telegram.bot:DEBUG:  {'caption_entities': [], 'supergroup_chat_created': False, 'group_chat_created': False, 'text': 'Enter the owner and name of the repository you want to track.          \neg. Expensify, App', 'message_id': 1257, 'new_chat_members': [], 'delete_chat_photo': False, 'channel_chat_created': False, 'new_chat_photo': [], 'chat': {'username': 'ZeMicah', 'type': 'private', 'first_name': 'Robel', 'id': 5347094985}, 'entities': [], 'date': 1696615828, 'photo': [], 'from': {'username': 'IssueNotifiedBot', 'is_bot': True, 'first_name': 'IssueNotified', 'id': 6685183482}}
2023-09-24 01:59:23,556:telegram.bot:DEBUG:  Exiting: send_message
2023-09-24 01:59:33,231:telegram.bot:DEBUG:  No new updates found.
2023-09-24 01:59:33,231:telegram.bot:DEBUG:  []
2023-09-24 01:59:33,231:telegram.bot:DEBUG:  Exiting: get_updates
2023-09-24 01:59:33,231:telegram.bot:DEBUG:  Entering: get_updates
2023-09-24 01:59:34,149:telegram.bot:DEBUG:  Getting updates: [133239240]
2023-09-24 01:59:34,149:telegram.bot:DEBUG:  [<telegram.update.Update object at 0x000001C77EDA3380>]
2023-09-24 01:59:34,149:telegram.bot:DEBUG:  Exiting: get_updates
2023-09-24 01:59:34,149:telegram.bot:DEBUG:  Entering: get_updates
2023-09-24 01:59:34,149:telegram.ext.dispatcher:DEBUG:  Processing Update: {'update_id': 133239240, 'message': {'caption_entities': [], 'supergroup_chat_created': False, 'group_chat_created': False, 'text': 'ansible, ansible', 'message_id': 1258, 'new_chat_members': [], 'delete_chat_photo': False, 'channel_chat_created': False, 'new_chat_photo': [], 'chat': {'username': 'ZeMicah', 'type': 'private', 'first_name': 'Robel', 'id': 5347094985}, 'entities': [], 'date': 1696615839, 'photo': [], 'from': {'username': 'ZeMicah', 'language_code': 'en', 'is_bot': False, 'first_name': 'Robel', 'id': 5347094985}}}
2023-09-24 01:59:34,149:telegram.ext.conversationhandler:DEBUG:  selecting conversation (5347094985, 5347094985) with state 1
2023-09-24 01:59:34,149:telegram.bot:DEBUG:  Entering: send_message
2023-09-24 01:59:34,462:telegram.bot:DEBUG:  {'caption_entities': [], 'supergroup_chat_created': False, 'group_chat_created': False, 'text': 'Your repo has been saved!', 'message_id': 1259, 'new_chat_members': [], 'delete_chat_photo': False, 'channel_chat_created': False, 'new_chat_photo': [], 'chat': {'username': 'ZeMicah', 'type': 'private', 'first_name': 'Robel', 'id': 5347094985}, 'entities': [], 'date': 1696615839, 'photo': [], 'from': {'username': 'IssueNotifiedBot', 'is_bot': True, 'first_name': 'IssueNotified', 'id': 6685183482}}
2023-09-24 01:59:34,462:telegram.bot:DEBUG:  Exiting: send_message
2023-09-24 01:59:44,338:telegram.bot:DEBUG:  No new updates found.
2023-09-24 01:59:44,338:telegram.bot:DEBUG:  []
2023-09-24 01:59:44,338:telegram.bot:DEBUG:  Exiting: get_updates
2023-09-24 01:59:44,338:telegram.bot:DEBUG:  Entering: get_updates
2023-09-24 01:59:54,473:telegram.bot:DEBUG:  No new updates found.
2023-09-24 01:59:54,473:telegram.bot:DEBUG:  []
2023-09-24 01:59:54,473:telegram.bot:DEBUG:  Exiting: get_updates
2023-09-24 01:59:54,473:telegram.bot:DEBUG:  Entering: get_updates
2023-09-24 02:00:04,647:telegram.bot:DEBUG:  No new updates found.
2023-09-24 02:00:04,647:telegram.bot:DEBUG:  []
2023-09-24 02:00:04,648:telegram.bot:DEBUG:  Exiting: get_updates
2023-09-24 02:00:04,648:telegram.bot:DEBUG:  Entering: get_updates
2023-09-24 02:00:12,327:telegram.bot:DEBUG:  Getting updates: [133239241]
2023-09-24 02:00:12,327:telegram.bot:DEBUG:  [<telegram.update.Update object at 0x000001C77EDA1A50>]
2023-09-24 02:00:12,327:telegram.bot:DEBUG:  Exiting: get_updates
2023-09-24 02:00:12,327:telegram.bot:DEBUG:  Entering: get_updates
2023-09-24 02:00:12,327:telegram.ext.dispatcher:DEBUG:  Processing Update: {'update_id': 133239241, 'message': {'caption_entities': [], 'supergroup_chat_created': False, 'group_chat_created': False, 'text': '/track', 'message_id': 1260, 'new_chat_members': [], 'delete_chat_photo': False, 'channel_chat_created': False, 'new_chat_photo': [], 'chat': {'username': 'ZeMicah', 'type': 'private', 'first_name': 'Robel', 'id': 5347094985}, 'entities': [{'length': 6, 'offset': 0, 'type': 'bot_command'}], 'date': 1696615877, 'photo': [], 'from': {'username': 'ZeMicah', 'language_code': 'en', 'is_bot': False, 'first_name': 'Robel', 'id': 5347094985}}}
2023-09-24 02:00:12,327:telegram.ext.conversationhandler:DEBUG:  selecting conversation (5347094985, 5347094985) with state None
2023-09-24 02:00:12,327:telegram.bot:DEBUG:  Entering: send_message
2023-09-24 02:00:12,515:telegram.bot:DEBUG:  {'caption_entities': [], 'supergroup_chat_created': False, 'group_chat_created': False, 'text': 'Enter the owner and name of the repository you want to track.          \neg. Expensify, App', 'message_id': 1261, 'new_chat_members': [], 'delete_chat_photo': False, 'channel_chat_created': False, 'new_chat_photo': [], 'chat': {'username': 'ZeMicah', 'type': 'private', 'first_name': 'Robel', 'id': 5347094985}, 'entities': [], 'date': 1696615878, 'photo': [], 'from': {'username': 'IssueNotifiedBot', 'is_bot': True, 'first_name': 'IssueNotified', 'id': 6685183482}}
2023-09-24 02:00:12,515:telegram.bot:DEBUG:  Exiting: send_message
2023-09-24 02:00:14,625:telegram.bot:DEBUG:  Getting updates: [133239242]
2023-09-24 02:00:14,641:telegram.bot:DEBUG:  [<telegram.update.Update object at 0x000001C77EDA3380>]
2023-09-24 02:00:14,641:telegram.bot:DEBUG:  Exiting: get_updates
2023-09-24 02:00:14,641:telegram.bot:DEBUG:  Entering: get_updates
2023-09-24 02:00:14,641:telegram.ext.dispatcher:DEBUG:  Processing Update: {'update_id': 133239242, 'message': {'caption_entities': [], 'supergroup_chat_created': False, 'group_chat_created': False, 'text': 'scrapy, scrapy', 'message_id': 1262, 'new_chat_members': [], 'delete_chat_photo': False, 'channel_chat_created': False, 'new_chat_photo': [], 'chat': {'username': 'ZeMicah', 'type': 'private', 'first_name': 'Robel', 'id': 5347094985}, 'entities': [], 'date': 1696615880, 'photo': [], 'from': {'username': 'ZeMicah', 'language_code': 'en', 'is_bot': False, 'first_name': 'Robel', 'id': 5347094985}}}
2023-09-24 02:00:14,641:telegram.ext.conversationhandler:DEBUG:  selecting conversation (5347094985, 5347094985) with state 1
2023-09-24 02:00:14,641:telegram.bot:DEBUG:  Entering: send_message
2023-09-24 02:00:14,831:telegram.bot:DEBUG:  {'caption_entities': [], 'supergroup_chat_created': False, 'group_chat_created': False, 'text': 'Your repo has been saved!', 'message_id': 1263, 'new_chat_members': [], 'delete_chat_photo': False, 'channel_chat_created': False, 'new_chat_photo': [], 'chat': {'username': 'ZeMicah', 'type': 'private', 'first_name': 'Robel', 'id': 5347094985}, 'entities': [], 'date': 1696615880, 'photo': [], 'from': {'username': 'IssueNotifiedBot', 'is_bot': True, 'first_name': 'IssueNotified', 'id': 6685183482}}
2023-09-24 02:00:14,831:telegram.bot:DEBUG:  Exiting: send_message
2023-09-24 02:00:24,818:telegram.bot:DEBUG:  No new updates found.
2023-09-24 02:00:24,819:telegram.bot:DEBUG:  []
2023-09-24 02:00:24,819:telegram.bot:DEBUG:  Exiting: get_updates
2023-09-24 02:00:24,819:telegram.bot:DEBUG:  Entering: get_updates
2023-09-24 02:00:35,600:telegram.bot:DEBUG:  No new updates found.
2023-09-24 02:00:35,600:telegram.bot:DEBUG:  []
2023-09-24 02:00:35,600:telegram.bot:DEBUG:  Exiting: get_updates
2023-09-24 02:00:35,600:telegram.bot:DEBUG:  Entering: get_updates
2023-09-24 02:00:45,722:telegram.bot:DEBUG:  No new updates found.
2023-09-24 02:00:45,722:telegram.bot:DEBUG:  []
2023-09-24 02:00:45,722:telegram.bot:DEBUG:  Exiting: get_updates
2023-09-24 02:00:45,722:telegram.bot:DEBUG:  Entering: get_updates
2023-09-24 02:00:56,068:telegram.bot:DEBUG:  No new updates found.
2023-09-24 02:00:56,069:telegram.bot:DEBUG:  []
2023-09-24 02:00:56,069:telegram.bot:DEBUG:  Exiting: get_updates
2023-09-24 02:00:56,071:telegram.bot:DEBUG:  Entering: get_updates
2023-09-24 02:01:06,197:telegram.bot:DEBUG:  No new updates found.
2023-09-24 02:01:06,198:telegram.bot:DEBUG:  []
2023-09-24 02:01:06,198:telegram.bot:DEBUG:  Exiting: get_updates
2023-09-24 02:01:06,198:telegram.bot:DEBUG:  Entering: get_updates
2023-09-24 02:01:16,369:telegram.bot:DEBUG:  No new updates found.
2023-09-24 02:01:16,369:telegram.bot:DEBUG:  []
2023-09-24 02:01:16,369:telegram.bot:DEBUG:  Exiting: get_updates
2023-09-24 02:01:16,369:telegram.bot:DEBUG:  Entering: get_updates
2023-09-24 02:01:26,529:telegram.bot:DEBUG:  No new updates found.
2023-09-24 02:01:26,529:telegram.bot:DEBUG:  []
2023-09-24 02:01:26,529:telegram.bot:DEBUG:  Exiting: get_updates
2023-09-24 02:01:26,529:telegram.bot:DEBUG:  Entering: get_updates
2023-09-24 02:01:37,031:telegram.bot:DEBUG:  No new updates found.
2023-09-24 02:01:37,031:telegram.bot:DEBUG:  []
2023-09-24 02:01:37,031:telegram.bot:DEBUG:  Exiting: get_updates
2023-09-24 02:01:37,031:telegram.bot:DEBUG:  Entering: get_updates
2023-09-24 02:01:47,201:telegram.bot:DEBUG:  No new updates found.
2023-09-24 02:01:47,201:telegram.bot:DEBUG:  []
2023-09-24 02:01:47,201:telegram.bot:DEBUG:  Exiting: get_updates
2023-09-24 02:01:47,201:telegram.bot:DEBUG:  Entering: get_updates
2023-09-24 02:01:57,681:telegram.bot:DEBUG:  No new updates found.
2023-09-24 02:01:57,681:telegram.bot:DEBUG:  []
2023-09-24 02:01:57,681:telegram.bot:DEBUG:  Exiting: get_updates
2023-09-24 02:01:57,681:telegram.bot:DEBUG:  Entering: get_updates
2023-09-24 02:02:07,835:telegram.bot:DEBUG:  No new updates found.
2023-09-24 02:02:07,835:telegram.bot:DEBUG:  []
2023-09-24 02:02:07,835:telegram.bot:DEBUG:  Exiting: get_updates
2023-09-24 02:02:07,835:telegram.bot:DEBUG:  Entering: get_updates
2023-09-24 02:02:18,193:telegram.bot:DEBUG:  No new updates found.
2023-09-24 02:02:18,193:telegram.bot:DEBUG:  []
2023-09-24 02:02:18,193:telegram.bot:DEBUG:  Exiting: get_updates
2023-09-24 02:02:18,193:telegram.bot:DEBUG:  Entering: get_updates
2023-09-24 02:02:28,868:telegram.bot:DEBUG:  No new updates found.
2023-09-24 02:02:28,868:telegram.bot:DEBUG:  []
2023-09-24 02:02:28,868:telegram.bot:DEBUG:  Exiting: get_updates
2023-09-24 02:02:28,868:telegram.bot:DEBUG:  Entering: get_updates
2023-09-24 02:02:38,994:telegram.bot:DEBUG:  No new updates found.
2023-09-24 02:02:38,994:telegram.bot:DEBUG:  []
2023-09-24 02:02:38,994:telegram.bot:DEBUG:  Exiting: get_updates
2023-09-24 02:02:38,994:telegram.bot:DEBUG:  Entering: get_updates
2023-09-24 02:02:41,729:telegram.bot:DEBUG:  Getting updates: [133239243]
2023-09-24 02:02:41,729:telegram.bot:DEBUG:  [<telegram.update.Update object at 0x000001C77F2258B0>]
2023-09-24 02:02:41,729:telegram.bot:DEBUG:  Exiting: get_updates
2023-09-24 02:02:41,729:telegram.bot:DEBUG:  Entering: get_updates
2023-09-24 02:02:41,729:telegram.ext.dispatcher:DEBUG:  Processing Update: {'update_id': 133239243, 'message': {'caption_entities': [], 'supergroup_chat_created': False, 'group_chat_created': False, 'text': '/track', 'message_id': 1264, 'new_chat_members': [], 'delete_chat_photo': False, 'channel_chat_created': False, 'new_chat_photo': [], 'chat': {'username': 'ZeMicah', 'type': 'private', 'first_name': 'Robel', 'id': 5347094985}, 'entities': [{'length': 6, 'offset': 0, 'type': 'bot_command'}], 'date': 1696616027, 'photo': [], 'from': {'username': 'ZeMicah', 'language_code': 'en', 'is_bot': False, 'first_name': 'Robel', 'id': 5347094985}}}
2023-09-24 02:02:41,744:telegram.ext.conversationhandler:DEBUG:  selecting conversation (5347094985, 5347094985) with state None
2023-09-24 02:02:41,744:telegram.bot:DEBUG:  Entering: send_message
2023-09-24 02:02:41,948:telegram.bot:DEBUG:  {'caption_entities': [], 'supergroup_chat_created': False, 'group_chat_created': False, 'text': 'Enter the owner and name of the repository you want to track.          \neg. Expensify, App', 'message_id': 1265, 'new_chat_members': [], 'delete_chat_photo': False, 'channel_chat_created': False, 'new_chat_photo': [], 'chat': {'username': 'ZeMicah', 'type': 'private', 'first_name': 'Robel', 'id': 5347094985}, 'entities': [], 'date': 1696616027, 'photo': [], 'from': {'username': 'IssueNotifiedBot', 'is_bot': True, 'first_name': 'IssueNotified', 'id': 6685183482}}
2023-09-24 02:02:41,963:telegram.bot:DEBUG:  Exiting: send_message
2023-09-24 02:02:49,152:telegram.bot:DEBUG:  Getting updates: [133239244]
2023-09-24 02:02:49,152:telegram.bot:DEBUG:  [<telegram.update.Update object at 0x000001C77EDA3380>]
2023-09-24 02:02:49,152:telegram.bot:DEBUG:  Exiting: get_updates
2023-09-24 02:02:49,152:telegram.bot:DEBUG:  Entering: get_updates
2023-09-24 02:02:49,152:telegram.ext.dispatcher:DEBUG:  Processing Update: {'update_id': 133239244, 'message': {'caption_entities': [], 'supergroup_chat_created': False, 'group_chat_created': False, 'text': 'matplotlib, matplotlib', 'message_id': 1266, 'new_chat_members': [], 'delete_chat_photo': False, 'channel_chat_created': False, 'new_chat_photo': [], 'chat': {'username': 'ZeMicah', 'type': 'private', 'first_name': 'Robel', 'id': 5347094985}, 'entities': [], 'date': 1696616034, 'photo': [], 'from': {'username': 'ZeMicah', 'language_code': 'en', 'is_bot': False, 'first_name': 'Robel', 'id': 5347094985}}}
2023-09-24 02:02:49,152:telegram.ext.conversationhandler:DEBUG:  selecting conversation (5347094985, 5347094985) with state 1
2023-09-24 02:02:49,152:telegram.bot:DEBUG:  Entering: send_message
2023-09-24 02:02:49,321:telegram.bot:DEBUG:  {'caption_entities': [], 'supergroup_chat_created': False, 'group_chat_created': False, 'text': 'Your repo has been saved!', 'message_id': 1267, 'new_chat_members': [], 'delete_chat_photo': False, 'channel_chat_created': False, 'new_chat_photo': [], 'chat': {'username': 'ZeMicah', 'type': 'private', 'first_name': 'Robel', 'id': 5347094985}, 'entities': [], 'date': 1696616034, 'photo': [], 'from': {'username': 'IssueNotifiedBot', 'is_bot': True, 'first_name': 'IssueNotified', 'id': 6685183482}}
2023-09-24 02:02:49,323:telegram.bot:DEBUG:  Exiting: send_message
2023-09-24 02:02:59,497:telegram.bot:DEBUG:  No new updates found.
2023-09-24 02:02:59,497:telegram.bot:DEBUG:  []
2023-09-24 02:02:59,497:telegram.bot:DEBUG:  Exiting: get_updates
2023-09-24 02:02:59,497:telegram.bot:DEBUG:  Entering: get_updates
2023-09-24 02:03:09,650:telegram.bot:DEBUG:  No new updates found.
2023-09-24 02:03:09,650:telegram.bot:DEBUG:  []
2023-09-24 02:03:09,650:telegram.bot:DEBUG:  Exiting: get_updates
2023-09-24 02:03:09,651:telegram.bot:DEBUG:  Entering: get_updates
2023-09-24 02:03:20,240:telegram.bot:DEBUG:  No new updates found.
2023-09-24 02:03:20,241:telegram.bot:DEBUG:  []
2023-09-24 02:03:20,241:telegram.bot:DEBUG:  Exiting: get_updates
2023-09-24 02:03:20,241:telegram.bot:DEBUG:  Entering: get_updates
2023-09-24 02:03:30,864:telegram.bot:DEBUG:  No new updates found.
2023-09-24 02:03:30,864:telegram.bot:DEBUG:  []
2023-09-24 02:03:30,864:telegram.bot:DEBUG:  Exiting: get_updates
2023-09-24 02:03:30,864:telegram.bot:DEBUG:  Entering: get_updates
2023-09-24 02:03:41,616:telegram.bot:DEBUG:  No new updates found.
2023-09-24 02:03:41,616:telegram.bot:DEBUG:  []
2023-09-24 02:03:41,616:telegram.bot:DEBUG:  Exiting: get_updates
2023-09-24 02:03:41,616:telegram.bot:DEBUG:  Entering: get_updates
2023-09-24 02:03:52,379:telegram.bot:DEBUG:  No new updates found.
2023-09-24 02:03:52,379:telegram.bot:DEBUG:  []
2023-09-24 02:03:52,379:telegram.bot:DEBUG:  Exiting: get_updates
2023-09-24 02:03:52,379:telegram.bot:DEBUG:  Entering: get_updates
2023-09-24 02:04:02,515:telegram.bot:DEBUG:  No new updates found.
2023-09-24 02:04:02,515:telegram.bot:DEBUG:  []
2023-09-24 02:04:02,515:telegram.bot:DEBUG:  Exiting: get_updates
2023-09-24 02:04:02,515:telegram.bot:DEBUG:  Entering: get_updates
2023-09-24 02:04:13,247:telegram.bot:DEBUG:  No new updates found.
2023-09-24 02:04:13,248:telegram.bot:DEBUG:  []
2023-09-24 02:04:13,248:telegram.bot:DEBUG:  Exiting: get_updates
2023-09-24 02:04:13,248:telegram.bot:DEBUG:  Entering: get_updates
2023-09-24 02:04:23,389:telegram.bot:DEBUG:  No new updates found.
2023-09-24 02:04:23,389:telegram.bot:DEBUG:  []
2023-09-24 02:04:23,389:telegram.bot:DEBUG:  Exiting: get_updates
2023-09-24 02:04:23,389:telegram.bot:DEBUG:  Entering: get_updates
2023-09-24 02:04:33,516:telegram.bot:DEBUG:  No new updates found.
2023-09-24 02:04:33,516:telegram.bot:DEBUG:  []
2023-09-24 02:04:33,516:telegram.bot:DEBUG:  Exiting: get_updates
2023-09-24 02:04:33,516:telegram.bot:DEBUG:  Entering: get_updates
2023-09-24 02:04:38,269:telegram.bot:DEBUG:  Getting updates: [133239245]
2023-09-24 02:04:38,269:telegram.bot:DEBUG:  [<telegram.update.Update object at 0x000001C77EDA1A50>]
2023-09-24 02:04:38,269:telegram.bot:DEBUG:  Exiting: get_updates
2023-09-24 02:04:38,269:telegram.bot:DEBUG:  Entering: get_updates
2023-09-24 02:04:38,269:telegram.ext.dispatcher:DEBUG:  Processing Update: {'update_id': 133239245, 'message': {'caption_entities': [], 'supergroup_chat_created': False, 'group_chat_created': False, 'text': '/list', 'message_id': 1268, 'new_chat_members': [], 'delete_chat_photo': False, 'channel_chat_created': False, 'new_chat_photo': [], 'chat': {'username': 'ZeMicah', 'type': 'private', 'first_name': 'Robel', 'id': 5347094985}, 'entities': [{'length': 5, 'offset': 0, 'type': 'bot_command'}], 'date': 1696616143, 'photo': [], 'from': {'username': 'ZeMicah', 'language_code': 'en', 'is_bot': False, 'first_name': 'Robel', 'id': 5347094985}}}
2023-09-24 02:04:38,269:telegram.bot:DEBUG:  Entering: send_message
2023-09-24 02:04:38,899:telegram.bot:DEBUG:  {'caption_entities': [], 'supergroup_chat_created': False, 'group_chat_created': False, 'text': 'Owner       Repository\n1. Expensify       App\n2. tensorflow       tensorflow\n3. ansible       ansible\n4. scrapy       scrapy\n5. matplotlib       matplotlib', 'message_id': 1269, 'new_chat_members': [], 'delete_chat_photo': False, 'channel_chat_created': False, 'new_chat_photo': [], 'chat': {'username': 'ZeMicah', 'type': 'private', 'first_name': 'Robel', 'id': 5347094985}, 'entities': [], 'date': 1696616144, 'photo': [], 'from': {'username': 'IssueNotifiedBot', 'is_bot': True, 'first_name': 'IssueNotified', 'id': 6685183482}}
2023-09-24 02:04:38,899:telegram.bot:DEBUG:  Exiting: send_message
2023-09-24 02:04:48,392:telegram.bot:DEBUG:  No new updates found.
2023-09-24 02:04:48,392:telegram.bot:DEBUG:  []
2023-09-24 02:04:48,392:telegram.bot:DEBUG:  Exiting: get_updates
2023-09-24 02:04:48,392:telegram.bot:DEBUG:  Entering: get_updates
2023-09-24 02:04:58,549:telegram.bot:DEBUG:  No new updates found.
2023-09-24 02:04:58,549:telegram.bot:DEBUG:  []
2023-09-24 02:04:58,549:telegram.bot:DEBUG:  Exiting: get_updates
2023-09-24 02:04:58,549:telegram.bot:DEBUG:  Entering: get_updates
2023-09-24 02:05:08,853:telegram.bot:DEBUG:  No new updates found.
2023-09-24 02:05:08,853:telegram.bot:DEBUG:  []
2023-09-24 02:05:08,861:telegram.bot:DEBUG:  Exiting: get_updates
2023-09-24 02:05:08,862:telegram.bot:DEBUG:  Entering: get_updates
2023-09-24 02:05:19,191:telegram.bot:DEBUG:  No new updates found.
2023-09-24 02:05:19,191:telegram.bot:DEBUG:  []
2023-09-24 02:05:19,191:telegram.bot:DEBUG:  Exiting: get_updates
2023-09-24 02:05:19,191:telegram.bot:DEBUG:  Entering: get_updates
2023-09-24 02:05:29,359:telegram.bot:DEBUG:  No new updates found.
2023-09-24 02:05:29,359:telegram.bot:DEBUG:  []
2023-09-24 02:05:29,359:telegram.bot:DEBUG:  Exiting: get_updates
2023-09-24 02:05:29,359:telegram.bot:DEBUG:  Entering: get_updates
2023-09-24 02:05:40,877:telegram.bot:DEBUG:  No new updates found.
2023-09-24 02:05:40,877:telegram.bot:DEBUG:  []
2023-09-24 02:05:40,877:telegram.bot:DEBUG:  Exiting: get_updates
2023-09-24 02:05:40,877:telegram.bot:DEBUG:  Entering: get_updates
2023-09-24 02:05:52,904:telegram.ext.updater:DEBUG:  Timed out getting Updates: Timed out
2023-09-24 02:05:52,904:telegram.bot:DEBUG:  Entering: get_updates
2023-09-24 02:06:06,083:telegram.bot:DEBUG:  No new updates found.
2023-09-24 02:06:06,083:telegram.bot:DEBUG:  []
2023-09-24 02:06:06,083:telegram.bot:DEBUG:  Exiting: get_updates
2023-09-24 02:06:06,083:telegram.bot:DEBUG:  Entering: get_updates
2023-09-24 02:06:16,237:telegram.bot:DEBUG:  No new updates found.
2023-09-24 02:06:16,237:telegram.bot:DEBUG:  []
2023-09-24 02:06:16,237:telegram.bot:DEBUG:  Exiting: get_updates
2023-09-24 02:06:16,237:telegram.bot:DEBUG:  Entering: get_updates
2023-09-24 02:06:26,386:telegram.bot:DEBUG:  No new updates found.
2023-09-24 02:06:26,386:telegram.bot:DEBUG:  []
2023-09-24 02:06:26,402:telegram.bot:DEBUG:  Exiting: get_updates
2023-09-24 02:06:26,402:telegram.bot:DEBUG:  Entering: get_updates
2023-09-24 02:06:36,559:telegram.bot:DEBUG:  No new updates found.
2023-09-24 02:06:36,559:telegram.bot:DEBUG:  []
2023-09-24 02:06:36,559:telegram.bot:DEBUG:  Exiting: get_updates
2023-09-24 02:06:36,559:telegram.bot:DEBUG:  Entering: get_updates
2023-09-24 02:06:46,689:telegram.bot:DEBUG:  No new updates found.
2023-09-24 02:06:46,689:telegram.bot:DEBUG:  []
2023-09-24 02:06:46,689:telegram.bot:DEBUG:  Exiting: get_updates
2023-09-24 02:06:46,689:telegram.bot:DEBUG:  Entering: get_updates
2023-09-24 02:06:57,269:telegram.bot:DEBUG:  No new updates found.
2023-09-24 02:06:57,269:telegram.bot:DEBUG:  []
2023-09-24 02:06:57,269:telegram.bot:DEBUG:  Exiting: get_updates
2023-09-24 02:06:57,269:telegram.bot:DEBUG:  Entering: get_updates
2023-09-24 02:07:07,837:telegram.bot:DEBUG:  No new updates found.
2023-09-24 02:07:07,837:telegram.bot:DEBUG:  []
2023-09-24 02:07:07,837:telegram.bot:DEBUG:  Exiting: get_updates
2023-09-24 02:07:07,837:telegram.bot:DEBUG:  Entering: get_updates
2023-09-24 02:07:17,998:telegram.bot:DEBUG:  No new updates found.
2023-09-24 02:07:17,998:telegram.bot:DEBUG:  []
2023-09-24 02:07:17,998:telegram.bot:DEBUG:  Exiting: get_updates
2023-09-24 02:07:17,998:telegram.bot:DEBUG:  Entering: get_updates
2023-09-24 02:07:28,161:telegram.bot:DEBUG:  No new updates found.
2023-09-24 02:07:28,162:telegram.bot:DEBUG:  []
2023-09-24 02:07:28,162:telegram.bot:DEBUG:  Exiting: get_updates
2023-09-24 02:07:28,162:telegram.bot:DEBUG:  Entering: get_updates
2023-09-24 02:07:38,276:telegram.bot:DEBUG:  No new updates found.
2023-09-24 02:07:38,276:telegram.bot:DEBUG:  []
2023-09-24 02:07:38,276:telegram.bot:DEBUG:  Exiting: get_updates
2023-09-24 02:07:38,276:telegram.bot:DEBUG:  Entering: get_updates
2023-09-24 02:07:48,767:telegram.bot:DEBUG:  No new updates found.
2023-09-24 02:07:48,767:telegram.bot:DEBUG:  []
2023-09-24 02:07:48,767:telegram.bot:DEBUG:  Exiting: get_updates
2023-09-24 02:07:48,767:telegram.bot:DEBUG:  Entering: get_updates
2023-09-24 02:07:59,253:telegram.bot:DEBUG:  No new updates found.
2023-09-24 02:07:59,253:telegram.bot:DEBUG:  []
2023-09-24 02:07:59,253:telegram.bot:DEBUG:  Exiting: get_updates
2023-09-24 02:07:59,253:telegram.bot:DEBUG:  Entering: get_updates
2023-09-24 02:08:10,390:telegram.bot:DEBUG:  No new updates found.
2023-09-24 02:08:10,390:telegram.bot:DEBUG:  []
2023-09-24 02:08:10,390:telegram.bot:DEBUG:  Exiting: get_updates
2023-09-24 02:08:10,390:telegram.bot:DEBUG:  Entering: get_updates
2023-09-24 02:08:20,561:telegram.bot:DEBUG:  No new updates found.
2023-09-24 02:08:20,561:telegram.bot:DEBUG:  []
2023-09-24 02:08:20,562:telegram.bot:DEBUG:  Exiting: get_updates
2023-09-24 02:08:20,562:telegram.bot:DEBUG:  Entering: get_updates
2023-09-24 02:08:31,347:telegram.bot:DEBUG:  No new updates found.
2023-09-24 02:08:31,347:telegram.bot:DEBUG:  []
2023-09-24 02:08:31,379:telegram.bot:DEBUG:  Exiting: get_updates
2023-09-24 02:08:31,379:telegram.bot:DEBUG:  Entering: get_updates
2023-09-24 02:08:41,700:telegram.bot:DEBUG:  No new updates found.
2023-09-24 02:08:41,700:telegram.bot:DEBUG:  []
2023-09-24 02:08:41,700:telegram.bot:DEBUG:  Exiting: get_updates
2023-09-24 02:08:41,700:telegram.bot:DEBUG:  Entering: get_updates
2023-09-24 02:08:51,847:telegram.bot:DEBUG:  No new updates found.
2023-09-24 02:08:51,847:telegram.bot:DEBUG:  []
2023-09-24 02:08:51,847:telegram.bot:DEBUG:  Exiting: get_updates
2023-09-24 02:08:51,847:telegram.bot:DEBUG:  Entering: get_updates
2023-09-24 02:09:02,026:telegram.bot:DEBUG:  No new updates found.
2023-09-24 02:09:02,026:telegram.bot:DEBUG:  []
2023-09-24 02:09:02,026:telegram.bot:DEBUG:  Exiting: get_updates
2023-09-24 02:09:02,026:telegram.bot:DEBUG:  Entering: get_updates
2023-09-24 02:09:13,333:telegram.bot:DEBUG:  No new updates found.
2023-09-24 02:09:13,333:telegram.bot:DEBUG:  []
2023-09-24 02:09:13,333:telegram.bot:DEBUG:  Exiting: get_updates
2023-09-24 02:09:13,333:telegram.bot:DEBUG:  Entering: get_updates
2023-09-24 02:09:23,469:telegram.bot:DEBUG:  No new updates found.
2023-09-24 02:09:23,469:telegram.bot:DEBUG:  []
2023-09-24 02:09:23,469:telegram.bot:DEBUG:  Exiting: get_updates
2023-09-24 02:09:23,469:telegram.bot:DEBUG:  Entering: get_updates
2023-09-24 02:09:33,622:telegram.bot:DEBUG:  No new updates found.
2023-09-24 02:09:33,622:telegram.bot:DEBUG:  []
2023-09-24 02:09:33,622:telegram.bot:DEBUG:  Exiting: get_updates
2023-09-24 02:09:33,622:telegram.bot:DEBUG:  Entering: get_updates
2023-09-24 02:09:43,788:telegram.bot:DEBUG:  No new updates found.
2023-09-24 02:09:43,788:telegram.bot:DEBUG:  []
2023-09-24 02:09:43,788:telegram.bot:DEBUG:  Exiting: get_updates
2023-09-24 02:09:43,788:telegram.bot:DEBUG:  Entering: get_updates
2023-09-24 02:09:53,922:telegram.bot:DEBUG:  No new updates found.
2023-09-24 02:09:53,922:telegram.bot:DEBUG:  []
2023-09-24 02:09:53,922:telegram.bot:DEBUG:  Exiting: get_updates
2023-09-24 02:09:53,922:telegram.bot:DEBUG:  Entering: get_updates
2023-09-24 02:10:04,276:telegram.bot:DEBUG:  No new updates found.
2023-09-24 02:10:04,277:telegram.bot:DEBUG:  []
2023-09-24 02:10:04,277:telegram.bot:DEBUG:  Exiting: get_updates
2023-09-24 02:10:04,278:telegram.bot:DEBUG:  Entering: get_updates
2023-09-24 02:10:14,392:telegram.bot:DEBUG:  No new updates found.
2023-09-24 02:10:14,392:telegram.bot:DEBUG:  []
2023-09-24 02:10:14,392:telegram.bot:DEBUG:  Exiting: get_updates
2023-09-24 02:10:14,392:telegram.bot:DEBUG:  Entering: get_updates
2023-09-24 02:10:15,013:urllib3.connectionpool:DEBUG:  Starting new HTTPS connection (1): api.github.com:443
2023-09-24 02:10:22,345:urllib3.connectionpool:DEBUG:  https://api.github.com:443 "GET /repos/Expensify/App/issues/events HTTP/1.1" 200 None
2023-09-24 02:10:24,590:telegram.bot:DEBUG:  No new updates found.
2023-09-24 02:10:24,590:telegram.bot:DEBUG:  []
2023-09-24 02:10:24,590:telegram.bot:DEBUG:  Exiting: get_updates
2023-09-24 02:10:24,590:telegram.bot:DEBUG:  Entering: get_updates
2023-09-24 02:10:34,755:telegram.bot:DEBUG:  No new updates found.
2023-09-24 02:10:34,756:telegram.bot:DEBUG:  []
2023-09-24 02:10:34,756:telegram.bot:DEBUG:  Exiting: get_updates
2023-09-24 02:10:34,756:telegram.bot:DEBUG:  Entering: get_updates
2023-09-24 02:10:44,906:telegram.bot:DEBUG:  No new updates found.
2023-09-24 02:10:44,906:telegram.bot:DEBUG:  []
2023-09-24 02:10:44,906:telegram.bot:DEBUG:  Exiting: get_updates
2023-09-24 02:10:44,906:telegram.bot:DEBUG:  Entering: get_updates
2023-09-24 02:10:55,043:telegram.bot:DEBUG:  No new updates found.
2023-09-24 02:10:55,043:telegram.bot:DEBUG:  []
2023-09-24 02:10:55,043:telegram.bot:DEBUG:  Exiting: get_updates
2023-09-24 02:10:55,043:telegram.bot:DEBUG:  Entering: get_updates
2023-09-24 02:11:05,635:telegram.bot:DEBUG:  No new updates found.
2023-09-24 02:11:05,635:telegram.bot:DEBUG:  []
2023-09-24 02:11:05,636:telegram.bot:DEBUG:  Exiting: get_updates
2023-09-24 02:11:05,636:telegram.bot:DEBUG:  Entering: get_updates
2023-09-24 02:11:16,196:telegram.bot:DEBUG:  No new updates found.
2023-09-24 02:11:16,197:telegram.bot:DEBUG:  []
2023-09-24 02:11:16,197:telegram.bot:DEBUG:  Exiting: get_updates
2023-09-24 02:11:16,198:telegram.bot:DEBUG:  Entering: get_updates
2023-09-24 02:11:26,362:telegram.bot:DEBUG:  No new updates found.
2023-09-24 02:11:26,362:telegram.bot:DEBUG:  []
2023-09-24 02:11:26,362:telegram.bot:DEBUG:  Exiting: get_updates
2023-09-24 02:11:26,362:telegram.bot:DEBUG:  Entering: get_updates
2023-09-24 02:11:36,520:telegram.bot:DEBUG:  No new updates found.
2023-09-24 02:11:36,520:telegram.bot:DEBUG:  []
2023-09-24 02:11:36,520:telegram.bot:DEBUG:  Exiting: get_updates
2023-09-24 02:11:36,520:telegram.bot:DEBUG:  Entering: get_updates
2023-09-24 02:11:47,069:telegram.bot:DEBUG:  No new updates found.
2023-09-24 02:11:47,069:telegram.bot:DEBUG:  []
2023-09-24 02:11:47,069:telegram.bot:DEBUG:  Exiting: get_updates
2023-09-24 02:11:47,085:telegram.bot:DEBUG:  Entering: get_updates
2023-09-24 02:11:57,631:telegram.bot:DEBUG:  No new updates found.
2023-09-24 02:11:57,631:telegram.bot:DEBUG:  []
2023-09-24 02:11:57,631:telegram.bot:DEBUG:  Exiting: get_updates
2023-09-24 02:11:57,631:telegram.bot:DEBUG:  Entering: get_updates
2023-09-24 02:12:07,765:telegram.bot:DEBUG:  No new updates found.
2023-09-24 02:12:07,765:telegram.bot:DEBUG:  []
2023-09-24 02:12:07,765:telegram.bot:DEBUG:  Exiting: get_updates
2023-09-24 02:12:07,765:telegram.bot:DEBUG:  Entering: get_updates
2023-09-24 02:12:18,828:telegram.bot:DEBUG:  No new updates found.
2023-09-24 02:12:18,828:telegram.bot:DEBUG:  []
2023-09-24 02:12:18,828:telegram.bot:DEBUG:  Exiting: get_updates
2023-09-24 02:12:18,828:telegram.bot:DEBUG:  Entering: get_updates
2023-09-24 02:12:28,987:telegram.bot:DEBUG:  No new updates found.
2023-09-24 02:12:28,987:telegram.bot:DEBUG:  []
2023-09-24 02:12:28,987:telegram.bot:DEBUG:  Exiting: get_updates
2023-09-24 02:12:28,987:telegram.bot:DEBUG:  Entering: get_updates
2023-09-24 02:12:39,146:telegram.bot:DEBUG:  No new updates found.
2023-09-24 02:12:39,146:telegram.bot:DEBUG:  []
2023-09-24 02:12:39,146:telegram.bot:DEBUG:  Exiting: get_updates
2023-09-24 02:12:39,146:telegram.bot:DEBUG:  Entering: get_updates
2023-09-24 02:12:49,288:telegram.bot:DEBUG:  No new updates found.
2023-09-24 02:12:49,288:telegram.bot:DEBUG:  []
2023-09-24 02:12:49,289:telegram.bot:DEBUG:  Exiting: get_updates
2023-09-24 02:12:49,289:telegram.bot:DEBUG:  Entering: get_updates
2023-09-24 02:12:59,435:telegram.bot:DEBUG:  No new updates found.
2023-09-24 02:12:59,435:telegram.bot:DEBUG:  []
2023-09-24 02:12:59,435:telegram.bot:DEBUG:  Exiting: get_updates
2023-09-24 02:12:59,435:telegram.bot:DEBUG:  Entering: get_updates
2023-09-24 02:13:09,626:telegram.bot:DEBUG:  No new updates found.
2023-09-24 02:13:09,626:telegram.bot:DEBUG:  []
2023-09-24 02:13:09,626:telegram.bot:DEBUG:  Exiting: get_updates
2023-09-24 02:13:09,626:telegram.bot:DEBUG:  Entering: get_updates
2023-09-24 02:13:19,792:telegram.bot:DEBUG:  No new updates found.
2023-09-24 02:13:19,792:telegram.bot:DEBUG:  []
2023-09-24 02:13:19,792:telegram.bot:DEBUG:  Exiting: get_updates
2023-09-24 02:13:19,792:telegram.bot:DEBUG:  Entering: get_updates
2023-09-24 02:13:29,918:telegram.bot:DEBUG:  No new updates found.
2023-09-24 02:13:29,918:telegram.bot:DEBUG:  []
2023-09-24 02:13:29,918:telegram.bot:DEBUG:  Exiting: get_updates
2023-09-24 02:13:29,918:telegram.bot:DEBUG:  Entering: get_updates
2023-09-24 02:13:40,125:telegram.bot:DEBUG:  No new updates found.
2023-09-24 02:13:40,125:telegram.bot:DEBUG:  []
2023-09-24 02:13:40,125:telegram.bot:DEBUG:  Exiting: get_updates
2023-09-24 02:13:40,125:telegram.bot:DEBUG:  Entering: get_updates
2023-09-24 02:13:50,298:telegram.bot:DEBUG:  No new updates found.
2023-09-24 02:13:50,298:telegram.bot:DEBUG:  []
2023-09-24 02:13:50,298:telegram.bot:DEBUG:  Exiting: get_updates
2023-09-24 02:13:50,298:telegram.bot:DEBUG:  Entering: get_updates
2023-09-24 02:14:00,564:telegram.bot:DEBUG:  No new updates found.
2023-09-24 02:14:00,564:telegram.bot:DEBUG:  []
2023-09-24 02:14:00,564:telegram.bot:DEBUG:  Exiting: get_updates
2023-09-24 02:14:00,564:telegram.bot:DEBUG:  Entering: get_updates
2023-09-24 02:14:11,002:telegram.bot:DEBUG:  No new updates found.
2023-09-24 02:14:11,003:telegram.bot:DEBUG:  []
2023-09-24 02:14:11,003:telegram.bot:DEBUG:  Exiting: get_updates
2023-09-24 02:14:11,003:telegram.bot:DEBUG:  Entering: get_updates
2023-09-24 02:14:21,125:telegram.bot:DEBUG:  No new updates found.
2023-09-24 02:14:21,125:telegram.bot:DEBUG:  []
2023-09-24 02:14:21,125:telegram.bot:DEBUG:  Exiting: get_updates
2023-09-24 02:14:21,125:telegram.bot:DEBUG:  Entering: get_updates
2023-09-24 02:14:31,250:telegram.bot:DEBUG:  No new updates found.
2023-09-24 02:14:31,250:telegram.bot:DEBUG:  []
2023-09-24 02:14:31,250:telegram.bot:DEBUG:  Exiting: get_updates
2023-09-24 02:14:31,250:telegram.bot:DEBUG:  Entering: get_updates
2023-09-24 02:14:42,027:telegram.bot:DEBUG:  No new updates found.
2023-09-24 02:14:42,027:telegram.bot:DEBUG:  []
2023-09-24 02:14:42,027:telegram.bot:DEBUG:  Exiting: get_updates
2023-09-24 02:14:42,027:telegram.bot:DEBUG:  Entering: get_updates
2023-09-24 02:14:52,191:telegram.bot:DEBUG:  No new updates found.
2023-09-24 02:14:52,191:telegram.bot:DEBUG:  []
2023-09-24 02:14:52,191:telegram.bot:DEBUG:  Exiting: get_updates
2023-09-24 02:14:52,191:telegram.bot:DEBUG:  Entering: get_updates
2023-09-24 02:15:02,385:telegram.bot:DEBUG:  No new updates found.
2023-09-24 02:15:02,386:telegram.bot:DEBUG:  []
2023-09-24 02:15:02,386:telegram.bot:DEBUG:  Exiting: get_updates
2023-09-24 02:15:02,386:telegram.bot:DEBUG:  Entering: get_updates
2023-09-24 02:15:12,597:telegram.bot:DEBUG:  No new updates found.
2023-09-24 02:15:12,597:telegram.bot:DEBUG:  []
2023-09-24 02:15:12,598:telegram.bot:DEBUG:  Exiting: get_updates
2023-09-24 02:15:12,598:telegram.bot:DEBUG:  Entering: get_updates
2023-09-24 02:15:22,766:telegram.bot:DEBUG:  No new updates found.
2023-09-24 02:15:22,766:telegram.bot:DEBUG:  []
2023-09-24 02:15:22,767:telegram.bot:DEBUG:  Exiting: get_updates
2023-09-24 02:15:22,768:telegram.bot:DEBUG:  Entering: get_updates
2023-09-24 02:15:33,409:telegram.bot:DEBUG:  No new updates found.
2023-09-24 02:15:33,410:telegram.bot:DEBUG:  []
2023-09-24 02:15:33,410:telegram.bot:DEBUG:  Exiting: get_updates
2023-09-24 02:15:33,410:telegram.bot:DEBUG:  Entering: get_updates
2023-09-24 02:16:34,646:telegram.ext.dispatcher:DEBUG:  Setting singleton dispatcher as <telegram.ext.dispatcher.Dispatcher object at 0x000001EA22CAD230>
2023-09-24 02:16:34,702:apscheduler.scheduler:INFO:  Scheduler started
2023-09-24 02:16:34,703:apscheduler.scheduler:DEBUG:  Looking for jobs to run
2023-09-24 02:16:34,703:telegram.bot:DEBUG:  Entering: get_me
2023-09-24 02:16:34,704:apscheduler.scheduler:DEBUG:  No jobs; waiting until a job is added
2023-09-24 02:16:37,897:telegram.bot:DEBUG:  {'is_bot': True, 'first_name': 'IssueNotified', 'id': 6685183482, 'username': 'IssueNotifiedBot', 'can_join_groups': False, 'supports_inline_queries': False, 'can_read_all_group_messages': False}
2023-09-24 02:16:37,897:telegram.bot:DEBUG:  Exiting: get_me
2023-09-24 02:16:38,182:telegram.ext.updater:DEBUG:  Bot:6685183482:dispatcher - started
2023-09-24 02:16:38,190:telegram.ext.updater:DEBUG:  Bot:6685183482:updater - started
2023-09-24 02:16:38,191:telegram.ext.updater:DEBUG:  Waiting for Dispatcher and polling to start
2023-09-24 02:16:38,191:telegram.ext.updater:DEBUG:  Updater thread started (polling)
2023-09-24 02:16:38,191:telegram.ext.updater:DEBUG:  Start network loop retry bootstrap del webhook
2023-09-24 02:16:38,192:telegram.ext.updater:DEBUG:  Deleting webhook
2023-09-24 02:16:38,192:telegram.bot:DEBUG:  Entering: delete_webhook
2023-09-24 02:16:38,202:telegram.ext.dispatcher:DEBUG:  Dispatcher started
2023-09-24 02:16:38,438:telegram.bot:DEBUG:  True
2023-09-24 02:16:38,439:telegram.bot:DEBUG:  Exiting: delete_webhook
2023-09-24 02:16:38,439:telegram.ext.updater:DEBUG:  Bootstrap done
2023-09-24 02:16:38,440:telegram.ext.updater:DEBUG:  Start network loop retry getting Updates
2023-09-24 02:16:38,440:telegram.bot:DEBUG:  Entering: get_updates
2023-09-24 02:16:48,996:telegram.bot:DEBUG:  No new updates found.
2023-09-24 02:16:48,996:telegram.bot:DEBUG:  []
2023-09-24 02:16:48,997:telegram.bot:DEBUG:  Exiting: get_updates
2023-09-24 02:16:48,997:telegram.bot:DEBUG:  Entering: get_updates
2023-09-24 02:16:59,155:telegram.bot:DEBUG:  No new updates found.
2023-09-24 02:16:59,155:telegram.bot:DEBUG:  []
2023-09-24 02:16:59,155:telegram.bot:DEBUG:  Exiting: get_updates
2023-09-24 02:16:59,155:telegram.bot:DEBUG:  Entering: get_updates
2023-09-24 02:17:09,636:telegram.bot:DEBUG:  No new updates found.
2023-09-24 02:17:09,636:telegram.bot:DEBUG:  []
2023-09-24 02:17:09,637:telegram.bot:DEBUG:  Exiting: get_updates
2023-09-24 02:17:09,637:telegram.bot:DEBUG:  Entering: get_updates
2023-09-24 02:17:20,115:telegram.bot:DEBUG:  No new updates found.
2023-09-24 02:17:20,116:telegram.bot:DEBUG:  []
2023-09-24 02:17:20,116:telegram.bot:DEBUG:  Exiting: get_updates
2023-09-24 02:17:20,116:telegram.bot:DEBUG:  Entering: get_updates
2023-09-24 02:17:30,276:telegram.bot:DEBUG:  No new updates found.
2023-09-24 02:17:30,276:telegram.bot:DEBUG:  []
2023-09-24 02:17:30,277:telegram.bot:DEBUG:  Exiting: get_updates
2023-09-24 02:17:30,277:telegram.bot:DEBUG:  Entering: get_updates
2023-09-24 02:17:41,036:telegram.bot:DEBUG:  No new updates found.
2023-09-24 02:17:41,037:telegram.bot:DEBUG:  []
2023-09-24 02:17:41,038:telegram.bot:DEBUG:  Exiting: get_updates
2023-09-24 02:17:41,038:telegram.bot:DEBUG:  Entering: get_updates
2023-09-24 02:17:51,302:telegram.bot:DEBUG:  No new updates found.
2023-09-24 02:17:51,302:telegram.bot:DEBUG:  []
2023-09-24 02:17:51,302:telegram.bot:DEBUG:  Exiting: get_updates
2023-09-24 02:17:51,302:telegram.bot:DEBUG:  Entering: get_updates
2023-09-24 02:18:01,504:telegram.bot:DEBUG:  No new updates found.
2023-09-24 02:18:01,504:telegram.bot:DEBUG:  []
2023-09-24 02:18:01,504:telegram.bot:DEBUG:  Exiting: get_updates
2023-09-24 02:18:01,504:telegram.bot:DEBUG:  Entering: get_updates
2023-09-24 02:18:11,660:telegram.bot:DEBUG:  No new updates found.
2023-09-24 02:18:11,660:telegram.bot:DEBUG:  []
2023-09-24 02:18:11,660:telegram.bot:DEBUG:  Exiting: get_updates
2023-09-24 02:18:11,660:telegram.bot:DEBUG:  Entering: get_updates
2023-09-24 02:18:22,232:telegram.bot:DEBUG:  No new updates found.
2023-09-24 02:18:22,233:telegram.bot:DEBUG:  []
2023-09-24 02:18:22,233:telegram.bot:DEBUG:  Exiting: get_updates
2023-09-24 02:18:22,233:telegram.bot:DEBUG:  Entering: get_updates
2023-09-24 02:18:32,347:telegram.bot:DEBUG:  No new updates found.
2023-09-24 02:18:32,347:telegram.bot:DEBUG:  []
2023-09-24 02:18:32,347:telegram.bot:DEBUG:  Exiting: get_updates
2023-09-24 02:18:32,347:telegram.bot:DEBUG:  Entering: get_updates
2023-09-24 02:18:42,552:telegram.bot:DEBUG:  No new updates found.
2023-09-24 02:18:42,553:telegram.bot:DEBUG:  []
2023-09-24 02:18:42,553:telegram.bot:DEBUG:  Exiting: get_updates
2023-09-24 02:18:42,553:telegram.bot:DEBUG:  Entering: get_updates
2023-09-24 02:18:52,691:telegram.bot:DEBUG:  No new updates found.
2023-09-24 02:18:52,691:telegram.bot:DEBUG:  []
2023-09-24 02:18:52,691:telegram.bot:DEBUG:  Exiting: get_updates
2023-09-24 02:18:52,691:telegram.bot:DEBUG:  Entering: get_updates
2023-09-24 02:19:02,868:telegram.bot:DEBUG:  No new updates found.
2023-09-24 02:19:02,868:telegram.bot:DEBUG:  []
2023-09-24 02:19:02,868:telegram.bot:DEBUG:  Exiting: get_updates
2023-09-24 02:19:02,868:telegram.bot:DEBUG:  Entering: get_updates
2023-09-24 02:19:13,029:telegram.bot:DEBUG:  No new updates found.
2023-09-24 02:19:13,029:telegram.bot:DEBUG:  []
2023-09-24 02:19:13,029:telegram.bot:DEBUG:  Exiting: get_updates
2023-09-24 02:19:13,029:telegram.bot:DEBUG:  Entering: get_updates
2023-09-24 02:19:23,190:telegram.bot:DEBUG:  No new updates found.
2023-09-24 02:19:23,190:telegram.bot:DEBUG:  []
2023-09-24 02:19:23,191:telegram.bot:DEBUG:  Exiting: get_updates
2023-09-24 02:19:23,191:telegram.bot:DEBUG:  Entering: get_updates
2023-09-24 02:19:33,352:telegram.bot:DEBUG:  No new updates found.
2023-09-24 02:19:33,352:telegram.bot:DEBUG:  []
2023-09-24 02:19:33,352:telegram.bot:DEBUG:  Exiting: get_updates
2023-09-24 02:19:33,353:telegram.bot:DEBUG:  Entering: get_updates
2023-09-24 02:19:43,912:telegram.bot:DEBUG:  No new updates found.
2023-09-24 02:19:43,912:telegram.bot:DEBUG:  []
2023-09-24 02:19:43,912:telegram.bot:DEBUG:  Exiting: get_updates
2023-09-24 02:19:43,912:telegram.bot:DEBUG:  Entering: get_updates
2023-09-24 02:19:54,057:telegram.bot:DEBUG:  No new updates found.
2023-09-24 02:19:54,057:telegram.bot:DEBUG:  []
2023-09-24 02:19:54,057:telegram.bot:DEBUG:  Exiting: get_updates
2023-09-24 02:19:54,057:telegram.bot:DEBUG:  Entering: get_updates
2023-09-24 02:20:04,228:telegram.bot:DEBUG:  No new updates found.
2023-09-24 02:20:04,229:telegram.bot:DEBUG:  []
2023-09-24 02:20:04,229:telegram.bot:DEBUG:  Exiting: get_updates
2023-09-24 02:20:04,229:telegram.bot:DEBUG:  Entering: get_updates
2023-09-24 02:20:14,352:telegram.bot:DEBUG:  No new updates found.
2023-09-24 02:20:14,352:telegram.bot:DEBUG:  []
2023-09-24 02:20:14,352:telegram.bot:DEBUG:  Exiting: get_updates
2023-09-24 02:20:14,352:telegram.bot:DEBUG:  Entering: get_updates
2023-09-24 02:20:24,549:telegram.bot:DEBUG:  No new updates found.
2023-09-24 02:20:24,550:telegram.bot:DEBUG:  []
2023-09-24 02:20:24,550:telegram.bot:DEBUG:  Exiting: get_updates
2023-09-24 02:20:24,550:telegram.bot:DEBUG:  Entering: get_updates
2023-09-24 02:20:34,717:telegram.bot:DEBUG:  No new updates found.
2023-09-24 02:20:34,718:telegram.bot:DEBUG:  []
2023-09-24 02:20:34,718:telegram.bot:DEBUG:  Exiting: get_updates
2023-09-24 02:20:34,718:telegram.bot:DEBUG:  Entering: get_updates
2023-09-24 02:20:44,877:telegram.bot:DEBUG:  No new updates found.
2023-09-24 02:20:44,877:telegram.bot:DEBUG:  []
2023-09-24 02:20:44,877:telegram.bot:DEBUG:  Exiting: get_updates
2023-09-24 02:20:44,878:telegram.bot:DEBUG:  Entering: get_updates
2023-09-24 02:20:55,029:telegram.bot:DEBUG:  No new updates found.
2023-09-24 02:20:55,029:telegram.bot:DEBUG:  []
2023-09-24 02:20:55,030:telegram.bot:DEBUG:  Exiting: get_updates
2023-09-24 02:20:55,030:telegram.bot:DEBUG:  Entering: get_updates
2023-09-24 02:21:05,190:telegram.bot:DEBUG:  No new updates found.
2023-09-24 02:21:05,190:telegram.bot:DEBUG:  []
2023-09-24 02:21:05,190:telegram.bot:DEBUG:  Exiting: get_updates
2023-09-24 02:21:05,191:telegram.bot:DEBUG:  Entering: get_updates
2023-09-24 02:21:15,793:telegram.bot:DEBUG:  No new updates found.
2023-09-24 02:21:15,793:telegram.bot:DEBUG:  []
2023-09-24 02:21:15,793:telegram.bot:DEBUG:  Exiting: get_updates
2023-09-24 02:21:15,793:telegram.bot:DEBUG:  Entering: get_updates
2023-09-24 02:21:26,150:telegram.bot:DEBUG:  No new updates found.
2023-09-24 02:21:26,150:telegram.bot:DEBUG:  []
2023-09-24 02:21:26,150:telegram.bot:DEBUG:  Exiting: get_updates
2023-09-24 02:21:26,151:telegram.bot:DEBUG:  Entering: get_updates
2023-09-24 02:21:36,309:telegram.bot:DEBUG:  No new updates found.
2023-09-24 02:21:36,309:telegram.bot:DEBUG:  []
2023-09-24 02:21:36,309:telegram.bot:DEBUG:  Exiting: get_updates
2023-09-24 02:21:36,310:telegram.bot:DEBUG:  Entering: get_updates
2023-09-24 02:21:46,449:telegram.bot:DEBUG:  No new updates found.
2023-09-24 02:21:46,449:telegram.bot:DEBUG:  []
2023-09-24 02:21:46,450:telegram.bot:DEBUG:  Exiting: get_updates
2023-09-24 02:21:46,450:telegram.bot:DEBUG:  Entering: get_updates
2023-09-24 02:21:56,675:telegram.bot:DEBUG:  No new updates found.
2023-09-24 02:21:56,675:telegram.bot:DEBUG:  []
2023-09-24 02:21:56,675:telegram.bot:DEBUG:  Exiting: get_updates
2023-09-24 02:21:56,675:telegram.bot:DEBUG:  Entering: get_updates
2023-09-24 02:22:07,149:telegram.bot:DEBUG:  No new updates found.
2023-09-24 02:22:07,149:telegram.bot:DEBUG:  []
2023-09-24 02:22:07,150:telegram.bot:DEBUG:  Exiting: get_updates
2023-09-24 02:22:07,150:telegram.bot:DEBUG:  Entering: get_updates
2023-09-24 02:22:17,357:telegram.bot:DEBUG:  No new updates found.
2023-09-24 02:22:17,358:telegram.bot:DEBUG:  []
2023-09-24 02:22:17,358:telegram.bot:DEBUG:  Exiting: get_updates
2023-09-24 02:22:17,359:telegram.bot:DEBUG:  Entering: get_updates
2023-09-24 02:22:27,509:telegram.bot:DEBUG:  No new updates found.
2023-09-24 02:22:27,509:telegram.bot:DEBUG:  []
2023-09-24 02:22:27,510:telegram.bot:DEBUG:  Exiting: get_updates
2023-09-24 02:22:27,510:telegram.bot:DEBUG:  Entering: get_updates
2023-09-24 02:22:37,631:telegram.bot:DEBUG:  No new updates found.
2023-09-24 02:22:37,631:telegram.bot:DEBUG:  []
2023-09-24 02:22:37,631:telegram.bot:DEBUG:  Exiting: get_updates
2023-09-24 02:22:37,631:telegram.bot:DEBUG:  Entering: get_updates
2023-09-24 02:22:47,762:telegram.bot:DEBUG:  No new updates found.
2023-09-24 02:22:47,762:telegram.bot:DEBUG:  []
2023-09-24 02:22:47,762:telegram.bot:DEBUG:  Exiting: get_updates
2023-09-24 02:22:47,762:telegram.bot:DEBUG:  Entering: get_updates
2023-09-24 02:22:57,914:telegram.bot:DEBUG:  No new updates found.
2023-09-24 02:22:57,914:telegram.bot:DEBUG:  []
2023-09-24 02:22:57,914:telegram.bot:DEBUG:  Exiting: get_updates
2023-09-24 02:22:57,914:telegram.bot:DEBUG:  Entering: get_updates
2023-09-24 02:23:08,070:telegram.bot:DEBUG:  No new updates found.
2023-09-24 02:23:08,071:telegram.bot:DEBUG:  []
2023-09-24 02:23:08,071:telegram.bot:DEBUG:  Exiting: get_updates
2023-09-24 02:23:08,071:telegram.bot:DEBUG:  Entering: get_updates
2023-09-24 02:23:18,216:telegram.bot:DEBUG:  No new updates found.
2023-09-24 02:23:18,216:telegram.bot:DEBUG:  []
2023-09-24 02:23:18,216:telegram.bot:DEBUG:  Exiting: get_updates
2023-09-24 02:23:18,231:telegram.bot:DEBUG:  Entering: get_updates
2023-09-24 02:23:28,393:telegram.bot:DEBUG:  No new updates found.
2023-09-24 02:23:28,394:telegram.bot:DEBUG:  []
2023-09-24 02:23:28,394:telegram.bot:DEBUG:  Exiting: get_updates
2023-09-24 02:23:28,394:telegram.bot:DEBUG:  Entering: get_updates
2023-09-24 02:23:38,569:telegram.bot:DEBUG:  No new updates found.
2023-09-24 02:23:38,569:telegram.bot:DEBUG:  []
2023-09-24 02:23:38,569:telegram.bot:DEBUG:  Exiting: get_updates
2023-09-24 02:23:38,570:telegram.bot:DEBUG:  Entering: get_updates
2023-09-24 02:23:48,692:telegram.bot:DEBUG:  No new updates found.
2023-09-24 02:23:48,692:telegram.bot:DEBUG:  []
2023-09-24 02:23:48,692:telegram.bot:DEBUG:  Exiting: get_updates
2023-09-24 02:23:48,693:telegram.bot:DEBUG:  Entering: get_updates
2023-09-24 02:23:58,819:telegram.bot:DEBUG:  No new updates found.
2023-09-24 02:23:58,819:telegram.bot:DEBUG:  []
2023-09-24 02:23:58,833:telegram.bot:DEBUG:  Exiting: get_updates
2023-09-24 02:23:58,835:telegram.bot:DEBUG:  Entering: get_updates
2023-09-24 02:24:09,334:telegram.bot:DEBUG:  No new updates found.
2023-09-24 02:24:09,335:telegram.bot:DEBUG:  []
2023-09-24 02:24:09,335:telegram.bot:DEBUG:  Exiting: get_updates
2023-09-24 02:24:09,335:telegram.bot:DEBUG:  Entering: get_updates
2023-09-24 02:24:19,518:telegram.bot:DEBUG:  No new updates found.
2023-09-24 02:24:19,518:telegram.bot:DEBUG:  []
2023-09-24 02:24:19,519:telegram.bot:DEBUG:  Exiting: get_updates
2023-09-24 02:24:19,519:telegram.bot:DEBUG:  Entering: get_updates
2023-09-24 02:24:29,657:telegram.bot:DEBUG:  No new updates found.
2023-09-24 02:24:29,657:telegram.bot:DEBUG:  []
2023-09-24 02:24:29,657:telegram.bot:DEBUG:  Exiting: get_updates
2023-09-24 02:24:29,658:telegram.bot:DEBUG:  Entering: get_updates
2023-09-24 02:24:40,111:telegram.bot:DEBUG:  No new updates found.
2023-09-24 02:24:40,111:telegram.bot:DEBUG:  []
2023-09-24 02:24:40,111:telegram.bot:DEBUG:  Exiting: get_updates
2023-09-24 02:24:40,112:telegram.bot:DEBUG:  Entering: get_updates
2023-09-24 02:24:50,359:telegram.bot:DEBUG:  No new updates found.
2023-09-24 02:24:50,360:telegram.bot:DEBUG:  []
2023-09-24 02:24:50,360:telegram.bot:DEBUG:  Exiting: get_updates
2023-09-24 02:24:50,360:telegram.bot:DEBUG:  Entering: get_updates
2023-09-24 02:25:00,826:telegram.bot:DEBUG:  No new updates found.
2023-09-24 02:25:00,827:telegram.bot:DEBUG:  []
2023-09-24 02:25:00,827:telegram.bot:DEBUG:  Exiting: get_updates
2023-09-24 02:25:00,828:telegram.bot:DEBUG:  Entering: get_updates
2023-09-24 02:25:10,992:telegram.bot:DEBUG:  No new updates found.
2023-09-24 02:25:10,992:telegram.bot:DEBUG:  []
2023-09-24 02:25:10,992:telegram.bot:DEBUG:  Exiting: get_updates
2023-09-24 02:25:10,992:telegram.bot:DEBUG:  Entering: get_updates
2023-09-24 02:25:21,161:telegram.bot:DEBUG:  No new updates found.
2023-09-24 02:25:21,162:telegram.bot:DEBUG:  []
2023-09-24 02:25:21,162:telegram.bot:DEBUG:  Exiting: get_updates
2023-09-24 02:25:21,163:telegram.bot:DEBUG:  Entering: get_updates
2023-09-24 02:25:31,292:telegram.bot:DEBUG:  No new updates found.
2023-09-24 02:25:31,292:telegram.bot:DEBUG:  []
2023-09-24 02:25:31,292:telegram.bot:DEBUG:  Exiting: get_updates
2023-09-24 02:25:31,293:telegram.bot:DEBUG:  Entering: get_updates
2023-09-24 02:25:41,429:telegram.bot:DEBUG:  No new updates found.
2023-09-24 02:25:41,429:telegram.bot:DEBUG:  []
2023-09-24 02:25:41,429:telegram.bot:DEBUG:  Exiting: get_updates
2023-09-24 02:25:41,429:telegram.bot:DEBUG:  Entering: get_updates
2023-09-24 02:25:51,556:telegram.bot:DEBUG:  No new updates found.
2023-09-24 02:25:51,557:telegram.bot:DEBUG:  []
2023-09-24 02:25:51,558:telegram.bot:DEBUG:  Exiting: get_updates
2023-09-24 02:25:51,558:telegram.bot:DEBUG:  Entering: get_updates
2023-09-24 02:26:01,729:telegram.bot:DEBUG:  No new updates found.
2023-09-24 02:26:01,730:telegram.bot:DEBUG:  []
2023-09-24 02:26:01,730:telegram.bot:DEBUG:  Exiting: get_updates
2023-09-24 02:26:01,730:telegram.bot:DEBUG:  Entering: get_updates
2023-09-24 02:26:11,910:telegram.bot:DEBUG:  No new updates found.
2023-09-24 02:26:11,911:telegram.bot:DEBUG:  []
2023-09-24 02:26:11,911:telegram.bot:DEBUG:  Exiting: get_updates
2023-09-24 02:26:11,911:telegram.bot:DEBUG:  Entering: get_updates
2023-09-24 02:27:33,307:telegram.bot:DEBUG:  No new updates found.
2023-09-24 02:27:33,307:telegram.bot:DEBUG:  []
2023-09-24 02:27:33,308:telegram.bot:DEBUG:  Exiting: get_updates
2023-09-24 02:27:33,308:telegram.bot:DEBUG:  Entering: get_updates
2023-09-24 02:27:43,442:telegram.bot:DEBUG:  No new updates found.
2023-09-24 02:27:43,442:telegram.bot:DEBUG:  []
2023-09-24 02:27:43,443:telegram.bot:DEBUG:  Exiting: get_updates
2023-09-24 02:27:43,443:telegram.bot:DEBUG:  Entering: get_updates
2023-09-24 02:27:53,591:telegram.bot:DEBUG:  No new updates found.
2023-09-24 02:27:53,591:telegram.bot:DEBUG:  []
2023-09-24 02:27:53,591:telegram.bot:DEBUG:  Exiting: get_updates
2023-09-24 02:27:53,591:telegram.bot:DEBUG:  Entering: get_updates
2023-09-24 02:28:04,107:telegram.bot:DEBUG:  No new updates found.
2023-09-24 02:28:04,108:telegram.bot:DEBUG:  []
2023-09-24 02:28:04,108:telegram.bot:DEBUG:  Exiting: get_updates
2023-09-24 02:28:04,108:telegram.bot:DEBUG:  Entering: get_updates
2023-09-24 02:28:14,315:telegram.bot:DEBUG:  No new updates found.
2023-09-24 02:28:14,316:telegram.bot:DEBUG:  []
2023-09-24 02:28:14,316:telegram.bot:DEBUG:  Exiting: get_updates
2023-09-24 02:28:14,317:telegram.bot:DEBUG:  Entering: get_updates
2023-09-24 02:28:24,469:telegram.bot:DEBUG:  No new updates found.
2023-09-24 02:28:24,469:telegram.bot:DEBUG:  []
2023-09-24 02:28:24,469:telegram.bot:DEBUG:  Exiting: get_updates
2023-09-24 02:28:24,469:telegram.bot:DEBUG:  Entering: get_updates
2023-09-24 02:28:34,614:telegram.bot:DEBUG:  No new updates found.
2023-09-24 02:28:34,614:telegram.bot:DEBUG:  []
2023-09-24 02:28:34,614:telegram.bot:DEBUG:  Exiting: get_updates
2023-09-24 02:28:34,614:telegram.bot:DEBUG:  Entering: get_updates
2023-09-24 02:28:44,837:telegram.bot:DEBUG:  No new updates found.
2023-09-24 02:28:44,837:telegram.bot:DEBUG:  []
2023-09-24 02:28:44,837:telegram.bot:DEBUG:  Exiting: get_updates
2023-09-24 02:28:44,837:telegram.bot:DEBUG:  Entering: get_updates
2023-09-24 02:28:55,030:telegram.bot:DEBUG:  No new updates found.
2023-09-24 02:28:55,030:telegram.bot:DEBUG:  []
2023-09-24 02:28:55,031:telegram.bot:DEBUG:  Exiting: get_updates
2023-09-24 02:28:55,031:telegram.bot:DEBUG:  Entering: get_updates
2023-09-24 02:29:05,157:telegram.bot:DEBUG:  No new updates found.
2023-09-24 02:29:05,157:telegram.bot:DEBUG:  []
2023-09-24 02:29:05,157:telegram.bot:DEBUG:  Exiting: get_updates
2023-09-24 02:29:05,157:telegram.bot:DEBUG:  Entering: get_updates
2023-09-24 02:29:15,351:telegram.bot:DEBUG:  No new updates found.
2023-09-24 02:29:15,352:telegram.bot:DEBUG:  []
2023-09-24 02:29:15,352:telegram.bot:DEBUG:  Exiting: get_updates
2023-09-24 02:29:15,352:telegram.bot:DEBUG:  Entering: get_updates
2023-09-24 02:29:25,497:telegram.bot:DEBUG:  No new updates found.
2023-09-24 02:29:25,497:telegram.bot:DEBUG:  []
2023-09-24 02:29:25,497:telegram.bot:DEBUG:  Exiting: get_updates
2023-09-24 02:29:25,497:telegram.bot:DEBUG:  Entering: get_updates
2023-09-24 02:29:35,992:telegram.bot:DEBUG:  No new updates found.
2023-09-24 02:29:35,992:telegram.bot:DEBUG:  []
2023-09-24 02:29:35,992:telegram.bot:DEBUG:  Exiting: get_updates
2023-09-24 02:29:35,992:telegram.bot:DEBUG:  Entering: get_updates
2023-09-24 02:29:46,153:telegram.bot:DEBUG:  No new updates found.
2023-09-24 02:29:46,153:telegram.bot:DEBUG:  []
2023-09-24 02:29:46,154:telegram.bot:DEBUG:  Exiting: get_updates
2023-09-24 02:29:46,154:telegram.bot:DEBUG:  Entering: get_updates
2023-09-24 02:29:56,307:telegram.bot:DEBUG:  No new updates found.
2023-09-24 02:29:56,307:telegram.bot:DEBUG:  []
2023-09-24 02:29:56,307:telegram.bot:DEBUG:  Exiting: get_updates
2023-09-24 02:29:56,307:telegram.bot:DEBUG:  Entering: get_updates
2023-09-24 02:30:06,465:telegram.bot:DEBUG:  No new updates found.
2023-09-24 02:30:06,465:telegram.bot:DEBUG:  []
2023-09-24 02:30:06,465:telegram.bot:DEBUG:  Exiting: get_updates
2023-09-24 02:30:06,465:telegram.bot:DEBUG:  Entering: get_updates
2023-09-24 02:30:17,256:telegram.bot:DEBUG:  No new updates found.
2023-09-24 02:30:17,257:telegram.bot:DEBUG:  []
2023-09-24 02:30:17,257:telegram.bot:DEBUG:  Exiting: get_updates
2023-09-24 02:30:17,257:telegram.bot:DEBUG:  Entering: get_updates
2023-09-24 02:30:27,431:telegram.bot:DEBUG:  No new updates found.
2023-09-24 02:30:27,431:telegram.bot:DEBUG:  []
2023-09-24 02:30:27,432:telegram.bot:DEBUG:  Exiting: get_updates
2023-09-24 02:30:27,432:telegram.bot:DEBUG:  Entering: get_updates
2023-09-24 02:30:37,603:telegram.bot:DEBUG:  No new updates found.
2023-09-24 02:30:37,603:telegram.bot:DEBUG:  []
2023-09-24 02:30:37,603:telegram.bot:DEBUG:  Exiting: get_updates
2023-09-24 02:30:37,603:telegram.bot:DEBUG:  Entering: get_updates
2023-09-24 02:30:48,452:telegram.bot:DEBUG:  No new updates found.
2023-09-24 02:30:48,453:telegram.bot:DEBUG:  []
2023-09-24 02:30:48,453:telegram.bot:DEBUG:  Exiting: get_updates
2023-09-24 02:30:48,453:telegram.bot:DEBUG:  Entering: get_updates
2023-09-24 02:30:58,638:telegram.bot:DEBUG:  No new updates found.
2023-09-24 02:30:58,638:telegram.bot:DEBUG:  []
2023-09-24 02:30:58,638:telegram.bot:DEBUG:  Exiting: get_updates
2023-09-24 02:30:58,638:telegram.bot:DEBUG:  Entering: get_updates
2023-09-24 02:31:08,792:telegram.bot:DEBUG:  No new updates found.
2023-09-24 02:31:08,794:telegram.bot:DEBUG:  []
2023-09-24 02:31:08,794:telegram.bot:DEBUG:  Exiting: get_updates
2023-09-24 02:31:08,794:telegram.bot:DEBUG:  Entering: get_updates
2023-09-24 02:31:18,929:telegram.bot:DEBUG:  No new updates found.
2023-09-24 02:31:18,930:telegram.bot:DEBUG:  []
2023-09-24 02:31:18,930:telegram.bot:DEBUG:  Exiting: get_updates
2023-09-24 02:31:18,931:telegram.bot:DEBUG:  Entering: get_updates
2023-09-24 02:31:29,111:telegram.bot:DEBUG:  No new updates found.
2023-09-24 02:31:29,111:telegram.bot:DEBUG:  []
2023-09-24 02:31:29,111:telegram.bot:DEBUG:  Exiting: get_updates
2023-09-24 02:31:29,112:telegram.bot:DEBUG:  Entering: get_updates
2023-09-24 02:31:34,993:urllib3.connectionpool:DEBUG:  Starting new HTTPS connection (1): api.github.com:443
2023-09-24 02:31:39,193:urllib3.connectionpool:DEBUG:  https://api.github.com:443 "GET /repos/Expensify/App/issues/events HTTP/1.1" 200 None
2023-09-24 02:31:39,237:telegram.bot:DEBUG:  No new updates found.
2023-09-24 02:31:39,237:telegram.bot:DEBUG:  []
2023-09-24 02:31:39,237:telegram.bot:DEBUG:  Exiting: get_updates
2023-09-24 02:31:39,238:telegram.bot:DEBUG:  Entering: get_updates
2023-09-24 02:31:49,354:telegram.bot:DEBUG:  No new updates found.
2023-09-24 02:31:49,354:telegram.bot:DEBUG:  []
2023-09-24 02:31:49,354:telegram.bot:DEBUG:  Exiting: get_updates
2023-09-24 02:31:49,354:telegram.bot:DEBUG:  Entering: get_updates
2023-09-24 02:31:59,507:telegram.bot:DEBUG:  No new updates found.
2023-09-24 02:31:59,507:telegram.bot:DEBUG:  []
2023-09-24 02:31:59,507:telegram.bot:DEBUG:  Exiting: get_updates
2023-09-24 02:31:59,507:telegram.bot:DEBUG:  Entering: get_updates
2023-09-24 02:32:09,676:telegram.bot:DEBUG:  No new updates found.
2023-09-24 02:32:09,676:telegram.bot:DEBUG:  []
2023-09-24 02:32:09,676:telegram.bot:DEBUG:  Exiting: get_updates
2023-09-24 02:32:09,677:telegram.bot:DEBUG:  Entering: get_updates
2023-09-24 02:32:19,839:telegram.bot:DEBUG:  No new updates found.
2023-09-24 02:32:19,840:telegram.bot:DEBUG:  []
2023-09-24 02:32:19,840:telegram.bot:DEBUG:  Exiting: get_updates
2023-09-24 02:32:19,841:telegram.bot:DEBUG:  Entering: get_updates
2023-09-24 02:32:30,304:telegram.bot:DEBUG:  No new updates found.
2023-09-24 02:32:30,304:telegram.bot:DEBUG:  []
2023-09-24 02:32:30,304:telegram.bot:DEBUG:  Exiting: get_updates
2023-09-24 02:32:30,304:telegram.bot:DEBUG:  Entering: get_updates
2023-09-24 02:32:40,460:telegram.bot:DEBUG:  No new updates found.
2023-09-24 02:32:40,460:telegram.bot:DEBUG:  []
2023-09-24 02:32:40,460:telegram.bot:DEBUG:  Exiting: get_updates
2023-09-24 02:32:40,460:telegram.bot:DEBUG:  Entering: get_updates
2023-09-24 02:32:50,589:telegram.bot:DEBUG:  No new updates found.
2023-09-24 02:32:50,589:telegram.bot:DEBUG:  []
2023-09-24 02:32:50,589:telegram.bot:DEBUG:  Exiting: get_updates
2023-09-24 02:32:50,589:telegram.bot:DEBUG:  Entering: get_updates
2023-09-24 02:33:01,155:telegram.bot:DEBUG:  No new updates found.
2023-09-24 02:33:01,155:telegram.bot:DEBUG:  []
2023-09-24 02:33:01,156:telegram.bot:DEBUG:  Exiting: get_updates
2023-09-24 02:33:01,156:telegram.bot:DEBUG:  Entering: get_updates
2023-09-24 02:33:11,287:telegram.bot:DEBUG:  No new updates found.
2023-09-24 02:33:11,287:telegram.bot:DEBUG:  []
2023-09-24 02:33:11,287:telegram.bot:DEBUG:  Exiting: get_updates
2023-09-24 02:33:11,288:telegram.bot:DEBUG:  Entering: get_updates
2023-09-24 02:33:21,417:telegram.bot:DEBUG:  No new updates found.
2023-09-24 02:33:21,417:telegram.bot:DEBUG:  []
2023-09-24 02:33:21,417:telegram.bot:DEBUG:  Exiting: get_updates
2023-09-24 02:33:21,418:telegram.bot:DEBUG:  Entering: get_updates
2023-09-24 02:33:35,032:telegram.bot:DEBUG:  No new updates found.
2023-09-24 02:33:35,032:telegram.bot:DEBUG:  []
2023-09-24 02:33:35,033:telegram.bot:DEBUG:  Exiting: get_updates
2023-09-24 02:33:35,033:telegram.bot:DEBUG:  Entering: get_updates
2023-09-24 02:33:45,178:telegram.bot:DEBUG:  No new updates found.
2023-09-24 02:33:45,179:telegram.bot:DEBUG:  []
2023-09-24 02:33:45,179:telegram.bot:DEBUG:  Exiting: get_updates
2023-09-24 02:33:45,179:telegram.bot:DEBUG:  Entering: get_updates
2023-09-24 02:33:55,313:telegram.bot:DEBUG:  No new updates found.
2023-09-24 02:33:55,314:telegram.bot:DEBUG:  []
2023-09-24 02:33:55,314:telegram.bot:DEBUG:  Exiting: get_updates
2023-09-24 02:33:55,314:telegram.bot:DEBUG:  Entering: get_updates
2023-09-24 02:34:05,445:telegram.bot:DEBUG:  No new updates found.
2023-09-24 02:34:05,447:telegram.bot:DEBUG:  []
2023-09-24 02:34:05,447:telegram.bot:DEBUG:  Exiting: get_updates
2023-09-24 02:34:05,447:telegram.bot:DEBUG:  Entering: get_updates
2023-09-24 02:34:15,591:telegram.bot:DEBUG:  No new updates found.
2023-09-24 02:34:15,591:telegram.bot:DEBUG:  []
2023-09-24 02:34:15,591:telegram.bot:DEBUG:  Exiting: get_updates
2023-09-24 02:34:15,591:telegram.bot:DEBUG:  Entering: get_updates
2023-09-24 02:34:25,756:telegram.bot:DEBUG:  No new updates found.
2023-09-24 02:34:25,756:telegram.bot:DEBUG:  []
2023-09-24 02:34:25,757:telegram.bot:DEBUG:  Exiting: get_updates
2023-09-24 02:34:25,757:telegram.bot:DEBUG:  Entering: get_updates
2023-09-24 02:34:36,386:telegram.bot:DEBUG:  No new updates found.
2023-09-24 02:34:36,386:telegram.bot:DEBUG:  []
2023-09-24 02:34:36,386:telegram.bot:DEBUG:  Exiting: get_updates
2023-09-24 02:34:36,386:telegram.bot:DEBUG:  Entering: get_updates
2023-09-24 02:34:36,714:telegram.bot:DEBUG:  Getting updates: [133239246]
2023-09-24 02:34:36,716:telegram.bot:DEBUG:  [<telegram.update.Update object at 0x000001EA1EE6A410>]
2023-09-24 02:34:36,716:telegram.bot:DEBUG:  Exiting: get_updates
2023-09-24 02:34:36,716:telegram.bot:DEBUG:  Entering: get_updates
2023-09-24 02:34:36,717:telegram.ext.dispatcher:DEBUG:  Processing Update: {'message': {'entities': [{'length': 5, 'type': 'bot_command', 'offset': 0}], 'group_chat_created': False, 'supergroup_chat_created': False, 'channel_chat_created': False, 'message_id': 1270, 'new_chat_members': [], 'chat': {'first_name': 'Robel', 'id': 5347094985, 'username': 'ZeMicah', 'type': 'private'}, 'photo': [], 'delete_chat_photo': False, 'new_chat_photo': [], 'text': '/list', 'date': 1696617942, 'caption_entities': [], 'from': {'is_bot': False, 'first_name': 'Robel', 'language_code': 'en', 'id': 5347094985, 'username': 'ZeMicah'}}, 'update_id': 133239246}
2023-09-24 02:34:36,717:telegram.bot:DEBUG:  Entering: send_message
2023-09-24 02:34:40,106:telegram.bot:DEBUG:  {'entities': [], 'group_chat_created': False, 'supergroup_chat_created': False, 'channel_chat_created': False, 'message_id': 1271, 'new_chat_members': [], 'chat': {'first_name': 'Robel', 'id': 5347094985, 'username': 'ZeMicah', 'type': 'private'}, 'photo': [], 'delete_chat_photo': False, 'new_chat_photo': [], 'text': 'Owner       Repository\n1. Expensify       App\n2. tensorflow       tensorflow\n3. ansible       ansible\n4. scrapy       scrapy\n5. matplotlib       matplotlib', 'date': 1696617945, 'caption_entities': [], 'from': {'is_bot': True, 'first_name': 'IssueNotified', 'id': 6685183482, 'username': 'IssueNotifiedBot'}}
2023-09-24 02:34:40,107:telegram.bot:DEBUG:  Exiting: send_message
2023-09-24 02:34:47,745:telegram.bot:DEBUG:  No new updates found.
2023-09-24 02:34:47,746:telegram.bot:DEBUG:  []
2023-09-24 02:34:47,746:telegram.bot:DEBUG:  Exiting: get_updates
2023-09-24 02:34:47,747:telegram.bot:DEBUG:  Entering: get_updates
2023-09-24 02:34:57,912:telegram.bot:DEBUG:  No new updates found.
2023-09-24 02:34:57,913:telegram.bot:DEBUG:  []
2023-09-24 02:34:57,913:telegram.bot:DEBUG:  Exiting: get_updates
2023-09-24 02:34:57,914:telegram.bot:DEBUG:  Entering: get_updates
2023-09-24 02:35:08,152:telegram.bot:DEBUG:  No new updates found.
2023-09-24 02:35:08,153:telegram.bot:DEBUG:  []
2023-09-24 02:35:08,153:telegram.bot:DEBUG:  Exiting: get_updates
2023-09-24 02:35:08,153:telegram.bot:DEBUG:  Entering: get_updates
2023-09-24 02:35:18,312:telegram.bot:DEBUG:  No new updates found.
2023-09-24 02:35:18,312:telegram.bot:DEBUG:  []
2023-09-24 02:35:18,313:telegram.bot:DEBUG:  Exiting: get_updates
2023-09-24 02:35:18,313:telegram.bot:DEBUG:  Entering: get_updates
2023-09-24 02:35:28,446:telegram.bot:DEBUG:  No new updates found.
2023-09-24 02:35:28,447:telegram.bot:DEBUG:  []
2023-09-24 02:35:28,450:telegram.bot:DEBUG:  Exiting: get_updates
2023-09-24 02:35:28,451:telegram.bot:DEBUG:  Entering: get_updates
2023-09-24 02:35:38,893:telegram.bot:DEBUG:  No new updates found.
2023-09-24 02:35:38,893:telegram.bot:DEBUG:  []
2023-09-24 02:35:38,893:telegram.bot:DEBUG:  Exiting: get_updates
2023-09-24 02:35:38,893:telegram.bot:DEBUG:  Entering: get_updates
2023-09-24 02:35:49,258:telegram.bot:DEBUG:  No new updates found.
2023-09-24 02:35:49,258:telegram.bot:DEBUG:  []
2023-09-24 02:35:49,258:telegram.bot:DEBUG:  Exiting: get_updates
2023-09-24 02:35:49,258:telegram.bot:DEBUG:  Entering: get_updates
2023-09-24 02:35:59,420:telegram.bot:DEBUG:  No new updates found.
2023-09-24 02:35:59,420:telegram.bot:DEBUG:  []
2023-09-24 02:35:59,420:telegram.bot:DEBUG:  Exiting: get_updates
2023-09-24 02:35:59,420:telegram.bot:DEBUG:  Entering: get_updates
2023-09-24 02:36:10,069:telegram.bot:DEBUG:  No new updates found.
2023-09-24 02:36:10,069:telegram.bot:DEBUG:  []
2023-09-24 02:36:10,069:telegram.bot:DEBUG:  Exiting: get_updates
2023-09-24 02:36:10,069:telegram.bot:DEBUG:  Entering: get_updates
2023-09-24 02:36:20,643:telegram.bot:DEBUG:  No new updates found.
2023-09-24 02:36:20,644:telegram.bot:DEBUG:  []
2023-09-24 02:36:20,644:telegram.bot:DEBUG:  Exiting: get_updates
2023-09-24 02:36:20,644:telegram.bot:DEBUG:  Entering: get_updates
2023-09-24 02:36:31,430:telegram.bot:DEBUG:  No new updates found.
2023-09-24 02:36:31,430:telegram.bot:DEBUG:  []
2023-09-24 02:36:31,430:telegram.bot:DEBUG:  Exiting: get_updates
2023-09-24 02:36:31,430:telegram.bot:DEBUG:  Entering: get_updates
2023-09-24 02:36:41,555:telegram.bot:DEBUG:  No new updates found.
2023-09-24 02:36:41,556:telegram.bot:DEBUG:  []
2023-09-24 02:36:41,556:telegram.bot:DEBUG:  Exiting: get_updates
2023-09-24 02:36:41,557:telegram.bot:DEBUG:  Entering: get_updates
2023-09-24 02:36:52,072:telegram.bot:DEBUG:  No new updates found.
2023-09-24 02:36:52,073:telegram.bot:DEBUG:  []
2023-09-24 02:36:52,073:telegram.bot:DEBUG:  Exiting: get_updates
2023-09-24 02:36:52,073:telegram.bot:DEBUG:  Entering: get_updates
2023-09-24 02:37:02,237:telegram.bot:DEBUG:  No new updates found.
2023-09-24 02:37:02,237:telegram.bot:DEBUG:  []
2023-09-24 02:37:02,237:telegram.bot:DEBUG:  Exiting: get_updates
2023-09-24 02:37:02,237:telegram.bot:DEBUG:  Entering: get_updates
2023-09-24 02:37:12,360:telegram.bot:DEBUG:  No new updates found.
2023-09-24 02:37:12,363:telegram.bot:DEBUG:  []
2023-09-24 02:37:12,364:telegram.bot:DEBUG:  Exiting: get_updates
2023-09-24 02:37:12,364:telegram.bot:DEBUG:  Entering: get_updates
2023-09-24 02:37:22,542:telegram.bot:DEBUG:  No new updates found.
2023-09-24 02:37:22,542:telegram.bot:DEBUG:  []
2023-09-24 02:37:22,542:telegram.bot:DEBUG:  Exiting: get_updates
2023-09-24 02:37:22,542:telegram.bot:DEBUG:  Entering: get_updates
2023-09-24 02:37:32,887:telegram.bot:DEBUG:  No new updates found.
2023-09-24 02:37:32,887:telegram.bot:DEBUG:  []
2023-09-24 02:37:32,887:telegram.bot:DEBUG:  Exiting: get_updates
2023-09-24 02:37:32,887:telegram.bot:DEBUG:  Entering: get_updates
2023-09-24 02:37:43,019:telegram.bot:DEBUG:  No new updates found.
2023-09-24 02:37:43,020:telegram.bot:DEBUG:  []
2023-09-24 02:37:43,020:telegram.bot:DEBUG:  Exiting: get_updates
2023-09-24 02:37:43,020:telegram.bot:DEBUG:  Entering: get_updates
2023-09-24 02:37:53,140:telegram.bot:DEBUG:  No new updates found.
2023-09-24 02:37:53,141:telegram.bot:DEBUG:  []
2023-09-24 02:37:53,141:telegram.bot:DEBUG:  Exiting: get_updates
2023-09-24 02:37:53,141:telegram.bot:DEBUG:  Entering: get_updates
2023-09-24 02:38:04,562:telegram.bot:DEBUG:  No new updates found.
2023-09-24 02:38:04,562:telegram.bot:DEBUG:  []
2023-09-24 02:38:04,563:telegram.bot:DEBUG:  Exiting: get_updates
2023-09-24 02:38:04,563:telegram.bot:DEBUG:  Entering: get_updates
2023-09-24 02:38:14,745:telegram.bot:DEBUG:  No new updates found.
2023-09-24 02:38:14,746:telegram.bot:DEBUG:  []
2023-09-24 02:38:14,746:telegram.bot:DEBUG:  Exiting: get_updates
2023-09-24 02:38:14,747:telegram.bot:DEBUG:  Entering: get_updates
2023-09-24 02:38:25,526:telegram.bot:DEBUG:  No new updates found.
2023-09-24 02:38:25,526:telegram.bot:DEBUG:  []
2023-09-24 02:38:25,527:telegram.bot:DEBUG:  Exiting: get_updates
2023-09-24 02:38:25,527:telegram.bot:DEBUG:  Entering: get_updates
2023-09-24 02:38:36,349:telegram.bot:DEBUG:  No new updates found.
2023-09-24 02:38:36,350:telegram.bot:DEBUG:  []
2023-09-24 02:38:36,350:telegram.bot:DEBUG:  Exiting: get_updates
2023-09-24 02:38:36,350:telegram.bot:DEBUG:  Entering: get_updates
2023-09-24 02:38:46,569:telegram.bot:DEBUG:  No new updates found.
2023-09-24 02:38:46,570:telegram.bot:DEBUG:  []
2023-09-24 02:38:46,570:telegram.bot:DEBUG:  Exiting: get_updates
2023-09-24 02:38:46,570:telegram.bot:DEBUG:  Entering: get_updates
2023-09-24 02:38:56,720:telegram.bot:DEBUG:  No new updates found.
2023-09-24 02:38:56,720:telegram.bot:DEBUG:  []
2023-09-24 02:38:56,720:telegram.bot:DEBUG:  Exiting: get_updates
2023-09-24 02:38:56,721:telegram.bot:DEBUG:  Entering: get_updates
2023-09-24 02:39:06,932:telegram.bot:DEBUG:  No new updates found.
2023-09-24 02:39:06,932:telegram.bot:DEBUG:  []
2023-09-24 02:39:06,933:telegram.bot:DEBUG:  Exiting: get_updates
2023-09-24 02:39:06,933:telegram.bot:DEBUG:  Entering: get_updates
2023-09-24 02:39:36,066:telegram.ext.dispatcher:DEBUG:  Setting singleton dispatcher as <telegram.ext.dispatcher.Dispatcher object at 0x0000022A964AD230>
2023-09-24 02:39:36,205:apscheduler.scheduler:INFO:  Scheduler started
2023-09-24 02:39:36,265:apscheduler.scheduler:DEBUG:  Looking for jobs to run
2023-09-24 02:39:36,266:telegram.bot:DEBUG:  Entering: get_me
2023-09-24 02:39:36,267:apscheduler.scheduler:DEBUG:  No jobs; waiting until a job is added
2023-09-24 02:39:41,399:telegram.bot:DEBUG:  {'can_join_groups': False, 'username': 'IssueNotifiedBot', 'id': 6685183482, 'can_read_all_group_messages': False, 'first_name': 'IssueNotified', 'supports_inline_queries': False, 'is_bot': True}
2023-09-24 02:39:41,400:telegram.bot:DEBUG:  Exiting: get_me
2023-09-24 02:39:41,402:telegram.ext.updater:DEBUG:  Bot:6685183482:dispatcher - started
2023-09-24 02:39:41,405:telegram.ext.updater:DEBUG:  Bot:6685183482:updater - started
2023-09-24 02:39:41,406:telegram.ext.updater:DEBUG:  Waiting for Dispatcher and polling to start
2023-09-24 02:39:41,407:telegram.ext.updater:DEBUG:  Updater thread started (polling)
2023-09-24 02:39:41,409:telegram.ext.updater:DEBUG:  Start network loop retry bootstrap del webhook
2023-09-24 02:39:41,409:telegram.ext.updater:DEBUG:  Deleting webhook
2023-09-24 02:39:41,409:telegram.bot:DEBUG:  Entering: delete_webhook
2023-09-24 02:39:41,423:telegram.ext.dispatcher:DEBUG:  Dispatcher started
2023-09-24 02:39:41,552:telegram.bot:DEBUG:  True
2023-09-24 02:39:41,552:telegram.bot:DEBUG:  Exiting: delete_webhook
2023-09-24 02:39:41,553:telegram.ext.updater:DEBUG:  Bootstrap done
2023-09-24 02:39:41,553:telegram.ext.updater:DEBUG:  Start network loop retry getting Updates
2023-09-24 02:39:41,553:telegram.bot:DEBUG:  Entering: get_updates
2023-09-24 02:39:51,757:telegram.bot:DEBUG:  No new updates found.
2023-09-24 02:39:51,758:telegram.bot:DEBUG:  []
2023-09-24 02:39:51,758:telegram.bot:DEBUG:  Exiting: get_updates
2023-09-24 02:39:51,758:telegram.bot:DEBUG:  Entering: get_updates
2023-09-24 02:40:02,242:telegram.bot:DEBUG:  No new updates found.
2023-09-24 02:40:02,242:telegram.bot:DEBUG:  []
2023-09-24 02:40:02,242:telegram.bot:DEBUG:  Exiting: get_updates
2023-09-24 02:40:02,243:telegram.bot:DEBUG:  Entering: get_updates
2023-09-24 02:40:12,392:telegram.bot:DEBUG:  No new updates found.
2023-09-24 02:40:12,392:telegram.bot:DEBUG:  []
2023-09-24 02:40:12,393:telegram.bot:DEBUG:  Exiting: get_updates
2023-09-24 02:40:12,393:telegram.bot:DEBUG:  Entering: get_updates
2023-09-24 02:40:22,543:telegram.bot:DEBUG:  No new updates found.
2023-09-24 02:40:22,543:telegram.bot:DEBUG:  []
2023-09-24 02:40:22,543:telegram.bot:DEBUG:  Exiting: get_updates
2023-09-24 02:40:22,543:telegram.bot:DEBUG:  Entering: get_updates
2023-09-24 02:40:33,354:telegram.bot:DEBUG:  No new updates found.
2023-09-24 02:40:33,355:telegram.bot:DEBUG:  []
2023-09-24 02:40:33,355:telegram.bot:DEBUG:  Exiting: get_updates
2023-09-24 02:40:33,355:telegram.bot:DEBUG:  Entering: get_updates
2023-09-24 02:40:43,529:telegram.bot:DEBUG:  No new updates found.
2023-09-24 02:40:43,529:telegram.bot:DEBUG:  []
2023-09-24 02:40:43,530:telegram.bot:DEBUG:  Exiting: get_updates
2023-09-24 02:40:43,530:telegram.bot:DEBUG:  Entering: get_updates
2023-09-24 02:40:53,672:telegram.bot:DEBUG:  No new updates found.
2023-09-24 02:40:53,673:telegram.bot:DEBUG:  []
2023-09-24 02:40:53,673:telegram.bot:DEBUG:  Exiting: get_updates
2023-09-24 02:40:53,673:telegram.bot:DEBUG:  Entering: get_updates
2023-09-24 02:41:04,393:telegram.bot:DEBUG:  No new updates found.
2023-09-24 02:41:04,394:telegram.bot:DEBUG:  []
2023-09-24 02:41:04,394:telegram.bot:DEBUG:  Exiting: get_updates
2023-09-24 02:41:04,395:telegram.bot:DEBUG:  Entering: get_updates
2023-09-24 02:41:14,519:telegram.bot:DEBUG:  No new updates found.
2023-09-24 02:41:14,519:telegram.bot:DEBUG:  []
2023-09-24 02:41:14,519:telegram.bot:DEBUG:  Exiting: get_updates
2023-09-24 02:41:14,519:telegram.bot:DEBUG:  Entering: get_updates
2023-09-24 02:41:24,721:telegram.bot:DEBUG:  No new updates found.
2023-09-24 02:41:24,721:telegram.bot:DEBUG:  []
2023-09-24 02:41:24,721:telegram.bot:DEBUG:  Exiting: get_updates
2023-09-24 02:41:24,722:telegram.bot:DEBUG:  Entering: get_updates
2023-09-24 02:41:34,873:telegram.bot:DEBUG:  No new updates found.
2023-09-24 02:41:34,873:telegram.bot:DEBUG:  []
2023-09-24 02:41:34,874:telegram.bot:DEBUG:  Exiting: get_updates
2023-09-24 02:41:34,874:telegram.bot:DEBUG:  Entering: get_updates
2023-09-24 02:41:45,028:telegram.bot:DEBUG:  No new updates found.
2023-09-24 02:41:45,028:telegram.bot:DEBUG:  []
2023-09-24 02:41:45,028:telegram.bot:DEBUG:  Exiting: get_updates
2023-09-24 02:41:45,028:telegram.bot:DEBUG:  Entering: get_updates
2023-09-24 02:41:55,191:telegram.bot:DEBUG:  No new updates found.
2023-09-24 02:41:55,191:telegram.bot:DEBUG:  []
2023-09-24 02:41:55,191:telegram.bot:DEBUG:  Exiting: get_updates
2023-09-24 02:41:55,191:telegram.bot:DEBUG:  Entering: get_updates
2023-09-24 02:42:05,424:telegram.bot:DEBUG:  No new updates found.
2023-09-24 02:42:05,425:telegram.bot:DEBUG:  []
2023-09-24 02:42:05,425:telegram.bot:DEBUG:  Exiting: get_updates
2023-09-24 02:42:05,425:telegram.bot:DEBUG:  Entering: get_updates
2023-09-24 02:42:16,032:telegram.bot:DEBUG:  No new updates found.
2023-09-24 02:42:16,034:telegram.bot:DEBUG:  []
2023-09-24 02:42:16,036:telegram.bot:DEBUG:  Exiting: get_updates
2023-09-24 02:42:16,037:telegram.bot:DEBUG:  Entering: get_updates
2023-09-24 02:42:26,193:telegram.bot:DEBUG:  No new updates found.
2023-09-24 02:42:26,194:telegram.bot:DEBUG:  []
2023-09-24 02:42:26,194:telegram.bot:DEBUG:  Exiting: get_updates
2023-09-24 02:42:26,194:telegram.bot:DEBUG:  Entering: get_updates
2023-09-24 02:42:36,354:telegram.bot:DEBUG:  No new updates found.
2023-09-24 02:42:36,354:telegram.bot:DEBUG:  []
2023-09-24 02:42:36,354:telegram.bot:DEBUG:  Exiting: get_updates
2023-09-24 02:42:36,355:telegram.bot:DEBUG:  Entering: get_updates
2023-09-24 02:42:46,515:telegram.bot:DEBUG:  No new updates found.
2023-09-24 02:42:46,515:telegram.bot:DEBUG:  []
2023-09-24 02:42:46,515:telegram.bot:DEBUG:  Exiting: get_updates
2023-09-24 02:42:46,516:telegram.bot:DEBUG:  Entering: get_updates
2023-09-24 02:42:56,648:telegram.bot:DEBUG:  No new updates found.
2023-09-24 02:42:56,649:telegram.bot:DEBUG:  []
2023-09-24 02:42:56,649:telegram.bot:DEBUG:  Exiting: get_updates
2023-09-24 02:42:56,649:telegram.bot:DEBUG:  Entering: get_updates
2023-09-24 02:43:06,805:telegram.bot:DEBUG:  No new updates found.
2023-09-24 02:43:06,806:telegram.bot:DEBUG:  []
2023-09-24 02:43:06,806:telegram.bot:DEBUG:  Exiting: get_updates
2023-09-24 02:43:06,806:telegram.bot:DEBUG:  Entering: get_updates
2023-09-24 02:43:17,001:telegram.bot:DEBUG:  No new updates found.
2023-09-24 02:43:17,001:telegram.bot:DEBUG:  []
2023-09-24 02:43:17,001:telegram.bot:DEBUG:  Exiting: get_updates
2023-09-24 02:43:17,001:telegram.bot:DEBUG:  Entering: get_updates
2023-09-24 02:43:27,474:telegram.bot:DEBUG:  No new updates found.
2023-09-24 02:43:27,474:telegram.bot:DEBUG:  []
2023-09-24 02:43:27,474:telegram.bot:DEBUG:  Exiting: get_updates
2023-09-24 02:43:27,474:telegram.bot:DEBUG:  Entering: get_updates
2023-09-24 02:43:38,171:telegram.bot:DEBUG:  No new updates found.
2023-09-24 02:43:38,172:telegram.bot:DEBUG:  []
2023-09-24 02:43:38,172:telegram.bot:DEBUG:  Exiting: get_updates
2023-09-24 02:43:38,173:telegram.bot:DEBUG:  Entering: get_updates
2023-09-24 02:43:48,320:telegram.bot:DEBUG:  No new updates found.
2023-09-24 02:43:48,320:telegram.bot:DEBUG:  []
2023-09-24 02:43:48,320:telegram.bot:DEBUG:  Exiting: get_updates
2023-09-24 02:43:48,320:telegram.bot:DEBUG:  Entering: get_updates
2023-09-24 02:43:58,481:telegram.bot:DEBUG:  No new updates found.
2023-09-24 02:43:58,481:telegram.bot:DEBUG:  []
2023-09-24 02:43:58,481:telegram.bot:DEBUG:  Exiting: get_updates
2023-09-24 02:43:58,481:telegram.bot:DEBUG:  Entering: get_updates
2023-09-24 02:44:08,694:telegram.bot:DEBUG:  No new updates found.
2023-09-24 02:44:08,694:telegram.bot:DEBUG:  []
2023-09-24 02:44:08,694:telegram.bot:DEBUG:  Exiting: get_updates
2023-09-24 02:44:08,694:telegram.bot:DEBUG:  Entering: get_updates
2023-09-24 02:44:19,308:telegram.bot:DEBUG:  No new updates found.
2023-09-24 02:44:19,308:telegram.bot:DEBUG:  []
2023-09-24 02:44:19,308:telegram.bot:DEBUG:  Exiting: get_updates
2023-09-24 02:44:19,308:telegram.bot:DEBUG:  Entering: get_updates
2023-09-24 02:44:29,482:telegram.bot:DEBUG:  No new updates found.
2023-09-24 02:44:29,483:telegram.bot:DEBUG:  []
2023-09-24 02:44:29,483:telegram.bot:DEBUG:  Exiting: get_updates
2023-09-24 02:44:29,484:telegram.bot:DEBUG:  Entering: get_updates
2023-09-24 02:44:39,680:telegram.bot:DEBUG:  No new updates found.
2023-09-24 02:44:39,680:telegram.bot:DEBUG:  []
2023-09-24 02:44:39,680:telegram.bot:DEBUG:  Exiting: get_updates
2023-09-24 02:44:39,680:telegram.bot:DEBUG:  Entering: get_updates
2023-09-24 02:44:50,163:telegram.bot:DEBUG:  No new updates found.
2023-09-24 02:44:50,163:telegram.bot:DEBUG:  []
2023-09-24 02:44:50,164:telegram.bot:DEBUG:  Exiting: get_updates
2023-09-24 02:44:50,164:telegram.bot:DEBUG:  Entering: get_updates
2023-09-24 02:45:00,323:telegram.bot:DEBUG:  No new updates found.
2023-09-24 02:45:00,323:telegram.bot:DEBUG:  []
2023-09-24 02:45:00,324:telegram.bot:DEBUG:  Exiting: get_updates
2023-09-24 02:45:00,325:telegram.bot:DEBUG:  Entering: get_updates
2023-09-24 02:45:10,468:telegram.bot:DEBUG:  No new updates found.
2023-09-24 02:45:10,468:telegram.bot:DEBUG:  []
2023-09-24 02:45:10,468:telegram.bot:DEBUG:  Exiting: get_updates
2023-09-24 02:45:10,468:telegram.bot:DEBUG:  Entering: get_updates
2023-09-24 02:45:20,620:telegram.bot:DEBUG:  No new updates found.
2023-09-24 02:45:20,621:telegram.bot:DEBUG:  []
2023-09-24 02:45:20,622:telegram.bot:DEBUG:  Exiting: get_updates
2023-09-24 02:45:20,623:telegram.bot:DEBUG:  Entering: get_updates
2023-09-24 02:45:31,080:telegram.bot:DEBUG:  No new updates found.
2023-09-24 02:45:31,080:telegram.bot:DEBUG:  []
2023-09-24 02:45:31,080:telegram.bot:DEBUG:  Exiting: get_updates
2023-09-24 02:45:31,080:telegram.bot:DEBUG:  Entering: get_updates
2023-09-24 02:45:41,234:telegram.bot:DEBUG:  No new updates found.
2023-09-24 02:45:41,234:telegram.bot:DEBUG:  []
2023-09-24 02:45:41,235:telegram.bot:DEBUG:  Exiting: get_updates
2023-09-24 02:45:41,235:telegram.bot:DEBUG:  Entering: get_updates
2023-09-24 02:45:52,070:telegram.bot:DEBUG:  No new updates found.
2023-09-24 02:45:52,070:telegram.bot:DEBUG:  []
2023-09-24 02:45:52,070:telegram.bot:DEBUG:  Exiting: get_updates
2023-09-24 02:45:52,070:telegram.bot:DEBUG:  Entering: get_updates
2023-09-24 02:46:02,236:telegram.bot:DEBUG:  No new updates found.
2023-09-24 02:46:02,236:telegram.bot:DEBUG:  []
2023-09-24 02:46:02,236:telegram.bot:DEBUG:  Exiting: get_updates
2023-09-24 02:46:02,237:telegram.bot:DEBUG:  Entering: get_updates
2023-09-24 02:46:12,402:telegram.bot:DEBUG:  No new updates found.
2023-09-24 02:46:12,402:telegram.bot:DEBUG:  []
2023-09-24 02:46:12,402:telegram.bot:DEBUG:  Exiting: get_updates
2023-09-24 02:46:12,402:telegram.bot:DEBUG:  Entering: get_updates
2023-09-24 02:46:22,554:telegram.bot:DEBUG:  No new updates found.
2023-09-24 02:46:22,554:telegram.bot:DEBUG:  []
2023-09-24 02:46:22,555:telegram.bot:DEBUG:  Exiting: get_updates
2023-09-24 02:46:22,555:telegram.bot:DEBUG:  Entering: get_updates
2023-09-24 02:46:33,482:telegram.bot:DEBUG:  No new updates found.
2023-09-24 02:46:33,483:telegram.bot:DEBUG:  []
2023-09-24 02:46:33,484:telegram.bot:DEBUG:  Exiting: get_updates
2023-09-24 02:46:33,484:telegram.bot:DEBUG:  Entering: get_updates
2023-09-24 02:46:43,604:telegram.bot:DEBUG:  No new updates found.
2023-09-24 02:46:43,604:telegram.bot:DEBUG:  []
2023-09-24 02:46:43,604:telegram.bot:DEBUG:  Exiting: get_updates
2023-09-24 02:46:43,604:telegram.bot:DEBUG:  Entering: get_updates
2023-09-24 02:46:53,949:telegram.bot:DEBUG:  No new updates found.
2023-09-24 02:46:53,949:telegram.bot:DEBUG:  []
2023-09-24 02:46:53,949:telegram.bot:DEBUG:  Exiting: get_updates
2023-09-24 02:46:53,949:telegram.bot:DEBUG:  Entering: get_updates
2023-09-24 02:47:04,113:telegram.bot:DEBUG:  No new updates found.
2023-09-24 02:47:04,113:telegram.bot:DEBUG:  []
2023-09-24 02:47:04,113:telegram.bot:DEBUG:  Exiting: get_updates
2023-09-24 02:47:04,113:telegram.bot:DEBUG:  Entering: get_updates
2023-09-24 02:47:14,678:telegram.bot:DEBUG:  No new updates found.
2023-09-24 02:47:14,679:telegram.bot:DEBUG:  []
2023-09-24 02:47:14,679:telegram.bot:DEBUG:  Exiting: get_updates
2023-09-24 02:47:14,679:telegram.bot:DEBUG:  Entering: get_updates
2023-09-24 02:47:25,245:telegram.bot:DEBUG:  No new updates found.
2023-09-24 02:47:25,246:telegram.bot:DEBUG:  []
2023-09-24 02:47:25,246:telegram.bot:DEBUG:  Exiting: get_updates
2023-09-24 02:47:25,246:telegram.bot:DEBUG:  Entering: get_updates
2023-09-24 02:47:35,399:telegram.bot:DEBUG:  No new updates found.
2023-09-24 02:47:35,399:telegram.bot:DEBUG:  []
2023-09-24 02:47:35,400:telegram.bot:DEBUG:  Exiting: get_updates
2023-09-24 02:47:35,400:telegram.bot:DEBUG:  Entering: get_updates
2023-09-24 02:47:45,558:telegram.bot:DEBUG:  No new updates found.
2023-09-24 02:47:45,558:telegram.bot:DEBUG:  []
2023-09-24 02:47:45,559:telegram.bot:DEBUG:  Exiting: get_updates
2023-09-24 02:47:45,559:telegram.bot:DEBUG:  Entering: get_updates
2023-09-24 02:47:56,044:telegram.bot:DEBUG:  No new updates found.
2023-09-24 02:47:56,044:telegram.bot:DEBUG:  []
2023-09-24 02:47:56,044:telegram.bot:DEBUG:  Exiting: get_updates
2023-09-24 02:47:56,044:telegram.bot:DEBUG:  Entering: get_updates
2023-09-24 02:48:06,198:telegram.bot:DEBUG:  No new updates found.
2023-09-24 02:48:06,198:telegram.bot:DEBUG:  []
2023-09-24 02:48:06,198:telegram.bot:DEBUG:  Exiting: get_updates
2023-09-24 02:48:06,199:telegram.bot:DEBUG:  Entering: get_updates
2023-09-24 02:48:16,358:telegram.bot:DEBUG:  No new updates found.
2023-09-24 02:48:16,358:telegram.bot:DEBUG:  []
2023-09-24 02:48:16,358:telegram.bot:DEBUG:  Exiting: get_updates
2023-09-24 02:48:16,358:telegram.bot:DEBUG:  Entering: get_updates
2023-09-24 02:48:26,519:telegram.bot:DEBUG:  No new updates found.
2023-09-24 02:48:26,519:telegram.bot:DEBUG:  []
2023-09-24 02:48:26,519:telegram.bot:DEBUG:  Exiting: get_updates
2023-09-24 02:48:26,519:telegram.bot:DEBUG:  Entering: get_updates
2023-09-24 02:48:36,996:telegram.bot:DEBUG:  No new updates found.
2023-09-24 02:48:36,996:telegram.bot:DEBUG:  []
2023-09-24 02:48:36,996:telegram.bot:DEBUG:  Exiting: get_updates
2023-09-24 02:48:36,996:telegram.bot:DEBUG:  Entering: get_updates
2023-09-24 02:48:47,212:telegram.bot:DEBUG:  No new updates found.
2023-09-24 02:48:47,212:telegram.bot:DEBUG:  []
2023-09-24 02:48:47,213:telegram.bot:DEBUG:  Exiting: get_updates
2023-09-24 02:48:47,213:telegram.bot:DEBUG:  Entering: get_updates
2023-09-24 02:48:57,513:telegram.bot:DEBUG:  No new updates found.
2023-09-24 02:48:57,513:telegram.bot:DEBUG:  []
2023-09-24 02:48:57,513:telegram.bot:DEBUG:  Exiting: get_updates
2023-09-24 02:48:57,514:telegram.bot:DEBUG:  Entering: get_updates
2023-09-24 02:49:07,704:telegram.bot:DEBUG:  No new updates found.
2023-09-24 02:49:07,704:telegram.bot:DEBUG:  []
2023-09-24 02:49:07,704:telegram.bot:DEBUG:  Exiting: get_updates
2023-09-24 02:49:07,704:telegram.bot:DEBUG:  Entering: get_updates
2023-09-24 02:49:17,926:telegram.bot:DEBUG:  No new updates found.
2023-09-24 02:49:17,926:telegram.bot:DEBUG:  []
2023-09-24 02:49:17,927:telegram.bot:DEBUG:  Exiting: get_updates
2023-09-24 02:49:17,927:telegram.bot:DEBUG:  Entering: get_updates
2023-09-24 02:49:28,080:telegram.bot:DEBUG:  No new updates found.
2023-09-24 02:49:28,080:telegram.bot:DEBUG:  []
2023-09-24 02:49:28,080:telegram.bot:DEBUG:  Exiting: get_updates
2023-09-24 02:49:28,080:telegram.bot:DEBUG:  Entering: get_updates
2023-09-24 02:49:38,233:telegram.bot:DEBUG:  No new updates found.
2023-09-24 02:49:38,233:telegram.bot:DEBUG:  []
2023-09-24 02:49:38,233:telegram.bot:DEBUG:  Exiting: get_updates
2023-09-24 02:49:38,233:telegram.bot:DEBUG:  Entering: get_updates
2023-09-24 02:49:48,598:telegram.bot:DEBUG:  No new updates found.
2023-09-24 02:49:48,598:telegram.bot:DEBUG:  []
2023-09-24 02:49:48,598:telegram.bot:DEBUG:  Exiting: get_updates
2023-09-24 02:49:48,598:telegram.bot:DEBUG:  Entering: get_updates
2023-09-24 02:49:58,748:telegram.bot:DEBUG:  No new updates found.
2023-09-24 02:49:58,748:telegram.bot:DEBUG:  []
2023-09-24 02:49:58,748:telegram.bot:DEBUG:  Exiting: get_updates
2023-09-24 02:49:58,749:telegram.bot:DEBUG:  Entering: get_updates
2023-09-24 02:50:08,898:telegram.bot:DEBUG:  No new updates found.
2023-09-24 02:50:08,898:telegram.bot:DEBUG:  []
2023-09-24 02:50:08,899:telegram.bot:DEBUG:  Exiting: get_updates
2023-09-24 02:50:08,899:telegram.bot:DEBUG:  Entering: get_updates
2023-09-24 02:50:19,099:telegram.bot:DEBUG:  No new updates found.
2023-09-24 02:50:19,099:telegram.bot:DEBUG:  []
2023-09-24 02:50:19,099:telegram.bot:DEBUG:  Exiting: get_updates
2023-09-24 02:50:19,100:telegram.bot:DEBUG:  Entering: get_updates
2023-09-24 02:50:29,267:telegram.bot:DEBUG:  No new updates found.
2023-09-24 02:50:29,267:telegram.bot:DEBUG:  []
2023-09-24 02:50:29,268:telegram.bot:DEBUG:  Exiting: get_updates
2023-09-24 02:50:29,268:telegram.bot:DEBUG:  Entering: get_updates
2023-09-24 02:50:39,400:telegram.bot:DEBUG:  No new updates found.
2023-09-24 02:50:39,400:telegram.bot:DEBUG:  []
2023-09-24 02:50:39,401:telegram.bot:DEBUG:  Exiting: get_updates
2023-09-24 02:50:39,401:telegram.bot:DEBUG:  Entering: get_updates
2023-09-24 02:50:49,579:telegram.bot:DEBUG:  No new updates found.
2023-09-24 02:50:49,579:telegram.bot:DEBUG:  []
2023-09-24 02:50:49,579:telegram.bot:DEBUG:  Exiting: get_updates
2023-09-24 02:50:49,580:telegram.bot:DEBUG:  Entering: get_updates
2023-09-24 02:50:59,757:telegram.bot:DEBUG:  No new updates found.
2023-09-24 02:50:59,757:telegram.bot:DEBUG:  []
2023-09-24 02:50:59,757:telegram.bot:DEBUG:  Exiting: get_updates
2023-09-24 02:50:59,757:telegram.bot:DEBUG:  Entering: get_updates
2023-09-24 02:51:09,918:telegram.bot:DEBUG:  No new updates found.
2023-09-24 02:51:09,918:telegram.bot:DEBUG:  []
2023-09-24 02:51:09,918:telegram.bot:DEBUG:  Exiting: get_updates
2023-09-24 02:51:09,918:telegram.bot:DEBUG:  Entering: get_updates
2023-09-24 02:51:20,266:telegram.bot:DEBUG:  No new updates found.
2023-09-24 02:51:20,266:telegram.bot:DEBUG:  []
2023-09-24 02:51:20,266:telegram.bot:DEBUG:  Exiting: get_updates
2023-09-24 02:51:20,266:telegram.bot:DEBUG:  Entering: get_updates
2023-09-24 02:51:30,453:telegram.bot:DEBUG:  No new updates found.
2023-09-24 02:51:30,453:telegram.bot:DEBUG:  []
2023-09-24 02:51:30,453:telegram.bot:DEBUG:  Exiting: get_updates
2023-09-24 02:51:30,453:telegram.bot:DEBUG:  Entering: get_updates
2023-09-24 02:51:40,613:telegram.bot:DEBUG:  No new updates found.
2023-09-24 02:51:40,613:telegram.bot:DEBUG:  []
2023-09-24 02:51:40,613:telegram.bot:DEBUG:  Exiting: get_updates
2023-09-24 02:51:40,613:telegram.bot:DEBUG:  Entering: get_updates
2023-09-24 02:51:50,774:telegram.bot:DEBUG:  No new updates found.
2023-09-24 02:51:50,774:telegram.bot:DEBUG:  []
2023-09-24 02:51:50,774:telegram.bot:DEBUG:  Exiting: get_updates
2023-09-24 02:51:50,774:telegram.bot:DEBUG:  Entering: get_updates
2023-09-24 02:52:01,341:telegram.bot:DEBUG:  No new updates found.
2023-09-24 02:52:01,341:telegram.bot:DEBUG:  []
2023-09-24 02:52:01,341:telegram.bot:DEBUG:  Exiting: get_updates
2023-09-24 02:52:01,341:telegram.bot:DEBUG:  Entering: get_updates
2023-09-24 02:52:11,533:telegram.bot:DEBUG:  No new updates found.
2023-09-24 02:52:11,533:telegram.bot:DEBUG:  []
2023-09-24 02:52:11,533:telegram.bot:DEBUG:  Exiting: get_updates
2023-09-24 02:52:11,533:telegram.bot:DEBUG:  Entering: get_updates
2023-09-24 02:52:21,662:telegram.bot:DEBUG:  No new updates found.
2023-09-24 02:52:21,662:telegram.bot:DEBUG:  []
2023-09-24 02:52:21,662:telegram.bot:DEBUG:  Exiting: get_updates
2023-09-24 02:52:21,662:telegram.bot:DEBUG:  Entering: get_updates
2023-09-24 02:52:32,509:telegram.bot:DEBUG:  No new updates found.
2023-09-24 02:52:32,509:telegram.bot:DEBUG:  []
2023-09-24 02:52:32,509:telegram.bot:DEBUG:  Exiting: get_updates
2023-09-24 02:52:32,509:telegram.bot:DEBUG:  Entering: get_updates
2023-09-24 02:52:43,215:telegram.bot:DEBUG:  No new updates found.
2023-09-24 02:52:43,215:telegram.bot:DEBUG:  []
2023-09-24 02:52:43,215:telegram.bot:DEBUG:  Exiting: get_updates
2023-09-24 02:52:43,215:telegram.bot:DEBUG:  Entering: get_updates
2023-09-24 02:52:53,548:telegram.bot:DEBUG:  No new updates found.
2023-09-24 02:52:53,548:telegram.bot:DEBUG:  []
2023-09-24 02:52:53,548:telegram.bot:DEBUG:  Exiting: get_updates
2023-09-24 02:52:53,548:telegram.bot:DEBUG:  Entering: get_updates
2023-09-24 02:53:04,099:telegram.bot:DEBUG:  No new updates found.
2023-09-24 02:53:04,099:telegram.bot:DEBUG:  []
2023-09-24 02:53:04,099:telegram.bot:DEBUG:  Exiting: get_updates
2023-09-24 02:53:04,099:telegram.bot:DEBUG:  Entering: get_updates
2023-09-24 02:53:14,212:telegram.bot:DEBUG:  No new updates found.
2023-09-24 02:53:14,212:telegram.bot:DEBUG:  []
2023-09-24 02:53:14,212:telegram.bot:DEBUG:  Exiting: get_updates
2023-09-24 02:53:14,212:telegram.bot:DEBUG:  Entering: get_updates
2023-09-24 02:53:24,390:telegram.bot:DEBUG:  No new updates found.
2023-09-24 02:53:24,390:telegram.bot:DEBUG:  []
2023-09-24 02:53:24,390:telegram.bot:DEBUG:  Exiting: get_updates
2023-09-24 02:53:24,390:telegram.bot:DEBUG:  Entering: get_updates
2023-09-24 02:53:34,571:telegram.bot:DEBUG:  No new updates found.
2023-09-24 02:53:34,572:telegram.bot:DEBUG:  []
2023-09-24 02:53:34,572:telegram.bot:DEBUG:  Exiting: get_updates
2023-09-24 02:53:34,572:telegram.bot:DEBUG:  Entering: get_updates
2023-09-24 02:53:45,119:telegram.bot:DEBUG:  No new updates found.
2023-09-24 02:53:45,119:telegram.bot:DEBUG:  []
2023-09-24 02:53:45,119:telegram.bot:DEBUG:  Exiting: get_updates
2023-09-24 02:53:45,119:telegram.bot:DEBUG:  Entering: get_updates
2023-09-24 02:53:55,264:telegram.bot:DEBUG:  No new updates found.
2023-09-24 02:53:55,264:telegram.bot:DEBUG:  []
2023-09-24 02:53:55,264:telegram.bot:DEBUG:  Exiting: get_updates
2023-09-24 02:53:55,264:telegram.bot:DEBUG:  Entering: get_updates
2023-09-24 02:54:05,438:telegram.bot:DEBUG:  No new updates found.
2023-09-24 02:54:05,438:telegram.bot:DEBUG:  []
2023-09-24 02:54:05,438:telegram.bot:DEBUG:  Exiting: get_updates
2023-09-24 02:54:05,438:telegram.bot:DEBUG:  Entering: get_updates
2023-09-24 02:54:15,950:telegram.bot:DEBUG:  No new updates found.
2023-09-24 02:54:15,950:telegram.bot:DEBUG:  []
2023-09-24 02:54:15,951:telegram.bot:DEBUG:  Exiting: get_updates
2023-09-24 02:54:15,951:telegram.bot:DEBUG:  Entering: get_updates
2023-09-24 02:54:26,486:telegram.bot:DEBUG:  No new updates found.
2023-09-24 02:54:26,486:telegram.bot:DEBUG:  []
2023-09-24 02:54:26,486:telegram.bot:DEBUG:  Exiting: get_updates
2023-09-24 02:54:26,487:telegram.bot:DEBUG:  Entering: get_updates
2023-09-24 02:54:36,181:urllib3.connectionpool:DEBUG:  Starting new HTTPS connection (1): api.github.com:443
2023-09-24 02:54:37,179:telegram.bot:DEBUG:  No new updates found.
2023-09-24 02:54:37,179:telegram.bot:DEBUG:  []
2023-09-24 02:54:37,179:telegram.bot:DEBUG:  Exiting: get_updates
2023-09-24 02:54:37,179:telegram.bot:DEBUG:  Entering: get_updates
2023-09-24 02:54:39,994:urllib3.connectionpool:DEBUG:  https://api.github.com:443 "GET /repos/Expensify/App/issues/events HTTP/1.1" 200 None
2023-09-24 02:54:47,318:telegram.bot:DEBUG:  No new updates found.
2023-09-24 02:54:47,318:telegram.bot:DEBUG:  []
2023-09-24 02:54:47,319:telegram.bot:DEBUG:  Exiting: get_updates
2023-09-24 02:54:47,319:telegram.bot:DEBUG:  Entering: get_updates
2023-09-24 02:54:57,791:telegram.bot:DEBUG:  No new updates found.
2023-09-24 02:54:57,791:telegram.bot:DEBUG:  []
2023-09-24 02:54:57,791:telegram.bot:DEBUG:  Exiting: get_updates
2023-09-24 02:54:57,791:telegram.bot:DEBUG:  Entering: get_updates
2023-09-24 02:55:07,920:telegram.bot:DEBUG:  No new updates found.
2023-09-24 02:55:07,920:telegram.bot:DEBUG:  []
2023-09-24 02:55:07,920:telegram.bot:DEBUG:  Exiting: get_updates
2023-09-24 02:55:07,920:telegram.bot:DEBUG:  Entering: get_updates
2023-09-24 02:55:18,082:telegram.bot:DEBUG:  No new updates found.
2023-09-24 02:55:18,082:telegram.bot:DEBUG:  []
2023-09-24 02:55:18,082:telegram.bot:DEBUG:  Exiting: get_updates
2023-09-24 02:55:18,082:telegram.bot:DEBUG:  Entering: get_updates
2023-09-24 02:55:29,139:telegram.bot:DEBUG:  No new updates found.
2023-09-24 02:55:29,140:telegram.bot:DEBUG:  []
2023-09-24 02:55:29,140:telegram.bot:DEBUG:  Exiting: get_updates
2023-09-24 02:55:29,140:telegram.bot:DEBUG:  Entering: get_updates
2023-09-24 02:55:39,257:telegram.bot:DEBUG:  No new updates found.
2023-09-24 02:55:39,257:telegram.bot:DEBUG:  []
2023-09-24 02:55:39,257:telegram.bot:DEBUG:  Exiting: get_updates
2023-09-24 02:55:39,257:telegram.bot:DEBUG:  Entering: get_updates
2023-09-24 02:55:49,423:telegram.bot:DEBUG:  No new updates found.
2023-09-24 02:55:49,423:telegram.bot:DEBUG:  []
2023-09-24 02:55:49,423:telegram.bot:DEBUG:  Exiting: get_updates
2023-09-24 02:55:49,424:telegram.bot:DEBUG:  Entering: get_updates
2023-09-24 02:55:59,584:telegram.bot:DEBUG:  No new updates found.
2023-09-24 02:55:59,584:telegram.bot:DEBUG:  []
2023-09-24 02:55:59,585:telegram.bot:DEBUG:  Exiting: get_updates
2023-09-24 02:55:59,585:telegram.bot:DEBUG:  Entering: get_updates
2023-09-24 02:56:10,076:telegram.bot:DEBUG:  No new updates found.
2023-09-24 02:56:10,077:telegram.bot:DEBUG:  []
2023-09-24 02:56:10,077:telegram.bot:DEBUG:  Exiting: get_updates
2023-09-24 02:56:10,077:telegram.bot:DEBUG:  Entering: get_updates
2023-09-24 02:56:20,602:telegram.bot:DEBUG:  No new updates found.
2023-09-24 02:56:20,602:telegram.bot:DEBUG:  []
2023-09-24 02:56:20,602:telegram.bot:DEBUG:  Exiting: get_updates
2023-09-24 02:56:20,602:telegram.bot:DEBUG:  Entering: get_updates
2023-09-24 02:56:32,606:telegram.ext.updater:DEBUG:  Timed out getting Updates: Timed out
2023-09-24 02:56:32,606:telegram.bot:DEBUG:  Entering: get_updates
2023-09-24 02:56:45,641:telegram.bot:DEBUG:  No new updates found.
2023-09-24 02:56:45,641:telegram.bot:DEBUG:  []
2023-09-24 02:56:45,642:telegram.bot:DEBUG:  Exiting: get_updates
2023-09-24 02:56:45,642:telegram.bot:DEBUG:  Entering: get_updates
2023-09-24 02:56:55,802:telegram.bot:DEBUG:  No new updates found.
2023-09-24 02:56:55,802:telegram.bot:DEBUG:  []
2023-09-24 02:56:55,802:telegram.bot:DEBUG:  Exiting: get_updates
2023-09-24 02:56:55,802:telegram.bot:DEBUG:  Entering: get_updates
2023-09-24 02:57:05,961:telegram.bot:DEBUG:  No new updates found.
2023-09-24 02:57:05,962:telegram.bot:DEBUG:  []
2023-09-24 02:57:05,962:telegram.bot:DEBUG:  Exiting: get_updates
2023-09-24 02:57:05,962:telegram.bot:DEBUG:  Entering: get_updates
2023-09-24 02:57:16,440:telegram.bot:DEBUG:  No new updates found.
2023-09-24 02:57:16,440:telegram.bot:DEBUG:  []
2023-09-24 02:57:16,440:telegram.bot:DEBUG:  Exiting: get_updates
2023-09-24 02:57:16,440:telegram.bot:DEBUG:  Entering: get_updates
2023-09-24 02:57:26,564:telegram.bot:DEBUG:  No new updates found.
2023-09-24 02:57:26,564:telegram.bot:DEBUG:  []
2023-09-24 02:57:26,564:telegram.bot:DEBUG:  Exiting: get_updates
2023-09-24 02:57:26,564:telegram.bot:DEBUG:  Entering: get_updates
2023-09-24 02:57:36,682:telegram.bot:DEBUG:  No new updates found.
2023-09-24 02:57:36,682:telegram.bot:DEBUG:  []
2023-09-24 02:57:36,682:telegram.bot:DEBUG:  Exiting: get_updates
2023-09-24 02:57:36,682:telegram.bot:DEBUG:  Entering: get_updates
2023-09-24 02:57:47,128:telegram.bot:DEBUG:  No new updates found.
2023-09-24 02:57:47,128:telegram.bot:DEBUG:  []
2023-09-24 02:57:47,129:telegram.bot:DEBUG:  Exiting: get_updates
2023-09-24 02:57:47,129:telegram.bot:DEBUG:  Entering: get_updates
2023-09-24 02:57:57,257:telegram.bot:DEBUG:  No new updates found.
2023-09-24 02:57:57,257:telegram.bot:DEBUG:  []
2023-09-24 02:57:57,257:telegram.bot:DEBUG:  Exiting: get_updates
2023-09-24 02:57:57,257:telegram.bot:DEBUG:  Entering: get_updates
2023-09-24 02:58:07,403:telegram.bot:DEBUG:  No new updates found.
2023-09-24 02:58:07,404:telegram.bot:DEBUG:  []
2023-09-24 02:58:07,404:telegram.bot:DEBUG:  Exiting: get_updates
2023-09-24 02:58:07,405:telegram.bot:DEBUG:  Entering: get_updates
2023-09-24 02:58:17,533:telegram.bot:DEBUG:  No new updates found.
2023-09-24 02:58:17,535:telegram.bot:DEBUG:  []
2023-09-24 02:58:17,535:telegram.bot:DEBUG:  Exiting: get_updates
2023-09-24 02:58:17,535:telegram.bot:DEBUG:  Entering: get_updates
2023-09-24 02:58:27,762:telegram.bot:DEBUG:  No new updates found.
2023-09-24 02:58:27,762:telegram.bot:DEBUG:  []
2023-09-24 02:58:27,762:telegram.bot:DEBUG:  Exiting: get_updates
2023-09-24 02:58:27,762:telegram.bot:DEBUG:  Entering: get_updates
2023-09-24 02:58:37,893:telegram.bot:DEBUG:  No new updates found.
2023-09-24 02:58:37,893:telegram.bot:DEBUG:  []
2023-09-24 02:58:37,893:telegram.bot:DEBUG:  Exiting: get_updates
2023-09-24 02:58:37,893:telegram.bot:DEBUG:  Entering: get_updates
2023-09-24 02:58:48,123:telegram.bot:DEBUG:  No new updates found.
2023-09-24 02:58:48,123:telegram.bot:DEBUG:  []
2023-09-24 02:58:48,123:telegram.bot:DEBUG:  Exiting: get_updates
2023-09-24 02:58:48,123:telegram.bot:DEBUG:  Entering: get_updates
2023-09-24 02:58:58,480:telegram.bot:DEBUG:  No new updates found.
2023-09-24 02:58:58,480:telegram.bot:DEBUG:  []
2023-09-24 02:58:58,480:telegram.bot:DEBUG:  Exiting: get_updates
2023-09-24 02:58:58,480:telegram.bot:DEBUG:  Entering: get_updates
2023-09-24 02:59:08,613:telegram.bot:DEBUG:  No new updates found.
2023-09-24 02:59:08,614:telegram.bot:DEBUG:  []
2023-09-24 02:59:08,614:telegram.bot:DEBUG:  Exiting: get_updates
2023-09-24 02:59:08,615:telegram.bot:DEBUG:  Entering: get_updates
2023-09-24 02:59:18,764:telegram.bot:DEBUG:  No new updates found.
2023-09-24 02:59:18,765:telegram.bot:DEBUG:  []
2023-09-24 02:59:18,765:telegram.bot:DEBUG:  Exiting: get_updates
2023-09-24 02:59:18,765:telegram.bot:DEBUG:  Entering: get_updates
2023-09-24 02:59:28,891:telegram.bot:DEBUG:  No new updates found.
2023-09-24 02:59:28,892:telegram.bot:DEBUG:  []
2023-09-24 02:59:28,892:telegram.bot:DEBUG:  Exiting: get_updates
2023-09-24 02:59:28,892:telegram.bot:DEBUG:  Entering: get_updates
2023-09-24 02:59:39,486:telegram.bot:DEBUG:  No new updates found.
2023-09-24 02:59:39,487:telegram.bot:DEBUG:  []
2023-09-24 02:59:39,487:telegram.bot:DEBUG:  Exiting: get_updates
2023-09-24 02:59:39,488:telegram.bot:DEBUG:  Entering: get_updates
2023-09-24 02:59:49,614:telegram.bot:DEBUG:  No new updates found.
2023-09-24 02:59:49,615:telegram.bot:DEBUG:  []
2023-09-24 02:59:49,616:telegram.bot:DEBUG:  Exiting: get_updates
2023-09-24 02:59:49,616:telegram.bot:DEBUG:  Entering: get_updates
2023-09-24 02:59:59,766:telegram.bot:DEBUG:  No new updates found.
2023-09-24 02:59:59,767:telegram.bot:DEBUG:  []
2023-09-24 02:59:59,767:telegram.bot:DEBUG:  Exiting: get_updates
2023-09-24 02:59:59,767:telegram.bot:DEBUG:  Entering: get_updates
2023-09-24 03:00:10,288:telegram.bot:DEBUG:  No new updates found.
2023-09-24 03:00:10,289:telegram.bot:DEBUG:  []
2023-09-24 03:00:10,289:telegram.bot:DEBUG:  Exiting: get_updates
2023-09-24 03:00:10,289:telegram.bot:DEBUG:  Entering: get_updates
2023-09-24 03:00:20,454:telegram.bot:DEBUG:  No new updates found.
2023-09-24 03:00:20,454:telegram.bot:DEBUG:  []
2023-09-24 03:00:20,455:telegram.bot:DEBUG:  Exiting: get_updates
2023-09-24 03:00:20,455:telegram.bot:DEBUG:  Entering: get_updates
2023-09-24 03:00:30,606:telegram.bot:DEBUG:  No new updates found.
2023-09-24 03:00:30,607:telegram.bot:DEBUG:  []
2023-09-24 03:00:30,607:telegram.bot:DEBUG:  Exiting: get_updates
2023-09-24 03:00:30,607:telegram.bot:DEBUG:  Entering: get_updates
2023-09-24 03:00:40,752:telegram.bot:DEBUG:  No new updates found.
2023-09-24 03:00:40,753:telegram.bot:DEBUG:  []
2023-09-24 03:00:40,753:telegram.bot:DEBUG:  Exiting: get_updates
2023-09-24 03:00:40,753:telegram.bot:DEBUG:  Entering: get_updates
2023-09-24 03:00:50,878:telegram.bot:DEBUG:  No new updates found.
2023-09-24 03:00:50,878:telegram.bot:DEBUG:  []
2023-09-24 03:00:50,878:telegram.bot:DEBUG:  Exiting: get_updates
2023-09-24 03:00:50,878:telegram.bot:DEBUG:  Entering: get_updates
2023-09-24 03:01:01,013:telegram.bot:DEBUG:  No new updates found.
2023-09-24 03:01:01,013:telegram.bot:DEBUG:  []
2023-09-24 03:01:01,014:telegram.bot:DEBUG:  Exiting: get_updates
2023-09-24 03:01:01,014:telegram.bot:DEBUG:  Entering: get_updates
2023-09-24 03:01:11,209:telegram.bot:DEBUG:  No new updates found.
2023-09-24 03:01:11,209:telegram.bot:DEBUG:  []
2023-09-24 03:01:11,209:telegram.bot:DEBUG:  Exiting: get_updates
2023-09-24 03:01:11,210:telegram.bot:DEBUG:  Entering: get_updates
2023-09-24 03:01:21,367:telegram.bot:DEBUG:  No new updates found.
2023-09-24 03:01:21,368:telegram.bot:DEBUG:  []
2023-09-24 03:01:21,368:telegram.bot:DEBUG:  Exiting: get_updates
2023-09-24 03:01:21,368:telegram.bot:DEBUG:  Entering: get_updates
2023-09-24 03:01:31,913:telegram.bot:DEBUG:  No new updates found.
2023-09-24 03:01:31,913:telegram.bot:DEBUG:  []
2023-09-24 03:01:31,913:telegram.bot:DEBUG:  Exiting: get_updates
2023-09-24 03:01:31,928:telegram.bot:DEBUG:  Entering: get_updates
2023-09-24 03:01:42,086:telegram.bot:DEBUG:  No new updates found.
2023-09-24 03:01:42,086:telegram.bot:DEBUG:  []
2023-09-24 03:01:42,086:telegram.bot:DEBUG:  Exiting: get_updates
2023-09-24 03:01:42,087:telegram.bot:DEBUG:  Entering: get_updates
2023-09-24 03:01:52,567:telegram.bot:DEBUG:  No new updates found.
2023-09-24 03:01:52,567:telegram.bot:DEBUG:  []
2023-09-24 03:01:52,568:telegram.bot:DEBUG:  Exiting: get_updates
2023-09-24 03:01:52,568:telegram.bot:DEBUG:  Entering: get_updates
2023-09-24 03:02:02,735:telegram.bot:DEBUG:  No new updates found.
2023-09-24 03:02:02,736:telegram.bot:DEBUG:  []
2023-09-24 03:02:02,736:telegram.bot:DEBUG:  Exiting: get_updates
2023-09-24 03:02:02,736:telegram.bot:DEBUG:  Entering: get_updates
2023-09-24 03:02:12,879:telegram.bot:DEBUG:  No new updates found.
2023-09-24 03:02:12,895:telegram.bot:DEBUG:  []
2023-09-24 03:02:12,895:telegram.bot:DEBUG:  Exiting: get_updates
2023-09-24 03:02:12,895:telegram.bot:DEBUG:  Entering: get_updates
2023-09-24 03:02:23,011:telegram.bot:DEBUG:  No new updates found.
2023-09-24 03:02:23,011:telegram.bot:DEBUG:  []
2023-09-24 03:02:23,011:telegram.bot:DEBUG:  Exiting: get_updates
2023-09-24 03:02:23,011:telegram.bot:DEBUG:  Entering: get_updates
2023-09-24 03:02:33,207:telegram.bot:DEBUG:  No new updates found.
2023-09-24 03:02:33,208:telegram.bot:DEBUG:  []
2023-09-24 03:02:33,208:telegram.bot:DEBUG:  Exiting: get_updates
2023-09-24 03:02:33,208:telegram.bot:DEBUG:  Entering: get_updates
2023-09-24 03:02:43,369:telegram.bot:DEBUG:  No new updates found.
2023-09-24 03:02:43,369:telegram.bot:DEBUG:  []
2023-09-24 03:02:43,369:telegram.bot:DEBUG:  Exiting: get_updates
2023-09-24 03:02:43,369:telegram.bot:DEBUG:  Entering: get_updates
2023-09-24 03:02:53,516:telegram.bot:DEBUG:  No new updates found.
2023-09-24 03:02:53,516:telegram.bot:DEBUG:  []
2023-09-24 03:02:53,516:telegram.bot:DEBUG:  Exiting: get_updates
2023-09-24 03:02:53,516:telegram.bot:DEBUG:  Entering: get_updates
2023-09-24 03:03:04,006:telegram.bot:DEBUG:  No new updates found.
2023-09-24 03:03:04,006:telegram.bot:DEBUG:  []
2023-09-24 03:03:04,007:telegram.bot:DEBUG:  Exiting: get_updates
2023-09-24 03:03:04,007:telegram.bot:DEBUG:  Entering: get_updates
2023-09-24 03:03:14,166:telegram.bot:DEBUG:  No new updates found.
2023-09-24 03:03:14,166:telegram.bot:DEBUG:  []
2023-09-24 03:03:14,167:telegram.bot:DEBUG:  Exiting: get_updates
2023-09-24 03:03:14,167:telegram.bot:DEBUG:  Entering: get_updates
2023-09-24 03:03:24,328:telegram.bot:DEBUG:  No new updates found.
2023-09-24 03:03:24,328:telegram.bot:DEBUG:  []
2023-09-24 03:03:24,328:telegram.bot:DEBUG:  Exiting: get_updates
2023-09-24 03:03:24,329:telegram.bot:DEBUG:  Entering: get_updates
2023-09-24 03:03:35,035:telegram.bot:DEBUG:  No new updates found.
2023-09-24 03:03:35,035:telegram.bot:DEBUG:  []
2023-09-24 03:03:35,035:telegram.bot:DEBUG:  Exiting: get_updates
2023-09-24 03:03:35,035:telegram.bot:DEBUG:  Entering: get_updates
2023-09-24 03:03:46,407:telegram.bot:DEBUG:  No new updates found.
2023-09-24 03:03:46,408:telegram.bot:DEBUG:  []
2023-09-24 03:03:46,408:telegram.bot:DEBUG:  Exiting: get_updates
2023-09-24 03:03:46,408:telegram.bot:DEBUG:  Entering: get_updates
2023-09-24 03:03:56,566:telegram.bot:DEBUG:  No new updates found.
2023-09-24 03:03:56,566:telegram.bot:DEBUG:  []
2023-09-24 03:03:56,567:telegram.bot:DEBUG:  Exiting: get_updates
2023-09-24 03:03:56,567:telegram.bot:DEBUG:  Entering: get_updates
2023-09-24 03:04:06,906:telegram.bot:DEBUG:  No new updates found.
2023-09-24 03:04:06,906:telegram.bot:DEBUG:  []
2023-09-24 03:04:06,906:telegram.bot:DEBUG:  Exiting: get_updates
2023-09-24 03:04:06,906:telegram.bot:DEBUG:  Entering: get_updates
2023-09-24 03:04:17,368:telegram.bot:DEBUG:  No new updates found.
2023-09-24 03:04:17,369:telegram.bot:DEBUG:  []
2023-09-24 03:04:17,369:telegram.bot:DEBUG:  Exiting: get_updates
2023-09-24 03:04:17,369:telegram.bot:DEBUG:  Entering: get_updates
2023-09-24 03:04:27,498:telegram.bot:DEBUG:  No new updates found.
2023-09-24 03:04:27,498:telegram.bot:DEBUG:  []
2023-09-24 03:04:27,498:telegram.bot:DEBUG:  Exiting: get_updates
2023-09-24 03:04:27,498:telegram.bot:DEBUG:  Entering: get_updates
2023-09-24 03:04:37,979:telegram.bot:DEBUG:  No new updates found.
2023-09-24 03:04:37,979:telegram.bot:DEBUG:  []
2023-09-24 03:04:37,979:telegram.bot:DEBUG:  Exiting: get_updates
2023-09-24 03:04:37,979:telegram.bot:DEBUG:  Entering: get_updates
2023-09-24 03:04:48,490:telegram.bot:DEBUG:  No new updates found.
2023-09-24 03:04:48,490:telegram.bot:DEBUG:  []
2023-09-24 03:04:48,490:telegram.bot:DEBUG:  Exiting: get_updates
2023-09-24 03:04:48,490:telegram.bot:DEBUG:  Entering: get_updates
2023-09-24 03:04:58,645:telegram.bot:DEBUG:  No new updates found.
2023-09-24 03:04:58,645:telegram.bot:DEBUG:  []
2023-09-24 03:04:58,646:telegram.bot:DEBUG:  Exiting: get_updates
2023-09-24 03:04:58,646:telegram.bot:DEBUG:  Entering: get_updates
2023-09-24 03:05:09,200:telegram.bot:DEBUG:  No new updates found.
2023-09-24 03:05:09,200:telegram.bot:DEBUG:  []
2023-09-24 03:05:09,200:telegram.bot:DEBUG:  Exiting: get_updates
2023-09-24 03:05:09,200:telegram.bot:DEBUG:  Entering: get_updates
2023-09-24 03:05:19,369:telegram.bot:DEBUG:  No new updates found.
2023-09-24 03:05:19,369:telegram.bot:DEBUG:  []
2023-09-24 03:05:19,370:telegram.bot:DEBUG:  Exiting: get_updates
2023-09-24 03:05:19,370:telegram.bot:DEBUG:  Entering: get_updates
2023-09-24 03:05:29,843:telegram.bot:DEBUG:  No new updates found.
2023-09-24 03:05:29,843:telegram.bot:DEBUG:  []
2023-09-24 03:05:29,843:telegram.bot:DEBUG:  Exiting: get_updates
2023-09-24 03:05:29,843:telegram.bot:DEBUG:  Entering: get_updates
2023-09-24 03:05:39,999:telegram.bot:DEBUG:  No new updates found.
2023-09-24 03:05:39,999:telegram.bot:DEBUG:  []
2023-09-24 03:05:40,000:telegram.bot:DEBUG:  Exiting: get_updates
2023-09-24 03:05:40,000:telegram.bot:DEBUG:  Entering: get_updates
2023-09-24 03:05:50,200:telegram.bot:DEBUG:  No new updates found.
2023-09-24 03:05:50,201:telegram.bot:DEBUG:  []
2023-09-24 03:05:50,201:telegram.bot:DEBUG:  Exiting: get_updates
2023-09-24 03:05:50,201:telegram.bot:DEBUG:  Entering: get_updates
2023-09-24 03:06:00,399:telegram.bot:DEBUG:  No new updates found.
2023-09-24 03:06:00,399:telegram.bot:DEBUG:  []
2023-09-24 03:06:00,399:telegram.bot:DEBUG:  Exiting: get_updates
2023-09-24 03:06:00,399:telegram.bot:DEBUG:  Entering: get_updates
2023-09-24 03:06:10,557:telegram.bot:DEBUG:  No new updates found.
2023-09-24 03:06:10,557:telegram.bot:DEBUG:  []
2023-09-24 03:06:10,558:telegram.bot:DEBUG:  Exiting: get_updates
2023-09-24 03:06:10,558:telegram.bot:DEBUG:  Entering: get_updates
2023-09-24 03:06:21,308:telegram.bot:DEBUG:  No new updates found.
2023-09-24 03:06:21,308:telegram.bot:DEBUG:  []
2023-09-24 03:06:21,308:telegram.bot:DEBUG:  Exiting: get_updates
2023-09-24 03:06:21,309:telegram.bot:DEBUG:  Entering: get_updates
2023-09-24 03:06:31,504:telegram.bot:DEBUG:  No new updates found.
2023-09-24 03:06:31,504:telegram.bot:DEBUG:  []
2023-09-24 03:06:31,504:telegram.bot:DEBUG:  Exiting: get_updates
2023-09-24 03:06:31,504:telegram.bot:DEBUG:  Entering: get_updates
2023-09-24 03:06:41,627:telegram.bot:DEBUG:  No new updates found.
2023-09-24 03:06:41,627:telegram.bot:DEBUG:  []
2023-09-24 03:06:41,627:telegram.bot:DEBUG:  Exiting: get_updates
2023-09-24 03:06:41,627:telegram.bot:DEBUG:  Entering: get_updates
2023-09-24 03:06:52,116:telegram.bot:DEBUG:  No new updates found.
2023-09-24 03:06:52,116:telegram.bot:DEBUG:  []
2023-09-24 03:06:52,116:telegram.bot:DEBUG:  Exiting: get_updates
2023-09-24 03:06:52,116:telegram.bot:DEBUG:  Entering: get_updates
2023-09-24 03:07:02,302:telegram.bot:DEBUG:  No new updates found.
2023-09-24 03:07:02,302:telegram.bot:DEBUG:  []
2023-09-24 03:07:02,302:telegram.bot:DEBUG:  Exiting: get_updates
2023-09-24 03:07:02,303:telegram.bot:DEBUG:  Entering: get_updates
2023-09-24 03:07:12,422:telegram.bot:DEBUG:  No new updates found.
2023-09-24 03:07:12,422:telegram.bot:DEBUG:  []
2023-09-24 03:07:12,422:telegram.bot:DEBUG:  Exiting: get_updates
2023-09-24 03:07:12,422:telegram.bot:DEBUG:  Entering: get_updates
2023-09-24 03:07:22,582:telegram.bot:DEBUG:  No new updates found.
2023-09-24 03:07:22,583:telegram.bot:DEBUG:  []
2023-09-24 03:07:22,584:telegram.bot:DEBUG:  Exiting: get_updates
2023-09-24 03:07:22,585:telegram.bot:DEBUG:  Entering: get_updates
2023-09-24 03:07:33,062:telegram.bot:DEBUG:  No new updates found.
2023-09-24 03:07:33,063:telegram.bot:DEBUG:  []
2023-09-24 03:07:33,063:telegram.bot:DEBUG:  Exiting: get_updates
2023-09-24 03:07:33,065:telegram.bot:DEBUG:  Entering: get_updates
2023-09-24 03:07:43,845:telegram.bot:DEBUG:  No new updates found.
2023-09-24 03:07:43,846:telegram.bot:DEBUG:  []
2023-09-24 03:07:43,846:telegram.bot:DEBUG:  Exiting: get_updates
2023-09-24 03:07:43,846:telegram.bot:DEBUG:  Entering: get_updates
2023-09-24 03:07:54,726:telegram.bot:DEBUG:  No new updates found.
2023-09-24 03:07:54,726:telegram.bot:DEBUG:  []
2023-09-24 03:07:54,726:telegram.bot:DEBUG:  Exiting: get_updates
2023-09-24 03:07:54,727:telegram.bot:DEBUG:  Entering: get_updates
2023-09-24 03:08:04,857:telegram.bot:DEBUG:  No new updates found.
2023-09-24 03:08:04,858:telegram.bot:DEBUG:  []
2023-09-24 03:08:04,858:telegram.bot:DEBUG:  Exiting: get_updates
2023-09-24 03:08:04,858:telegram.bot:DEBUG:  Entering: get_updates
2023-09-24 03:08:14,988:telegram.bot:DEBUG:  No new updates found.
2023-09-24 03:08:14,988:telegram.bot:DEBUG:  []
2023-09-24 03:08:14,989:telegram.bot:DEBUG:  Exiting: get_updates
2023-09-24 03:08:14,989:telegram.bot:DEBUG:  Entering: get_updates
2023-09-24 03:08:25,490:telegram.bot:DEBUG:  No new updates found.
2023-09-24 03:08:25,491:telegram.bot:DEBUG:  []
2023-09-24 03:08:25,491:telegram.bot:DEBUG:  Exiting: get_updates
2023-09-24 03:08:25,491:telegram.bot:DEBUG:  Entering: get_updates
2023-09-24 03:08:35,641:telegram.bot:DEBUG:  No new updates found.
2023-09-24 03:08:35,641:telegram.bot:DEBUG:  []
2023-09-24 03:08:35,641:telegram.bot:DEBUG:  Exiting: get_updates
2023-09-24 03:08:35,641:telegram.bot:DEBUG:  Entering: get_updates
2023-09-24 03:08:46,051:telegram.bot:DEBUG:  No new updates found.
2023-09-24 03:08:46,051:telegram.bot:DEBUG:  []
2023-09-24 03:08:46,051:telegram.bot:DEBUG:  Exiting: get_updates
2023-09-24 03:08:46,052:telegram.bot:DEBUG:  Entering: get_updates
2023-09-24 03:08:56,206:telegram.bot:DEBUG:  No new updates found.
2023-09-24 03:08:56,206:telegram.bot:DEBUG:  []
2023-09-24 03:08:56,206:telegram.bot:DEBUG:  Exiting: get_updates
2023-09-24 03:08:56,207:telegram.bot:DEBUG:  Entering: get_updates
2023-09-24 03:09:06,358:telegram.bot:DEBUG:  No new updates found.
2023-09-24 03:09:06,358:telegram.bot:DEBUG:  []
2023-09-24 03:09:06,359:telegram.bot:DEBUG:  Exiting: get_updates
2023-09-24 03:09:06,359:telegram.bot:DEBUG:  Entering: get_updates
2023-09-24 03:09:16,517:telegram.bot:DEBUG:  No new updates found.
2023-09-24 03:09:16,518:telegram.bot:DEBUG:  []
2023-09-24 03:09:16,518:telegram.bot:DEBUG:  Exiting: get_updates
2023-09-24 03:09:16,518:telegram.bot:DEBUG:  Entering: get_updates
2023-09-24 03:09:26,990:telegram.bot:DEBUG:  No new updates found.
2023-09-24 03:09:26,990:telegram.bot:DEBUG:  []
2023-09-24 03:09:26,990:telegram.bot:DEBUG:  Exiting: get_updates
2023-09-24 03:09:26,990:telegram.bot:DEBUG:  Entering: get_updates
2023-09-24 03:09:37,134:telegram.bot:DEBUG:  No new updates found.
2023-09-24 03:09:37,134:telegram.bot:DEBUG:  []
2023-09-24 03:09:37,135:telegram.bot:DEBUG:  Exiting: get_updates
2023-09-24 03:09:37,136:telegram.bot:DEBUG:  Entering: get_updates
2023-09-24 03:09:47,263:telegram.bot:DEBUG:  No new updates found.
2023-09-24 03:09:47,263:telegram.bot:DEBUG:  []
2023-09-24 03:09:47,266:telegram.bot:DEBUG:  Exiting: get_updates
2023-09-24 03:09:47,266:telegram.bot:DEBUG:  Entering: get_updates
2023-09-24 03:09:57,394:telegram.bot:DEBUG:  No new updates found.
2023-09-24 03:09:57,394:telegram.bot:DEBUG:  []
2023-09-24 03:09:57,394:telegram.bot:DEBUG:  Exiting: get_updates
2023-09-24 03:09:57,394:telegram.bot:DEBUG:  Entering: get_updates
2023-09-24 03:10:07,558:telegram.bot:DEBUG:  No new updates found.
2023-09-24 03:10:07,559:telegram.bot:DEBUG:  []
2023-09-24 03:10:07,559:telegram.bot:DEBUG:  Exiting: get_updates
2023-09-24 03:10:07,559:telegram.bot:DEBUG:  Entering: get_updates
2023-09-24 03:10:17,688:telegram.bot:DEBUG:  No new updates found.
2023-09-24 03:10:17,688:telegram.bot:DEBUG:  []
2023-09-24 03:10:17,689:telegram.bot:DEBUG:  Exiting: get_updates
2023-09-24 03:10:17,689:telegram.bot:DEBUG:  Entering: get_updates
2023-09-24 03:10:27,880:telegram.bot:DEBUG:  No new updates found.
2023-09-24 03:10:27,881:telegram.bot:DEBUG:  []
2023-09-24 03:10:27,881:telegram.bot:DEBUG:  Exiting: get_updates
2023-09-24 03:10:27,881:telegram.bot:DEBUG:  Entering: get_updates
2023-09-24 03:10:38,661:telegram.bot:DEBUG:  No new updates found.
2023-09-24 03:10:38,661:telegram.bot:DEBUG:  []
2023-09-24 03:10:38,661:telegram.bot:DEBUG:  Exiting: get_updates
2023-09-24 03:10:38,661:telegram.bot:DEBUG:  Entering: get_updates
2023-09-24 03:10:49,122:telegram.bot:DEBUG:  No new updates found.
2023-09-24 03:10:49,123:telegram.bot:DEBUG:  []
2023-09-24 03:10:49,123:telegram.bot:DEBUG:  Exiting: get_updates
2023-09-24 03:10:49,123:telegram.bot:DEBUG:  Entering: get_updates
2023-09-24 03:10:59,779:telegram.bot:DEBUG:  No new updates found.
2023-09-24 03:10:59,779:telegram.bot:DEBUG:  []
2023-09-24 03:10:59,779:telegram.bot:DEBUG:  Exiting: get_updates
2023-09-24 03:10:59,780:telegram.bot:DEBUG:  Entering: get_updates
2023-09-24 03:11:10,684:telegram.bot:DEBUG:  No new updates found.
2023-09-24 03:11:10,684:telegram.bot:DEBUG:  []
2023-09-24 03:11:10,684:telegram.bot:DEBUG:  Exiting: get_updates
2023-09-24 03:11:10,684:telegram.bot:DEBUG:  Entering: get_updates
2023-09-24 03:11:20,894:telegram.bot:DEBUG:  No new updates found.
2023-09-24 03:11:20,894:telegram.bot:DEBUG:  []
2023-09-24 03:11:20,894:telegram.bot:DEBUG:  Exiting: get_updates
2023-09-24 03:11:20,894:telegram.bot:DEBUG:  Entering: get_updates
2023-09-24 03:11:31,248:telegram.bot:DEBUG:  No new updates found.
2023-09-24 03:11:31,248:telegram.bot:DEBUG:  []
2023-09-24 03:11:31,248:telegram.bot:DEBUG:  Exiting: get_updates
2023-09-24 03:11:31,248:telegram.bot:DEBUG:  Entering: get_updates
2023-09-24 03:11:41,393:telegram.bot:DEBUG:  No new updates found.
2023-09-24 03:11:41,393:telegram.bot:DEBUG:  []
2023-09-24 03:11:41,393:telegram.bot:DEBUG:  Exiting: get_updates
2023-09-24 03:11:41,393:telegram.bot:DEBUG:  Entering: get_updates
2023-09-24 03:11:52,038:telegram.bot:DEBUG:  No new updates found.
2023-09-24 03:11:52,039:telegram.bot:DEBUG:  []
2023-09-24 03:11:52,039:telegram.bot:DEBUG:  Exiting: get_updates
2023-09-24 03:11:52,039:telegram.bot:DEBUG:  Entering: get_updates
2023-09-24 03:12:02,200:telegram.bot:DEBUG:  No new updates found.
2023-09-24 03:12:02,200:telegram.bot:DEBUG:  []
2023-09-24 03:12:02,201:telegram.bot:DEBUG:  Exiting: get_updates
2023-09-24 03:12:02,201:telegram.bot:DEBUG:  Entering: get_updates
2023-09-24 03:12:12,440:telegram.bot:DEBUG:  No new updates found.
2023-09-24 03:12:12,441:telegram.bot:DEBUG:  []
2023-09-24 03:12:12,441:telegram.bot:DEBUG:  Exiting: get_updates
2023-09-24 03:12:12,441:telegram.bot:DEBUG:  Entering: get_updates
2023-09-24 03:12:23,046:telegram.bot:DEBUG:  No new updates found.
2023-09-24 03:12:23,046:telegram.bot:DEBUG:  []
2023-09-24 03:12:23,046:telegram.bot:DEBUG:  Exiting: get_updates
2023-09-24 03:12:23,046:telegram.bot:DEBUG:  Entering: get_updates
2023-09-24 03:12:33,592:telegram.bot:DEBUG:  No new updates found.
2023-09-24 03:12:33,592:telegram.bot:DEBUG:  []
2023-09-24 03:12:33,593:telegram.bot:DEBUG:  Exiting: get_updates
2023-09-24 03:12:33,593:telegram.bot:DEBUG:  Entering: get_updates
2023-09-24 03:12:43,728:telegram.bot:DEBUG:  No new updates found.
2023-09-24 03:12:43,729:telegram.bot:DEBUG:  []
2023-09-24 03:12:43,729:telegram.bot:DEBUG:  Exiting: get_updates
2023-09-24 03:12:43,730:telegram.bot:DEBUG:  Entering: get_updates
2023-09-24 03:12:53,879:telegram.bot:DEBUG:  No new updates found.
2023-09-24 03:12:53,879:telegram.bot:DEBUG:  []
2023-09-24 03:12:53,879:telegram.bot:DEBUG:  Exiting: get_updates
2023-09-24 03:12:53,879:telegram.bot:DEBUG:  Entering: get_updates
2023-09-24 03:13:04,046:telegram.bot:DEBUG:  No new updates found.
2023-09-24 03:13:04,046:telegram.bot:DEBUG:  []
2023-09-24 03:13:04,046:telegram.bot:DEBUG:  Exiting: get_updates
2023-09-24 03:13:04,046:telegram.bot:DEBUG:  Entering: get_updates
2023-09-24 03:13:14,192:telegram.bot:DEBUG:  No new updates found.
2023-09-24 03:13:14,192:telegram.bot:DEBUG:  []
2023-09-24 03:13:14,192:telegram.bot:DEBUG:  Exiting: get_updates
2023-09-24 03:13:14,192:telegram.bot:DEBUG:  Entering: get_updates
2023-09-24 03:13:24,352:telegram.bot:DEBUG:  No new updates found.
2023-09-24 03:13:24,352:telegram.bot:DEBUG:  []
2023-09-24 03:13:24,352:telegram.bot:DEBUG:  Exiting: get_updates
2023-09-24 03:13:24,352:telegram.bot:DEBUG:  Entering: get_updates
2023-09-24 03:13:34,485:telegram.bot:DEBUG:  No new updates found.
2023-09-24 03:13:34,485:telegram.bot:DEBUG:  []
2023-09-24 03:13:34,485:telegram.bot:DEBUG:  Exiting: get_updates
2023-09-24 03:13:34,485:telegram.bot:DEBUG:  Entering: get_updates
2023-09-24 03:13:44,641:telegram.bot:DEBUG:  No new updates found.
2023-09-24 03:13:44,641:telegram.bot:DEBUG:  []
2023-09-24 03:13:44,641:telegram.bot:DEBUG:  Exiting: get_updates
2023-09-24 03:13:44,642:telegram.bot:DEBUG:  Entering: get_updates
2023-09-24 03:13:58,675:telegram.bot:DEBUG:  No new updates found.
2023-09-24 03:13:58,675:telegram.bot:DEBUG:  []
2023-09-24 03:13:58,675:telegram.bot:DEBUG:  Exiting: get_updates
2023-09-24 03:13:58,675:telegram.bot:DEBUG:  Entering: get_updates
2023-09-24 03:14:08,809:telegram.bot:DEBUG:  No new updates found.
2023-09-24 03:14:08,809:telegram.bot:DEBUG:  []
2023-09-24 03:14:08,809:telegram.bot:DEBUG:  Exiting: get_updates
2023-09-24 03:14:08,810:telegram.bot:DEBUG:  Entering: get_updates
2023-09-24 03:14:18,996:telegram.bot:DEBUG:  No new updates found.
2023-09-24 03:14:18,996:telegram.bot:DEBUG:  []
2023-09-24 03:14:18,996:telegram.bot:DEBUG:  Exiting: get_updates
2023-09-24 03:14:18,996:telegram.bot:DEBUG:  Entering: get_updates
2023-09-24 03:14:29,133:telegram.bot:DEBUG:  No new updates found.
2023-09-24 03:14:29,133:telegram.bot:DEBUG:  []
2023-09-24 03:14:29,133:telegram.bot:DEBUG:  Exiting: get_updates
2023-09-24 03:14:29,133:telegram.bot:DEBUG:  Entering: get_updates
2023-09-24 03:14:39,274:telegram.bot:DEBUG:  No new updates found.
2023-09-24 03:14:39,274:telegram.bot:DEBUG:  []
2023-09-24 03:14:39,274:telegram.bot:DEBUG:  Exiting: get_updates
2023-09-24 03:14:39,274:telegram.bot:DEBUG:  Entering: get_updates
2023-09-24 03:14:49,481:telegram.bot:DEBUG:  No new updates found.
2023-09-24 03:14:49,481:telegram.bot:DEBUG:  []
2023-09-24 03:14:49,481:telegram.bot:DEBUG:  Exiting: get_updates
2023-09-24 03:14:49,482:telegram.bot:DEBUG:  Entering: get_updates
2023-09-24 03:14:59,641:telegram.bot:DEBUG:  No new updates found.
2023-09-24 03:14:59,642:telegram.bot:DEBUG:  []
2023-09-24 03:14:59,642:telegram.bot:DEBUG:  Exiting: get_updates
2023-09-24 03:14:59,643:telegram.bot:DEBUG:  Entering: get_updates
2023-09-24 03:15:09,784:telegram.bot:DEBUG:  No new updates found.
2023-09-24 03:15:09,784:telegram.bot:DEBUG:  []
2023-09-24 03:15:09,784:telegram.bot:DEBUG:  Exiting: get_updates
2023-09-24 03:15:09,785:telegram.bot:DEBUG:  Entering: get_updates
2023-09-24 03:15:20,305:telegram.bot:DEBUG:  No new updates found.
2023-09-24 03:15:20,305:telegram.bot:DEBUG:  []
2023-09-24 03:15:20,305:telegram.bot:DEBUG:  Exiting: get_updates
2023-09-24 03:15:20,306:telegram.bot:DEBUG:  Entering: get_updates
2023-09-24 03:15:30,449:telegram.bot:DEBUG:  No new updates found.
2023-09-24 03:15:30,449:telegram.bot:DEBUG:  []
2023-09-24 03:15:30,449:telegram.bot:DEBUG:  Exiting: get_updates
2023-09-24 03:15:30,449:telegram.bot:DEBUG:  Entering: get_updates
2023-09-24 03:15:40,922:telegram.bot:DEBUG:  No new updates found.
2023-09-24 03:15:40,922:telegram.bot:DEBUG:  []
2023-09-24 03:15:40,922:telegram.bot:DEBUG:  Exiting: get_updates
2023-09-24 03:15:40,922:telegram.bot:DEBUG:  Entering: get_updates
2023-09-24 03:15:51,415:telegram.bot:DEBUG:  No new updates found.
2023-09-24 03:15:51,417:telegram.bot:DEBUG:  []
2023-09-24 03:15:51,418:telegram.bot:DEBUG:  Exiting: get_updates
2023-09-24 03:15:51,419:telegram.bot:DEBUG:  Entering: get_updates
2023-09-24 03:16:01,917:telegram.bot:DEBUG:  No new updates found.
2023-09-24 03:16:01,917:telegram.bot:DEBUG:  []
2023-09-24 03:16:01,917:telegram.bot:DEBUG:  Exiting: get_updates
2023-09-24 03:16:01,917:telegram.bot:DEBUG:  Entering: get_updates
2023-09-24 03:16:12,327:telegram.bot:DEBUG:  No new updates found.
2023-09-24 03:16:12,327:telegram.bot:DEBUG:  []
2023-09-24 03:16:12,327:telegram.bot:DEBUG:  Exiting: get_updates
2023-09-24 03:16:12,327:telegram.bot:DEBUG:  Entering: get_updates
2023-09-24 03:16:22,847:telegram.bot:DEBUG:  No new updates found.
2023-09-24 03:16:22,848:telegram.bot:DEBUG:  []
2023-09-24 03:16:22,848:telegram.bot:DEBUG:  Exiting: get_updates
2023-09-24 03:16:22,848:telegram.bot:DEBUG:  Entering: get_updates
2023-09-24 03:16:33,182:telegram.bot:DEBUG:  No new updates found.
2023-09-24 03:16:33,182:telegram.bot:DEBUG:  []
2023-09-24 03:16:33,182:telegram.bot:DEBUG:  Exiting: get_updates
2023-09-24 03:16:33,182:telegram.bot:DEBUG:  Entering: get_updates
2023-09-24 03:16:43,318:telegram.bot:DEBUG:  No new updates found.
2023-09-24 03:16:43,318:telegram.bot:DEBUG:  []
2023-09-24 03:16:43,318:telegram.bot:DEBUG:  Exiting: get_updates
2023-09-24 03:16:43,318:telegram.bot:DEBUG:  Entering: get_updates
2023-09-24 03:16:53,961:telegram.bot:DEBUG:  No new updates found.
2023-09-24 03:16:53,961:telegram.bot:DEBUG:  []
2023-09-24 03:16:53,961:telegram.bot:DEBUG:  Exiting: get_updates
2023-09-24 03:16:53,962:telegram.bot:DEBUG:  Entering: get_updates
2023-09-24 03:17:04,086:telegram.bot:DEBUG:  No new updates found.
2023-09-24 03:17:04,086:telegram.bot:DEBUG:  []
2023-09-24 03:17:04,086:telegram.bot:DEBUG:  Exiting: get_updates
2023-09-24 03:17:04,086:telegram.bot:DEBUG:  Entering: get_updates
2023-09-24 03:17:14,217:telegram.bot:DEBUG:  No new updates found.
2023-09-24 03:17:14,217:telegram.bot:DEBUG:  []
2023-09-24 03:17:14,217:telegram.bot:DEBUG:  Exiting: get_updates
2023-09-24 03:17:14,217:telegram.bot:DEBUG:  Entering: get_updates
2023-09-24 03:17:24,354:telegram.bot:DEBUG:  No new updates found.
2023-09-24 03:17:24,354:telegram.bot:DEBUG:  []
2023-09-24 03:17:24,354:telegram.bot:DEBUG:  Exiting: get_updates
2023-09-24 03:17:24,354:telegram.bot:DEBUG:  Entering: get_updates
2023-09-24 03:17:34,666:telegram.bot:DEBUG:  No new updates found.
2023-09-24 03:17:34,666:telegram.bot:DEBUG:  []
2023-09-24 03:17:34,666:telegram.bot:DEBUG:  Exiting: get_updates
2023-09-24 03:17:34,666:telegram.bot:DEBUG:  Entering: get_updates
2023-09-24 03:17:44,837:telegram.bot:DEBUG:  No new updates found.
2023-09-24 03:17:44,837:telegram.bot:DEBUG:  []
2023-09-24 03:17:44,838:telegram.bot:DEBUG:  Exiting: get_updates
2023-09-24 03:17:44,838:telegram.bot:DEBUG:  Entering: get_updates
2023-09-24 03:17:54,951:telegram.bot:DEBUG:  No new updates found.
2023-09-24 03:17:54,951:telegram.bot:DEBUG:  []
2023-09-24 03:17:54,951:telegram.bot:DEBUG:  Exiting: get_updates
2023-09-24 03:17:54,951:telegram.bot:DEBUG:  Entering: get_updates
2023-09-24 03:18:05,161:telegram.bot:DEBUG:  No new updates found.
2023-09-24 03:18:05,161:telegram.bot:DEBUG:  []
2023-09-24 03:18:05,161:telegram.bot:DEBUG:  Exiting: get_updates
2023-09-24 03:18:05,161:telegram.bot:DEBUG:  Entering: get_updates
2023-09-24 03:18:15,322:telegram.bot:DEBUG:  No new updates found.
2023-09-24 03:18:15,322:telegram.bot:DEBUG:  []
2023-09-24 03:18:15,322:telegram.bot:DEBUG:  Exiting: get_updates
2023-09-24 03:18:15,322:telegram.bot:DEBUG:  Entering: get_updates
2023-09-24 03:18:25,446:telegram.bot:DEBUG:  No new updates found.
2023-09-24 03:18:25,446:telegram.bot:DEBUG:  []
2023-09-24 03:18:25,446:telegram.bot:DEBUG:  Exiting: get_updates
2023-09-24 03:18:25,446:telegram.bot:DEBUG:  Entering: get_updates
2023-09-24 03:18:36,041:telegram.bot:DEBUG:  No new updates found.
2023-09-24 03:18:36,042:telegram.bot:DEBUG:  []
2023-09-24 03:18:36,042:telegram.bot:DEBUG:  Exiting: get_updates
2023-09-24 03:18:36,043:telegram.bot:DEBUG:  Entering: get_updates
2023-09-24 03:18:46,170:telegram.bot:DEBUG:  No new updates found.
2023-09-24 03:18:46,170:telegram.bot:DEBUG:  []
2023-09-24 03:18:46,170:telegram.bot:DEBUG:  Exiting: get_updates
2023-09-24 03:18:46,170:telegram.bot:DEBUG:  Entering: get_updates
2023-09-24 03:18:56,684:telegram.bot:DEBUG:  No new updates found.
2023-09-24 03:18:56,684:telegram.bot:DEBUG:  []
2023-09-24 03:18:56,685:telegram.bot:DEBUG:  Exiting: get_updates
2023-09-24 03:18:56,685:telegram.bot:DEBUG:  Entering: get_updates
2023-09-24 03:19:07,188:telegram.bot:DEBUG:  No new updates found.
2023-09-24 03:19:07,189:telegram.bot:DEBUG:  []
2023-09-24 03:19:07,189:telegram.bot:DEBUG:  Exiting: get_updates
2023-09-24 03:19:07,189:telegram.bot:DEBUG:  Entering: get_updates
2023-09-24 03:19:17,327:telegram.bot:DEBUG:  No new updates found.
2023-09-24 03:19:17,328:telegram.bot:DEBUG:  []
2023-09-24 03:19:17,328:telegram.bot:DEBUG:  Exiting: get_updates
2023-09-24 03:19:17,328:telegram.bot:DEBUG:  Entering: get_updates
2023-09-24 03:19:43,054:telegram.ext.dispatcher:DEBUG:  Setting singleton dispatcher as <telegram.ext.dispatcher.Dispatcher object at 0x0000025E46C21230>
2023-09-24 03:19:43,179:apscheduler.scheduler:INFO:  Scheduler started
2023-09-24 03:19:43,226:apscheduler.scheduler:DEBUG:  Looking for jobs to run
2023-09-24 03:19:43,226:telegram.bot:DEBUG:  Entering: get_me
2023-09-24 03:19:43,226:apscheduler.scheduler:DEBUG:  No jobs; waiting until a job is added
2023-09-24 03:19:47,208:telegram.bot:DEBUG:  {'supports_inline_queries': False, 'first_name': 'IssueNotified', 'id': 6685183482, 'can_join_groups': False, 'is_bot': True, 'username': 'IssueNotifiedBot', 'can_read_all_group_messages': False}
2023-09-24 03:19:47,209:telegram.bot:DEBUG:  Exiting: get_me
2023-09-24 03:19:47,211:telegram.ext.updater:DEBUG:  Bot:6685183482:dispatcher - started
2023-09-24 03:19:47,213:telegram.ext.updater:DEBUG:  Bot:6685183482:updater - started
2023-09-24 03:19:47,214:telegram.ext.updater:DEBUG:  Waiting for Dispatcher and polling to start
2023-09-24 03:19:47,214:telegram.ext.updater:DEBUG:  Updater thread started (polling)
2023-09-24 03:19:47,215:telegram.ext.updater:DEBUG:  Start network loop retry bootstrap del webhook
2023-09-24 03:19:47,215:telegram.ext.updater:DEBUG:  Deleting webhook
2023-09-24 03:19:47,215:telegram.bot:DEBUG:  Entering: delete_webhook
2023-09-24 03:19:47,225:telegram.ext.dispatcher:DEBUG:  Dispatcher started
2023-09-24 03:19:47,476:telegram.bot:DEBUG:  True
2023-09-24 03:19:47,476:telegram.bot:DEBUG:  Exiting: delete_webhook
2023-09-24 03:19:47,476:telegram.ext.updater:DEBUG:  Bootstrap done
2023-09-24 03:19:47,476:telegram.ext.updater:DEBUG:  Start network loop retry getting Updates
2023-09-24 03:19:47,476:telegram.bot:DEBUG:  Entering: get_updates
2023-09-24 03:19:58,794:telegram.bot:DEBUG:  No new updates found.
2023-09-24 03:19:58,794:telegram.bot:DEBUG:  []
2023-09-24 03:19:58,794:telegram.bot:DEBUG:  Exiting: get_updates
2023-09-24 03:19:58,795:telegram.bot:DEBUG:  Entering: get_updates
2023-09-24 03:20:08,924:telegram.bot:DEBUG:  No new updates found.
2023-09-24 03:20:08,924:telegram.bot:DEBUG:  []
2023-09-24 03:20:08,924:telegram.bot:DEBUG:  Exiting: get_updates
2023-09-24 03:20:08,924:telegram.bot:DEBUG:  Entering: get_updates
2023-09-24 03:20:19,489:telegram.bot:DEBUG:  No new updates found.
2023-09-24 03:20:19,489:telegram.bot:DEBUG:  []
2023-09-24 03:20:19,489:telegram.bot:DEBUG:  Exiting: get_updates
2023-09-24 03:20:19,489:telegram.bot:DEBUG:  Entering: get_updates
2023-09-24 03:20:29,965:telegram.bot:DEBUG:  No new updates found.
2023-09-24 03:20:29,965:telegram.bot:DEBUG:  []
2023-09-24 03:20:29,965:telegram.bot:DEBUG:  Exiting: get_updates
2023-09-24 03:20:29,965:telegram.bot:DEBUG:  Entering: get_updates
2023-09-24 03:20:40,117:telegram.bot:DEBUG:  No new updates found.
2023-09-24 03:20:40,117:telegram.bot:DEBUG:  []
2023-09-24 03:20:40,117:telegram.bot:DEBUG:  Exiting: get_updates
2023-09-24 03:20:40,117:telegram.bot:DEBUG:  Entering: get_updates
2023-09-24 03:20:50,361:telegram.bot:DEBUG:  No new updates found.
2023-09-24 03:20:50,362:telegram.bot:DEBUG:  []
2023-09-24 03:20:50,362:telegram.bot:DEBUG:  Exiting: get_updates
2023-09-24 03:20:50,362:telegram.bot:DEBUG:  Entering: get_updates
2023-09-24 03:21:00,496:telegram.bot:DEBUG:  No new updates found.
2023-09-24 03:21:00,496:telegram.bot:DEBUG:  []
2023-09-24 03:21:00,496:telegram.bot:DEBUG:  Exiting: get_updates
2023-09-24 03:21:00,496:telegram.bot:DEBUG:  Entering: get_updates
2023-09-24 03:21:10,673:telegram.bot:DEBUG:  No new updates found.
2023-09-24 03:21:10,673:telegram.bot:DEBUG:  []
2023-09-24 03:21:10,674:telegram.bot:DEBUG:  Exiting: get_updates
2023-09-24 03:21:10,674:telegram.bot:DEBUG:  Entering: get_updates
2023-09-24 03:21:21,030:telegram.bot:DEBUG:  No new updates found.
2023-09-24 03:21:21,030:telegram.bot:DEBUG:  []
2023-09-24 03:21:21,030:telegram.bot:DEBUG:  Exiting: get_updates
2023-09-24 03:21:21,030:telegram.bot:DEBUG:  Entering: get_updates
2023-09-24 03:21:31,158:telegram.bot:DEBUG:  No new updates found.
2023-09-24 03:21:31,158:telegram.bot:DEBUG:  []
2023-09-24 03:21:31,158:telegram.bot:DEBUG:  Exiting: get_updates
2023-09-24 03:21:31,158:telegram.bot:DEBUG:  Entering: get_updates
2023-09-24 03:21:41,764:telegram.bot:DEBUG:  No new updates found.
2023-09-24 03:21:41,764:telegram.bot:DEBUG:  []
2023-09-24 03:21:41,764:telegram.bot:DEBUG:  Exiting: get_updates
2023-09-24 03:21:41,764:telegram.bot:DEBUG:  Entering: get_updates
2023-09-24 03:21:52,095:telegram.bot:DEBUG:  No new updates found.
2023-09-24 03:21:52,095:telegram.bot:DEBUG:  []
2023-09-24 03:21:52,095:telegram.bot:DEBUG:  Exiting: get_updates
2023-09-24 03:21:52,095:telegram.bot:DEBUG:  Entering: get_updates
2023-09-24 03:22:02,247:telegram.bot:DEBUG:  No new updates found.
2023-09-24 03:22:02,247:telegram.bot:DEBUG:  []
2023-09-24 03:22:02,247:telegram.bot:DEBUG:  Exiting: get_updates
2023-09-24 03:22:02,247:telegram.bot:DEBUG:  Entering: get_updates
2023-09-24 03:22:12,399:telegram.bot:DEBUG:  No new updates found.
2023-09-24 03:22:12,399:telegram.bot:DEBUG:  []
2023-09-24 03:22:12,400:telegram.bot:DEBUG:  Exiting: get_updates
2023-09-24 03:22:12,400:telegram.bot:DEBUG:  Entering: get_updates
2023-09-24 03:22:22,520:telegram.bot:DEBUG:  No new updates found.
2023-09-24 03:22:22,520:telegram.bot:DEBUG:  []
2023-09-24 03:22:22,520:telegram.bot:DEBUG:  Exiting: get_updates
2023-09-24 03:22:22,520:telegram.bot:DEBUG:  Entering: get_updates
2023-09-24 03:22:33,201:telegram.bot:DEBUG:  No new updates found.
2023-09-24 03:22:33,202:telegram.bot:DEBUG:  []
2023-09-24 03:22:33,203:telegram.bot:DEBUG:  Exiting: get_updates
2023-09-24 03:22:33,203:telegram.bot:DEBUG:  Entering: get_updates
2023-09-24 03:22:43,433:telegram.bot:DEBUG:  No new updates found.
2023-09-24 03:22:43,433:telegram.bot:DEBUG:  []
2023-09-24 03:22:43,433:telegram.bot:DEBUG:  Exiting: get_updates
2023-09-24 03:22:43,433:telegram.bot:DEBUG:  Entering: get_updates
2023-09-24 03:22:54,211:telegram.bot:DEBUG:  No new updates found.
2023-09-24 03:22:54,212:telegram.bot:DEBUG:  []
2023-09-24 03:22:54,212:telegram.bot:DEBUG:  Exiting: get_updates
2023-09-24 03:22:54,213:telegram.bot:DEBUG:  Entering: get_updates
2023-09-24 03:23:04,894:telegram.bot:DEBUG:  No new updates found.
2023-09-24 03:23:04,894:telegram.bot:DEBUG:  []
2023-09-24 03:23:04,894:telegram.bot:DEBUG:  Exiting: get_updates
2023-09-24 03:23:04,894:telegram.bot:DEBUG:  Entering: get_updates
2023-09-24 03:23:15,025:telegram.bot:DEBUG:  No new updates found.
2023-09-24 03:23:15,026:telegram.bot:DEBUG:  []
2023-09-24 03:23:15,026:telegram.bot:DEBUG:  Exiting: get_updates
2023-09-24 03:23:15,026:telegram.bot:DEBUG:  Entering: get_updates
2023-09-24 03:23:25,215:telegram.bot:DEBUG:  No new updates found.
2023-09-24 03:23:25,215:telegram.bot:DEBUG:  []
2023-09-24 03:23:25,215:telegram.bot:DEBUG:  Exiting: get_updates
2023-09-24 03:23:25,215:telegram.bot:DEBUG:  Entering: get_updates
2023-09-24 03:23:35,411:telegram.bot:DEBUG:  No new updates found.
2023-09-24 03:23:35,411:telegram.bot:DEBUG:  []
2023-09-24 03:23:35,411:telegram.bot:DEBUG:  Exiting: get_updates
2023-09-24 03:23:35,412:telegram.bot:DEBUG:  Entering: get_updates
2023-09-24 03:23:46,453:telegram.bot:DEBUG:  No new updates found.
2023-09-24 03:23:46,453:telegram.bot:DEBUG:  []
2023-09-24 03:23:46,453:telegram.bot:DEBUG:  Exiting: get_updates
2023-09-24 03:23:46,453:telegram.bot:DEBUG:  Entering: get_updates
2023-09-24 03:23:56,613:telegram.bot:DEBUG:  No new updates found.
2023-09-24 03:23:56,614:telegram.bot:DEBUG:  []
2023-09-24 03:23:56,614:telegram.bot:DEBUG:  Exiting: get_updates
2023-09-24 03:23:56,614:telegram.bot:DEBUG:  Entering: get_updates
2023-09-24 03:24:07,171:telegram.bot:DEBUG:  No new updates found.
2023-09-24 03:24:07,171:telegram.bot:DEBUG:  []
2023-09-24 03:24:07,171:telegram.bot:DEBUG:  Exiting: get_updates
2023-09-24 03:24:07,171:telegram.bot:DEBUG:  Entering: get_updates
2023-09-24 03:24:17,723:telegram.bot:DEBUG:  No new updates found.
2023-09-24 03:24:17,723:telegram.bot:DEBUG:  []
2023-09-24 03:24:17,723:telegram.bot:DEBUG:  Exiting: get_updates
2023-09-24 03:24:17,723:telegram.bot:DEBUG:  Entering: get_updates
2023-09-24 03:24:27,853:telegram.bot:DEBUG:  No new updates found.
2023-09-24 03:24:27,853:telegram.bot:DEBUG:  []
2023-09-24 03:24:27,853:telegram.bot:DEBUG:  Exiting: get_updates
2023-09-24 03:24:27,853:telegram.bot:DEBUG:  Entering: get_updates
2023-09-24 03:24:38,131:telegram.bot:DEBUG:  No new updates found.
2023-09-24 03:24:38,132:telegram.bot:DEBUG:  []
2023-09-24 03:24:38,132:telegram.bot:DEBUG:  Exiting: get_updates
2023-09-24 03:24:38,133:telegram.bot:DEBUG:  Entering: get_updates
2023-09-24 03:24:48,287:telegram.bot:DEBUG:  No new updates found.
2023-09-24 03:24:48,287:telegram.bot:DEBUG:  []
2023-09-24 03:24:48,287:telegram.bot:DEBUG:  Exiting: get_updates
2023-09-24 03:24:48,287:telegram.bot:DEBUG:  Entering: get_updates
2023-09-24 03:24:58,417:telegram.bot:DEBUG:  No new updates found.
2023-09-24 03:24:58,417:telegram.bot:DEBUG:  []
2023-09-24 03:24:58,417:telegram.bot:DEBUG:  Exiting: get_updates
2023-09-24 03:24:58,417:telegram.bot:DEBUG:  Entering: get_updates
2023-09-24 03:25:08,693:telegram.bot:DEBUG:  No new updates found.
2023-09-24 03:25:08,693:telegram.bot:DEBUG:  []
2023-09-24 03:25:08,693:telegram.bot:DEBUG:  Exiting: get_updates
2023-09-24 03:25:08,694:telegram.bot:DEBUG:  Entering: get_updates
2023-09-24 03:25:19,188:telegram.bot:DEBUG:  No new updates found.
2023-09-24 03:25:19,188:telegram.bot:DEBUG:  []
2023-09-24 03:25:19,192:telegram.bot:DEBUG:  Exiting: get_updates
2023-09-24 03:25:19,193:telegram.bot:DEBUG:  Entering: get_updates
2023-09-24 03:25:29,353:telegram.bot:DEBUG:  No new updates found.
2023-09-24 03:25:29,353:telegram.bot:DEBUG:  []
2023-09-24 03:25:29,353:telegram.bot:DEBUG:  Exiting: get_updates
2023-09-24 03:25:29,354:telegram.bot:DEBUG:  Entering: get_updates
2023-09-24 03:25:39,890:telegram.bot:DEBUG:  No new updates found.
2023-09-24 03:25:39,890:telegram.bot:DEBUG:  []
2023-09-24 03:25:39,891:telegram.bot:DEBUG:  Exiting: get_updates
2023-09-24 03:25:39,891:telegram.bot:DEBUG:  Entering: get_updates
2023-09-24 03:25:50,416:telegram.bot:DEBUG:  No new updates found.
2023-09-24 03:25:50,417:telegram.bot:DEBUG:  []
2023-09-24 03:25:50,418:telegram.bot:DEBUG:  Exiting: get_updates
2023-09-24 03:25:50,418:telegram.bot:DEBUG:  Entering: get_updates
2023-09-24 03:26:00,609:telegram.bot:DEBUG:  No new updates found.
2023-09-24 03:26:00,609:telegram.bot:DEBUG:  []
2023-09-24 03:26:00,609:telegram.bot:DEBUG:  Exiting: get_updates
2023-09-24 03:26:00,609:telegram.bot:DEBUG:  Entering: get_updates
2023-09-24 03:26:11,070:telegram.bot:DEBUG:  No new updates found.
2023-09-24 03:26:11,070:telegram.bot:DEBUG:  []
2023-09-24 03:26:11,071:telegram.bot:DEBUG:  Exiting: get_updates
2023-09-24 03:26:11,071:telegram.bot:DEBUG:  Entering: get_updates
2023-09-24 03:26:22,409:telegram.bot:DEBUG:  No new updates found.
2023-09-24 03:26:22,410:telegram.bot:DEBUG:  []
2023-09-24 03:26:22,410:telegram.bot:DEBUG:  Exiting: get_updates
2023-09-24 03:26:22,410:telegram.bot:DEBUG:  Entering: get_updates
2023-09-24 03:26:32,613:telegram.bot:DEBUG:  No new updates found.
2023-09-24 03:26:32,614:telegram.bot:DEBUG:  []
2023-09-24 03:26:32,614:telegram.bot:DEBUG:  Exiting: get_updates
2023-09-24 03:26:32,615:telegram.bot:DEBUG:  Entering: get_updates
2023-09-24 03:26:43,712:telegram.bot:DEBUG:  No new updates found.
2023-09-24 03:26:43,713:telegram.bot:DEBUG:  []
2023-09-24 03:26:43,713:telegram.bot:DEBUG:  Exiting: get_updates
2023-09-24 03:26:43,713:telegram.bot:DEBUG:  Entering: get_updates
2023-09-24 03:26:54,197:telegram.bot:DEBUG:  No new updates found.
2023-09-24 03:26:54,198:telegram.bot:DEBUG:  []
2023-09-24 03:26:54,198:telegram.bot:DEBUG:  Exiting: get_updates
2023-09-24 03:26:54,198:telegram.bot:DEBUG:  Entering: get_updates
2023-09-24 03:27:04,386:telegram.bot:DEBUG:  No new updates found.
2023-09-24 03:27:04,387:telegram.bot:DEBUG:  []
2023-09-24 03:27:04,387:telegram.bot:DEBUG:  Exiting: get_updates
2023-09-24 03:27:04,387:telegram.bot:DEBUG:  Entering: get_updates
2023-09-24 03:27:14,532:telegram.bot:DEBUG:  No new updates found.
2023-09-24 03:27:14,532:telegram.bot:DEBUG:  []
2023-09-24 03:27:14,532:telegram.bot:DEBUG:  Exiting: get_updates
2023-09-24 03:27:14,532:telegram.bot:DEBUG:  Entering: get_updates
2023-09-24 03:27:25,324:telegram.bot:DEBUG:  No new updates found.
2023-09-24 03:27:25,325:telegram.bot:DEBUG:  []
2023-09-24 03:27:25,325:telegram.bot:DEBUG:  Exiting: get_updates
2023-09-24 03:27:25,326:telegram.bot:DEBUG:  Entering: get_updates
2023-09-24 03:27:35,474:telegram.bot:DEBUG:  No new updates found.
2023-09-24 03:27:35,475:telegram.bot:DEBUG:  []
2023-09-24 03:27:35,475:telegram.bot:DEBUG:  Exiting: get_updates
2023-09-24 03:27:35,476:telegram.bot:DEBUG:  Entering: get_updates
2023-09-24 03:27:47,258:telegram.bot:DEBUG:  No new updates found.
2023-09-24 03:27:47,258:telegram.bot:DEBUG:  []
2023-09-24 03:27:47,258:telegram.bot:DEBUG:  Exiting: get_updates
2023-09-24 03:27:47,259:telegram.bot:DEBUG:  Entering: get_updates
2023-09-24 03:27:57,383:telegram.bot:DEBUG:  No new updates found.
2023-09-24 03:27:57,383:telegram.bot:DEBUG:  []
2023-09-24 03:27:57,383:telegram.bot:DEBUG:  Exiting: get_updates
2023-09-24 03:27:57,383:telegram.bot:DEBUG:  Entering: get_updates
2023-09-24 03:28:07,537:telegram.bot:DEBUG:  No new updates found.
2023-09-24 03:28:07,538:telegram.bot:DEBUG:  []
2023-09-24 03:28:07,538:telegram.bot:DEBUG:  Exiting: get_updates
2023-09-24 03:28:07,538:telegram.bot:DEBUG:  Entering: get_updates
2023-09-24 03:28:17,675:telegram.bot:DEBUG:  No new updates found.
2023-09-24 03:28:17,675:telegram.bot:DEBUG:  []
2023-09-24 03:28:17,675:telegram.bot:DEBUG:  Exiting: get_updates
2023-09-24 03:28:17,675:telegram.bot:DEBUG:  Entering: get_updates
2023-09-24 03:28:27,857:telegram.bot:DEBUG:  No new updates found.
2023-09-24 03:28:27,857:telegram.bot:DEBUG:  []
2023-09-24 03:28:27,857:telegram.bot:DEBUG:  Exiting: get_updates
2023-09-24 03:28:27,857:telegram.bot:DEBUG:  Entering: get_updates
2023-09-24 03:28:38,068:telegram.bot:DEBUG:  No new updates found.
2023-09-24 03:28:38,069:telegram.bot:DEBUG:  []
2023-09-24 03:28:38,069:telegram.bot:DEBUG:  Exiting: get_updates
2023-09-24 03:28:38,070:telegram.bot:DEBUG:  Entering: get_updates
2023-09-24 03:28:48,268:telegram.bot:DEBUG:  No new updates found.
2023-09-24 03:28:48,269:telegram.bot:DEBUG:  []
2023-09-24 03:28:48,269:telegram.bot:DEBUG:  Exiting: get_updates
2023-09-24 03:28:48,269:telegram.bot:DEBUG:  Entering: get_updates
2023-09-24 03:28:58,531:telegram.bot:DEBUG:  No new updates found.
2023-09-24 03:28:58,531:telegram.bot:DEBUG:  []
2023-09-24 03:28:58,532:telegram.bot:DEBUG:  Exiting: get_updates
2023-09-24 03:28:58,532:telegram.bot:DEBUG:  Entering: get_updates
2023-09-24 03:29:08,664:telegram.bot:DEBUG:  No new updates found.
2023-09-24 03:29:08,665:telegram.bot:DEBUG:  []
2023-09-24 03:29:08,665:telegram.bot:DEBUG:  Exiting: get_updates
2023-09-24 03:29:08,665:telegram.bot:DEBUG:  Entering: get_updates
2023-09-24 03:29:19,256:telegram.bot:DEBUG:  No new updates found.
2023-09-24 03:29:19,257:telegram.bot:DEBUG:  []
2023-09-24 03:29:19,258:telegram.bot:DEBUG:  Exiting: get_updates
2023-09-24 03:29:19,258:telegram.bot:DEBUG:  Entering: get_updates
2023-09-24 03:29:29,429:telegram.bot:DEBUG:  No new updates found.
2023-09-24 03:29:29,430:telegram.bot:DEBUG:  []
2023-09-24 03:29:29,430:telegram.bot:DEBUG:  Exiting: get_updates
2023-09-24 03:29:29,430:telegram.bot:DEBUG:  Entering: get_updates
2023-09-24 03:29:39,584:telegram.bot:DEBUG:  No new updates found.
2023-09-24 03:29:39,585:telegram.bot:DEBUG:  []
2023-09-24 03:29:39,585:telegram.bot:DEBUG:  Exiting: get_updates
2023-09-24 03:29:39,585:telegram.bot:DEBUG:  Entering: get_updates
2023-09-24 03:29:49,783:telegram.bot:DEBUG:  No new updates found.
2023-09-24 03:29:49,783:telegram.bot:DEBUG:  []
2023-09-24 03:29:49,783:telegram.bot:DEBUG:  Exiting: get_updates
2023-09-24 03:29:49,783:telegram.bot:DEBUG:  Entering: get_updates
2023-09-24 03:30:00,107:telegram.bot:DEBUG:  No new updates found.
2023-09-24 03:30:00,107:telegram.bot:DEBUG:  []
2023-09-24 03:30:00,107:telegram.bot:DEBUG:  Exiting: get_updates
2023-09-24 03:30:00,107:telegram.bot:DEBUG:  Entering: get_updates
2023-09-24 03:30:10,239:telegram.bot:DEBUG:  No new updates found.
2023-09-24 03:30:10,239:telegram.bot:DEBUG:  []
2023-09-24 03:30:10,240:telegram.bot:DEBUG:  Exiting: get_updates
2023-09-24 03:30:10,240:telegram.bot:DEBUG:  Entering: get_updates
2023-09-24 03:30:20,385:telegram.bot:DEBUG:  No new updates found.
2023-09-24 03:30:20,385:telegram.bot:DEBUG:  []
2023-09-24 03:30:20,385:telegram.bot:DEBUG:  Exiting: get_updates
2023-09-24 03:30:20,385:telegram.bot:DEBUG:  Entering: get_updates
2023-09-24 03:30:30,536:telegram.bot:DEBUG:  No new updates found.
2023-09-24 03:30:30,536:telegram.bot:DEBUG:  []
2023-09-24 03:30:30,537:telegram.bot:DEBUG:  Exiting: get_updates
2023-09-24 03:30:30,537:telegram.bot:DEBUG:  Entering: get_updates
2023-09-24 03:30:40,899:telegram.bot:DEBUG:  No new updates found.
2023-09-24 03:30:40,899:telegram.bot:DEBUG:  []
2023-09-24 03:30:40,900:telegram.bot:DEBUG:  Exiting: get_updates
2023-09-24 03:30:40,900:telegram.bot:DEBUG:  Entering: get_updates
2023-09-24 03:30:51,420:telegram.bot:DEBUG:  No new updates found.
2023-09-24 03:30:51,420:telegram.bot:DEBUG:  []
2023-09-24 03:30:51,421:telegram.bot:DEBUG:  Exiting: get_updates
2023-09-24 03:30:51,421:telegram.bot:DEBUG:  Entering: get_updates
2023-09-24 03:31:01,568:telegram.bot:DEBUG:  No new updates found.
2023-09-24 03:31:01,568:telegram.bot:DEBUG:  []
2023-09-24 03:31:01,568:telegram.bot:DEBUG:  Exiting: get_updates
2023-09-24 03:31:01,568:telegram.bot:DEBUG:  Entering: get_updates
2023-09-24 03:31:11,708:telegram.bot:DEBUG:  No new updates found.
2023-09-24 03:31:11,709:telegram.bot:DEBUG:  []
2023-09-24 03:31:11,709:telegram.bot:DEBUG:  Exiting: get_updates
2023-09-24 03:31:11,709:telegram.bot:DEBUG:  Entering: get_updates
2023-09-24 03:31:21,859:telegram.bot:DEBUG:  No new updates found.
2023-09-24 03:31:21,859:telegram.bot:DEBUG:  []
2023-09-24 03:31:21,859:telegram.bot:DEBUG:  Exiting: get_updates
2023-09-24 03:31:21,859:telegram.bot:DEBUG:  Entering: get_updates
2023-09-24 03:31:32,607:telegram.bot:DEBUG:  No new updates found.
2023-09-24 03:31:32,607:telegram.bot:DEBUG:  []
2023-09-24 03:31:32,607:telegram.bot:DEBUG:  Exiting: get_updates
2023-09-24 03:31:32,607:telegram.bot:DEBUG:  Entering: get_updates
2023-09-24 03:31:42,771:telegram.bot:DEBUG:  No new updates found.
2023-09-24 03:31:42,771:telegram.bot:DEBUG:  []
2023-09-24 03:31:42,771:telegram.bot:DEBUG:  Exiting: get_updates
2023-09-24 03:31:42,771:telegram.bot:DEBUG:  Entering: get_updates
2023-09-24 03:31:53,023:telegram.bot:DEBUG:  No new updates found.
2023-09-24 03:31:53,024:telegram.bot:DEBUG:  []
2023-09-24 03:31:53,024:telegram.bot:DEBUG:  Exiting: get_updates
2023-09-24 03:31:53,026:telegram.bot:DEBUG:  Entering: get_updates
2023-09-24 03:32:04,053:telegram.bot:DEBUG:  No new updates found.
2023-09-24 03:32:04,054:telegram.bot:DEBUG:  []
2023-09-24 03:32:04,054:telegram.bot:DEBUG:  Exiting: get_updates
2023-09-24 03:32:04,054:telegram.bot:DEBUG:  Entering: get_updates
2023-09-24 03:32:14,507:telegram.bot:DEBUG:  No new updates found.
2023-09-24 03:32:14,507:telegram.bot:DEBUG:  []
2023-09-24 03:32:14,507:telegram.bot:DEBUG:  Exiting: get_updates
2023-09-24 03:32:14,507:telegram.bot:DEBUG:  Entering: get_updates
2023-09-24 03:32:24,637:telegram.bot:DEBUG:  No new updates found.
2023-09-24 03:32:24,637:telegram.bot:DEBUG:  []
2023-09-24 03:32:24,637:telegram.bot:DEBUG:  Exiting: get_updates
2023-09-24 03:32:24,638:telegram.bot:DEBUG:  Entering: get_updates
2023-09-24 03:32:34,777:telegram.bot:DEBUG:  No new updates found.
2023-09-24 03:32:34,777:telegram.bot:DEBUG:  []
2023-09-24 03:32:34,777:telegram.bot:DEBUG:  Exiting: get_updates
2023-09-24 03:32:34,778:telegram.bot:DEBUG:  Entering: get_updates
2023-09-24 03:32:44,937:telegram.bot:DEBUG:  No new updates found.
2023-09-24 03:32:44,937:telegram.bot:DEBUG:  []
2023-09-24 03:32:44,937:telegram.bot:DEBUG:  Exiting: get_updates
2023-09-24 03:32:44,937:telegram.bot:DEBUG:  Entering: get_updates
2023-09-24 03:32:55,652:telegram.bot:DEBUG:  No new updates found.
2023-09-24 03:32:55,652:telegram.bot:DEBUG:  []
2023-09-24 03:32:55,652:telegram.bot:DEBUG:  Exiting: get_updates
2023-09-24 03:32:55,652:telegram.bot:DEBUG:  Entering: get_updates
2023-09-24 03:33:05,825:telegram.bot:DEBUG:  No new updates found.
2023-09-24 03:33:05,825:telegram.bot:DEBUG:  []
2023-09-24 03:33:05,825:telegram.bot:DEBUG:  Exiting: get_updates
2023-09-24 03:33:05,825:telegram.bot:DEBUG:  Entering: get_updates
2023-09-24 03:33:16,108:telegram.bot:DEBUG:  No new updates found.
2023-09-24 03:33:16,108:telegram.bot:DEBUG:  []
2023-09-24 03:33:16,108:telegram.bot:DEBUG:  Exiting: get_updates
2023-09-24 03:33:16,108:telegram.bot:DEBUG:  Entering: get_updates
2023-09-24 03:33:26,335:telegram.bot:DEBUG:  No new updates found.
2023-09-24 03:33:26,335:telegram.bot:DEBUG:  []
2023-09-24 03:33:26,335:telegram.bot:DEBUG:  Exiting: get_updates
2023-09-24 03:33:26,336:telegram.bot:DEBUG:  Entering: get_updates
2023-09-24 03:33:36,501:telegram.bot:DEBUG:  No new updates found.
2023-09-24 03:33:36,501:telegram.bot:DEBUG:  []
2023-09-24 03:33:36,501:telegram.bot:DEBUG:  Exiting: get_updates
2023-09-24 03:33:36,501:telegram.bot:DEBUG:  Entering: get_updates
2023-09-24 03:33:46,695:telegram.bot:DEBUG:  No new updates found.
2023-09-24 03:33:46,695:telegram.bot:DEBUG:  []
2023-09-24 03:33:46,695:telegram.bot:DEBUG:  Exiting: get_updates
2023-09-24 03:33:46,695:telegram.bot:DEBUG:  Entering: get_updates
2023-09-24 03:33:56,999:telegram.bot:DEBUG:  No new updates found.
2023-09-24 03:33:56,999:telegram.bot:DEBUG:  []
2023-09-24 03:33:56,999:telegram.bot:DEBUG:  Exiting: get_updates
2023-09-24 03:33:57,000:telegram.bot:DEBUG:  Entering: get_updates
2023-09-24 03:34:07,485:telegram.bot:DEBUG:  No new updates found.
2023-09-24 03:34:07,485:telegram.bot:DEBUG:  []
2023-09-24 03:34:07,485:telegram.bot:DEBUG:  Exiting: get_updates
2023-09-24 03:34:07,486:telegram.bot:DEBUG:  Entering: get_updates
2023-09-24 03:34:17,656:telegram.bot:DEBUG:  No new updates found.
2023-09-24 03:34:17,657:telegram.bot:DEBUG:  []
2023-09-24 03:34:17,657:telegram.bot:DEBUG:  Exiting: get_updates
2023-09-24 03:34:17,657:telegram.bot:DEBUG:  Entering: get_updates
2023-09-24 03:34:28,164:telegram.bot:DEBUG:  No new updates found.
2023-09-24 03:34:28,164:telegram.bot:DEBUG:  []
2023-09-24 03:34:28,164:telegram.bot:DEBUG:  Exiting: get_updates
2023-09-24 03:34:28,164:telegram.bot:DEBUG:  Entering: get_updates
2023-09-24 03:34:36,672:telegram.ext.updater:ERROR:  Error while getting Updates: urllib3 HTTPError ('Connection aborted.', RemoteDisconnected('Remote end closed connection without response'))
2023-09-24 03:34:36,673:telegram.ext.dispatcher:DEBUG:  Processing Update: urllib3 HTTPError ('Connection aborted.', RemoteDisconnected('Remote end closed connection without response'))
2023-09-24 03:34:36,676:__main__:ERROR:  urllib3 HTTPError ('Connection aborted.', RemoteDisconnected('Remote end closed connection without response'))
NoneType: None
2023-09-24 03:34:36,677:telegram.bot:DEBUG:  Entering: send_message
2023-09-24 03:34:37,673:telegram.bot:DEBUG:  Entering: get_updates
2023-09-24 03:34:40,760:telegram.bot:DEBUG:  {'delete_chat_photo': False, 'message_id': 1272, 'supergroup_chat_created': False, 'caption_entities': [], 'date': 1696621546, 'photo': [], 'entities': [], 'text': "An error occurred in the IssueNotified bot: \nurllib3 HTTPError ('Connection aborted.', RemoteDisconnected('Remote end closed connection without response'))", 'new_chat_members': [], 'chat': {'first_name': 'Robel', 'id': 5347094985, 'username': 'ZeMicah', 'type': 'private'}, 'group_chat_created': False, 'new_chat_photo': [], 'channel_chat_created': False, 'from': {'first_name': 'IssueNotified', 'id': 6685183482, 'is_bot': True, 'username': 'IssueNotifiedBot'}}
2023-09-24 03:34:40,771:telegram.bot:DEBUG:  Exiting: send_message
2023-09-24 03:34:43,218:urllib3.connectionpool:DEBUG:  Starting new HTTPS connection (1): api.github.com:443
2023-09-24 03:34:49,069:urllib3.connectionpool:DEBUG:  https://api.github.com:443 "GET /repos/Expensify/App/issues/events HTTP/1.1" 200 None
2023-09-24 03:34:49,263:telegram.bot:DEBUG:  Entering: send_message
2023-09-24 03:34:49,566:telegram.bot:DEBUG:  {'delete_chat_photo': False, 'message_id': 1273, 'supergroup_chat_created': False, 'caption_entities': [], 'date': 1696621555, 'photo': [], 'entities': [{'offset': 289, 'length': 89, 'type': 'url'}, {'offset': 405, 'length': 26, 'type': 'email'}, {'offset': 1474, 'length': 52, 'type': 'url'}, {'offset': 1641, 'length': 85, 'type': 'url'}, {'offset': 1787, 'length': 10, 'type': 'mention'}, {'offset': 1831, 'length': 66, 'type': 'url'}, {'offset': 1931, 'length': 88, 'type': 'url'}, {'offset': 2119, 'length': 47, 'type': 'url'}], 'text': "\U0001f514New issue on App                                     \n--------------------------------------                                     \n\n[$500] [Feature Request] Pressing back while writing notes makes text disappearDescription:\nIf you haven’t already, check out our [contributing guidelines](https://github.com/Expensify/ReactNativeChat/blob/main/contributingGuides/CONTRIBUTING.md) for onboarding and email contributors@expensify.com to request to join our Slack channel!\n___\n\n## Action Performed:\n1. Go to a contacts DM\n2. Click on Private Note\n3. Click on  My Note\n4. Type something (don't save)\n5. press the back button\n6. click on My Note again.\n7. Verify that the draft note you wrote has disappeared\n## Expected Result: \nThe note should not disappear\n## Actual Result: \nThe note disappears and we see a blank input page\n## Workaround:\nCan the user still use Expensify without this being fixed? Have you informed them of the workaround?\n\n## Platforms:\n<!---\nCheck off any platforms that are affected by this issue\n--->\nWhich of our officially supported platforms is this issue occurring on?\n- [ ] Android / native\n- [ ] Android / Chrome\n- [ ] iOS / native\n- [ ] iOS / Safari\n- [x] MacOS / Chrome / Safari\n- [ ] MacOS / Desktop\n\n**Version Number:**\n**Reproducible in staging?:**\n**Reproducible in production?:**\n**If this was caught during regression testing, add the test name, ID and link from TestRail:**\n**Email or phone of affected tester (no customers):**\n**Logs:** https://stackoverflow.com/c/expensify/questions/4856\n**Notes/Photos/Videos:** Any additional supporting documentation\n\n[Screencast from 19-09-23 01_16_24 AM IST.webm](https://github.com/Expensify/App/assets/43996225/e31a1536-6b6e-4764-8950-dc9af25fc38c)\n\n**Expensify/Expensify Issue URL:**\n**Issue reported by:** @Someshwar-Tripathi\n**Slack conversation:** https://expensify.slack.com/archives/C049HHMV9SM/p1695047398155859\n\n\n[View all open jobs on GitHub](https://github.com/Expensify/App/issues?q=is%3Aopen+is%3Aissue+label%3A%22Help+Wanted%22)\n\n<details><summary>Upwork Automation - Do Not Edit</summary>\n    <ul>\n        <li>Upwork Job URL: https://www.upwork.com/jobs/~012d86d9fa187b7292</li>\n        <li>Upwork Job ID: 1708808891588886528</li>\n        <li>Last Price Increase: 2023-10-02</li>\n    </ul>\n</details>\nAssignee: johncschuster\nTime released: 2023-10-06 19:44 PM", 'new_chat_members': [], 'chat': {'first_name': 'Robel', 'id': 5347094985, 'username': 'ZeMicah', 'type': 'private'}, 'group_chat_created': False, 'reply_markup': {'inline_keyboard': [[{'text': 'View Issue', 'url': 'https://github.com/Expensify/App/issues/28599'}]]}, 'new_chat_photo': [], 'channel_chat_created': False, 'from': {'first_name': 'IssueNotified', 'id': 6685183482, 'is_bot': True, 'username': 'IssueNotifiedBot'}}
2023-09-24 03:34:49,591:telegram.bot:DEBUG:  Exiting: send_message
2023-09-24 03:34:49,597:urllib3.connectionpool:DEBUG:  Starting new HTTPS connection (1): api.github.com:443
2023-09-24 03:34:53,261:telegram.bot:DEBUG:  No new updates found.
2023-09-24 03:34:53,261:telegram.bot:DEBUG:  []
2023-09-24 03:34:53,261:telegram.bot:DEBUG:  Exiting: get_updates
2023-09-24 03:34:53,262:telegram.bot:DEBUG:  Entering: get_updates
2023-09-24 03:34:53,884:urllib3.connectionpool:DEBUG:  https://api.github.com:443 "GET /repos/tensorflow/tensorflow/issues/events HTTP/1.1" 200 None
2023-09-24 03:34:54,140:telegram.bot:DEBUG:  Entering: send_message
2023-09-24 03:34:55,971:telegram.bot:DEBUG:  {'delete_chat_photo': False, 'message_id': 1274, 'supergroup_chat_created': False, 'caption_entities': [], 'date': 1696621561, 'photo': [], 'entities': [], 'text': "\U0001f514New issue on Tensorflow                                     \n--------------------------------------                                     \n\n[iOS] Add initial xcframework bazel supportDescription:\nThis adds xcframework support for 2 of the core libraries now that the\npublic bazel rules support producing static framework based\nxcframeworks. This forks the hide symbols script to be compatible with\noperating on multiple frameworks inside a given xcframework. Currently\nthis rules feature requires bazel 6.x rolling releases because it uses a\nnew API from the C++ starlark migration. That release should be public\nin the next few months, for now this doesn't affect 5.x because the new\ntargets are manual.\nAssignee: gbaned\nTime released: 2023-10-06 19:31 PM", 'new_chat_members': [], 'chat': {'first_name': 'Robel', 'id': 5347094985, 'username': 'ZeMicah', 'type': 'private'}, 'group_chat_created': False, 'reply_markup': {'inline_keyboard': [[{'text': 'View Issue', 'url': 'https://github.com/tensorflow/tensorflow/pull/56789'}]]}, 'new_chat_photo': [], 'channel_chat_created': False, 'from': {'first_name': 'IssueNotified', 'id': 6685183482, 'is_bot': True, 'username': 'IssueNotifiedBot'}}
2023-09-24 03:34:55,972:telegram.bot:DEBUG:  Exiting: send_message
2023-09-24 03:34:55,977:urllib3.connectionpool:DEBUG:  Starting new HTTPS connection (1): api.github.com:443
2023-09-24 03:34:59,837:urllib3.connectionpool:DEBUG:  https://api.github.com:443 "GET /repos/ansible/ansible/issues/events HTTP/1.1" 200 None
2023-09-24 03:35:00,033:telegram.bot:DEBUG:  Entering: send_message
2023-09-24 03:35:00,330:telegram.bot:DEBUG:  {'delete_chat_photo': False, 'message_id': 1275, 'supergroup_chat_created': False, 'caption_entities': [], 'date': 1696621565, 'photo': [], 'entities': [], 'text': '\U0001f514New issue on Ansible                                     \n--------------------------------------                                     \n\nremote log infoDescription:\n\n\n##### ISSUE TYPE\n\n<!--- Pick one below and delete the rest -->\n\n- Feature Pull Request\n\nTime released: 2023-10-06 15:29 PM', 'new_chat_members': [], 'chat': {'first_name': 'Robel', 'id': 5347094985, 'username': 'ZeMicah', 'type': 'private'}, 'group_chat_created': False, 'reply_markup': {'inline_keyboard': [[{'text': 'View Issue', 'url': 'https://github.com/ansible/ansible/pull/81711'}]]}, 'new_chat_photo': [], 'channel_chat_created': False, 'from': {'first_name': 'IssueNotified', 'id': 6685183482, 'is_bot': True, 'username': 'IssueNotifiedBot'}}
2023-09-24 03:35:00,331:telegram.bot:DEBUG:  Exiting: send_message
2023-09-24 03:35:00,336:urllib3.connectionpool:DEBUG:  Starting new HTTPS connection (1): api.github.com:443
2023-09-24 03:35:03,438:telegram.bot:DEBUG:  No new updates found.
2023-09-24 03:35:03,439:telegram.bot:DEBUG:  []
2023-09-24 03:35:03,439:telegram.bot:DEBUG:  Exiting: get_updates
2023-09-24 03:35:03,440:telegram.bot:DEBUG:  Entering: get_updates
2023-09-24 03:35:06,492:urllib3.connectionpool:DEBUG:  https://api.github.com:443 "GET /repos/scrapy/scrapy/issues/events HTTP/1.1" 200 None
2023-09-24 03:35:06,622:telegram.bot:DEBUG:  Entering: send_message
2023-09-24 03:35:06,841:telegram.bot:DEBUG:  {'delete_chat_photo': False, 'message_id': 1276, 'supergroup_chat_created': False, 'caption_entities': [], 'date': 1696621572, 'photo': [], 'entities': [], 'text': '\U0001f514New issue on Scrapy                                     \n--------------------------------------                                     \n\nChange supported PyPy versions to 3.9 and 3.10.Time released: 2023-10-06 10:15 AM', 'new_chat_members': [], 'chat': {'first_name': 'Robel', 'id': 5347094985, 'username': 'ZeMicah', 'type': 'private'}, 'group_chat_created': False, 'reply_markup': {'inline_keyboard': [[{'text': 'View Issue', 'url': 'https://github.com/scrapy/scrapy/pull/6087'}]]}, 'new_chat_photo': [], 'channel_chat_created': False, 'from': {'first_name': 'IssueNotified', 'id': 6685183482, 'is_bot': True, 'username': 'IssueNotifiedBot'}}
2023-09-24 03:35:06,841:telegram.bot:DEBUG:  Exiting: send_message
2023-09-24 03:35:06,841:urllib3.connectionpool:DEBUG:  Starting new HTTPS connection (1): api.github.com:443
2023-09-24 03:35:10,975:urllib3.connectionpool:DEBUG:  https://api.github.com:443 "GET /repos/matplotlib/matplotlib/issues/events HTTP/1.1" 200 None
2023-09-24 03:35:11,400:telegram.bot:DEBUG:  Entering: send_message
2023-09-24 03:35:11,684:telegram.bot:DEBUG:  {'delete_chat_photo': False, 'message_id': 1277, 'supergroup_chat_created': False, 'caption_entities': [], 'date': 1696621577, 'photo': [], 'entities': [{'offset': 668, 'length': 99, 'type': 'url'}, {'offset': 808, 'length': 49, 'type': 'url'}, {'offset': 926, 'length': 79, 'type': 'url'}, {'offset': 1092, 'length': 83, 'type': 'url'}, {'offset': 1221, 'length': 67, 'type': 'url'}, {'offset': 1306, 'length': 67, 'type': 'url'}], 'text': '\U0001f514New issue on Matplotlib                                     \n--------------------------------------                                     \n\nDOC: made "open PR on MPL" a section in contribute guideDescription:\n## PR summary\n\n* pulled out "how to send PR to Matplotlib" into its own section and fleshed it out a drop b/c I felt like it was getting a little lost. \n* added a  workflow overview  section title to generate an anchor on the rhs\n* changed title underlines to documented standard\n\n\n## PR checklist\n<!-- Please mark any checkboxes that do not apply to this PR as [N/A].-->\n\n- [ ] "closes #0000" is in the body of the PR description to [link the related issue](https://docs.github.com/en/issues/tracking-your-work-with-issues/linking-a-pull-request-to-an-issue)\n- [ ] new and changed code is [tested](https://matplotlib.org/devdocs/devel/testing.html)\n- [ ] *Plotting related* features are demonstrated in an [example](https://matplotlib.org/devdocs/devel/document.html#write-examples-and-tutorials)\n- [ ] *New Features* and *API Changes* are noted with a [directive and release note](https://matplotlib.org/devdocs/devel/coding_guide.html#new-features-and-api-changes)\n- [x] Documentation complies with [general](https://matplotlib.org/devdocs/devel/document.html#write-rest-pages) and [docstring](https://matplotlib.org/devdocs/devel/document.html#write-docstrings) guidelines\n\n<!--We understand that PRs can sometimes be overwhelming, especially as the\nreviews start coming in.  Please let us know if the reviews are unclear or\nthe recommended next step seems overly demanding, if you would like help in\naddressing a reviewer\'s comments, or if you have been waiting too long to hear\nback on your PR.-->\n\nTime released: 2023-10-06 19:44 PM', 'new_chat_members': [], 'chat': {'first_name': 'Robel', 'id': 5347094985, 'username': 'ZeMicah', 'type': 'private'}, 'group_chat_created': False, 'reply_markup': {'inline_keyboard': [[{'text': 'View Issue', 'url': 'https://github.com/matplotlib/matplotlib/pull/26961'}]]}, 'new_chat_photo': [], 'channel_chat_created': False, 'from': {'first_name': 'IssueNotified', 'id': 6685183482, 'is_bot': True, 'username': 'IssueNotifiedBot'}}
2023-09-24 03:35:11,684:telegram.bot:DEBUG:  Exiting: send_message
2023-09-24 03:35:13,589:telegram.bot:DEBUG:  No new updates found.
2023-09-24 03:35:13,589:telegram.bot:DEBUG:  []
2023-09-24 03:35:13,589:telegram.bot:DEBUG:  Exiting: get_updates
2023-09-24 03:35:13,589:telegram.bot:DEBUG:  Entering: get_updates
2023-09-24 03:35:24,157:telegram.bot:DEBUG:  No new updates found.
2023-09-24 03:35:24,158:telegram.bot:DEBUG:  []
2023-09-24 03:35:24,158:telegram.bot:DEBUG:  Exiting: get_updates
2023-09-24 03:35:24,158:telegram.bot:DEBUG:  Entering: get_updates
2023-09-24 03:35:34,375:telegram.bot:DEBUG:  No new updates found.
2023-09-24 03:35:34,375:telegram.bot:DEBUG:  []
2023-09-24 03:35:34,375:telegram.bot:DEBUG:  Exiting: get_updates
2023-09-24 03:35:34,375:telegram.bot:DEBUG:  Entering: get_updates
2023-09-24 03:35:44,564:telegram.bot:DEBUG:  No new updates found.
2023-09-24 03:35:44,564:telegram.bot:DEBUG:  []
2023-09-24 03:35:44,564:telegram.bot:DEBUG:  Exiting: get_updates
2023-09-24 03:35:44,564:telegram.bot:DEBUG:  Entering: get_updates
2023-09-24 03:35:55,427:telegram.bot:DEBUG:  No new updates found.
2023-09-24 03:35:55,427:telegram.bot:DEBUG:  []
2023-09-24 03:35:55,427:telegram.bot:DEBUG:  Exiting: get_updates
2023-09-24 03:35:55,427:telegram.bot:DEBUG:  Entering: get_updates
2023-09-24 03:36:05,599:telegram.bot:DEBUG:  No new updates found.
2023-09-24 03:36:05,599:telegram.bot:DEBUG:  []
2023-09-24 03:36:05,599:telegram.bot:DEBUG:  Exiting: get_updates
2023-09-24 03:36:05,599:telegram.bot:DEBUG:  Entering: get_updates
2023-09-24 03:36:15,729:telegram.bot:DEBUG:  No new updates found.
2023-09-24 03:36:15,729:telegram.bot:DEBUG:  []
2023-09-24 03:36:15,729:telegram.bot:DEBUG:  Exiting: get_updates
2023-09-24 03:36:15,730:telegram.bot:DEBUG:  Entering: get_updates
2023-09-24 03:36:25,918:telegram.bot:DEBUG:  No new updates found.
2023-09-24 03:36:25,919:telegram.bot:DEBUG:  []
2023-09-24 03:36:25,919:telegram.bot:DEBUG:  Exiting: get_updates
2023-09-24 03:36:25,920:telegram.bot:DEBUG:  Entering: get_updates
2023-09-24 03:36:36,079:telegram.bot:DEBUG:  No new updates found.
2023-09-24 03:36:36,079:telegram.bot:DEBUG:  []
2023-09-24 03:36:36,080:telegram.bot:DEBUG:  Exiting: get_updates
2023-09-24 03:36:36,080:telegram.bot:DEBUG:  Entering: get_updates
2023-09-24 03:36:46,240:telegram.bot:DEBUG:  No new updates found.
2023-09-24 03:36:46,241:telegram.bot:DEBUG:  []
2023-09-24 03:36:46,241:telegram.bot:DEBUG:  Exiting: get_updates
2023-09-24 03:36:46,242:telegram.bot:DEBUG:  Entering: get_updates
2023-09-24 03:36:56,470:telegram.bot:DEBUG:  No new updates found.
2023-09-24 03:36:56,470:telegram.bot:DEBUG:  []
2023-09-24 03:36:56,470:telegram.bot:DEBUG:  Exiting: get_updates
2023-09-24 03:36:56,470:telegram.bot:DEBUG:  Entering: get_updates
2023-09-24 03:37:07,756:telegram.bot:DEBUG:  No new updates found.
2023-09-24 03:37:07,756:telegram.bot:DEBUG:  []
2023-09-24 03:37:07,756:telegram.bot:DEBUG:  Exiting: get_updates
2023-09-24 03:37:07,756:telegram.bot:DEBUG:  Entering: get_updates
2023-09-24 03:37:18,478:telegram.bot:DEBUG:  No new updates found.
2023-09-24 03:37:18,478:telegram.bot:DEBUG:  []
2023-09-24 03:37:18,478:telegram.bot:DEBUG:  Exiting: get_updates
2023-09-24 03:37:18,478:telegram.bot:DEBUG:  Entering: get_updates
2023-09-24 03:37:28,638:telegram.bot:DEBUG:  No new updates found.
2023-09-24 03:37:28,638:telegram.bot:DEBUG:  []
2023-09-24 03:37:28,638:telegram.bot:DEBUG:  Exiting: get_updates
2023-09-24 03:37:28,638:telegram.bot:DEBUG:  Entering: get_updates
2023-09-24 03:37:39,178:telegram.bot:DEBUG:  No new updates found.
2023-09-24 03:37:39,178:telegram.bot:DEBUG:  []
2023-09-24 03:37:39,178:telegram.bot:DEBUG:  Exiting: get_updates
2023-09-24 03:37:39,178:telegram.bot:DEBUG:  Entering: get_updates
2023-09-24 03:37:51,192:telegram.ext.updater:DEBUG:  Timed out getting Updates: Timed out
2023-09-24 03:37:51,192:telegram.bot:DEBUG:  Entering: get_updates
2023-09-24 03:37:58,506:telegram.vendor.ptb_urllib3.urllib3.connectionpool:WARNING:  Retrying (Retry(total=2, connect=None, read=None, redirect=None)) after connection broken by 'NewConnectionError('<telegram.vendor.ptb_urllib3.urllib3.connection.VerifiedHTTPSConnection object at 0x0000025E46C3EBD0>: Failed to establish a new connection: [Errno 11002] getaddrinfo failed')': /bot6685183482:AAH6q7gWdUm5ZYYAbhoqDh0tqHIXcrjGSPw/getUpdates
2023-09-24 03:38:11,272:telegram.bot:DEBUG:  No new updates found.
2023-09-24 03:38:11,272:telegram.bot:DEBUG:  []
2023-09-24 03:38:11,272:telegram.bot:DEBUG:  Exiting: get_updates
2023-09-24 03:38:11,272:telegram.bot:DEBUG:  Entering: get_updates
2023-09-24 03:38:21,444:telegram.bot:DEBUG:  No new updates found.
2023-09-24 03:38:21,444:telegram.bot:DEBUG:  []
2023-09-24 03:38:21,444:telegram.bot:DEBUG:  Exiting: get_updates
2023-09-24 03:38:21,444:telegram.bot:DEBUG:  Entering: get_updates
2023-09-24 03:38:31,568:telegram.bot:DEBUG:  No new updates found.
2023-09-24 03:38:31,568:telegram.bot:DEBUG:  []
2023-09-24 03:38:31,568:telegram.bot:DEBUG:  Exiting: get_updates
2023-09-24 03:38:31,568:telegram.bot:DEBUG:  Entering: get_updates
2023-09-24 03:38:41,717:telegram.bot:DEBUG:  No new updates found.
2023-09-24 03:38:41,717:telegram.bot:DEBUG:  []
2023-09-24 03:38:41,717:telegram.bot:DEBUG:  Exiting: get_updates
2023-09-24 03:38:41,717:telegram.bot:DEBUG:  Entering: get_updates
2023-09-24 03:38:52,019:telegram.bot:DEBUG:  No new updates found.
2023-09-24 03:38:52,019:telegram.bot:DEBUG:  []
2023-09-24 03:38:52,019:telegram.bot:DEBUG:  Exiting: get_updates
2023-09-24 03:38:52,019:telegram.bot:DEBUG:  Entering: get_updates
2023-09-24 03:39:02,557:telegram.bot:DEBUG:  No new updates found.
2023-09-24 03:39:02,557:telegram.bot:DEBUG:  []
2023-09-24 03:39:02,557:telegram.bot:DEBUG:  Exiting: get_updates
2023-09-24 03:39:02,557:telegram.bot:DEBUG:  Entering: get_updates
2023-09-24 03:39:13,070:telegram.bot:DEBUG:  No new updates found.
2023-09-24 03:39:13,086:telegram.bot:DEBUG:  []
2023-09-24 03:39:13,086:telegram.bot:DEBUG:  Exiting: get_updates
2023-09-24 03:39:13,086:telegram.bot:DEBUG:  Entering: get_updates
2023-09-24 03:39:23,283:telegram.bot:DEBUG:  No new updates found.
2023-09-24 03:39:23,283:telegram.bot:DEBUG:  []
2023-09-24 03:39:23,283:telegram.bot:DEBUG:  Exiting: get_updates
2023-09-24 03:39:23,283:telegram.bot:DEBUG:  Entering: get_updates
2023-09-24 03:39:33,441:telegram.bot:DEBUG:  No new updates found.
2023-09-24 03:39:33,441:telegram.bot:DEBUG:  []
2023-09-24 03:39:33,441:telegram.bot:DEBUG:  Exiting: get_updates
2023-09-24 03:39:33,441:telegram.bot:DEBUG:  Entering: get_updates
2023-09-24 03:39:43,559:telegram.bot:DEBUG:  No new updates found.
2023-09-24 03:39:43,559:telegram.bot:DEBUG:  []
2023-09-24 03:39:43,559:telegram.bot:DEBUG:  Exiting: get_updates
2023-09-24 03:39:43,559:telegram.bot:DEBUG:  Entering: get_updates
2023-09-24 03:39:53,868:telegram.bot:DEBUG:  No new updates found.
2023-09-24 03:39:53,868:telegram.bot:DEBUG:  []
2023-09-24 03:39:53,868:telegram.bot:DEBUG:  Exiting: get_updates
2023-09-24 03:39:53,868:telegram.bot:DEBUG:  Entering: get_updates
2023-09-24 03:40:04,494:telegram.bot:DEBUG:  No new updates found.
2023-09-24 03:40:04,494:telegram.bot:DEBUG:  []
2023-09-24 03:40:04,494:telegram.bot:DEBUG:  Exiting: get_updates
2023-09-24 03:40:04,495:telegram.bot:DEBUG:  Entering: get_updates
2023-09-24 03:40:14,644:telegram.bot:DEBUG:  No new updates found.
2023-09-24 03:40:14,644:telegram.bot:DEBUG:  []
2023-09-24 03:40:14,644:telegram.bot:DEBUG:  Exiting: get_updates
2023-09-24 03:40:14,644:telegram.bot:DEBUG:  Entering: get_updates
2023-09-24 03:40:24,860:telegram.bot:DEBUG:  No new updates found.
2023-09-24 03:40:24,860:telegram.bot:DEBUG:  []
2023-09-24 03:40:24,860:telegram.bot:DEBUG:  Exiting: get_updates
2023-09-24 03:40:24,860:telegram.bot:DEBUG:  Entering: get_updates
2023-09-24 03:40:35,281:telegram.bot:DEBUG:  No new updates found.
2023-09-24 03:40:35,281:telegram.bot:DEBUG:  []
2023-09-24 03:40:35,281:telegram.bot:DEBUG:  Exiting: get_updates
2023-09-24 03:40:35,281:telegram.bot:DEBUG:  Entering: get_updates
2023-09-24 03:40:45,416:telegram.bot:DEBUG:  No new updates found.
2023-09-24 03:40:45,416:telegram.bot:DEBUG:  []
2023-09-24 03:40:45,416:telegram.bot:DEBUG:  Exiting: get_updates
2023-09-24 03:40:45,417:telegram.bot:DEBUG:  Entering: get_updates
2023-09-24 03:40:55,913:telegram.bot:DEBUG:  No new updates found.
2023-09-24 03:40:55,913:telegram.bot:DEBUG:  []
2023-09-24 03:40:55,913:telegram.bot:DEBUG:  Exiting: get_updates
2023-09-24 03:40:55,913:telegram.bot:DEBUG:  Entering: get_updates
2023-09-24 03:41:06,087:telegram.bot:DEBUG:  No new updates found.
2023-09-24 03:41:06,088:telegram.bot:DEBUG:  []
2023-09-24 03:41:06,088:telegram.bot:DEBUG:  Exiting: get_updates
2023-09-24 03:41:06,089:telegram.bot:DEBUG:  Entering: get_updates
2023-09-24 03:41:16,212:telegram.bot:DEBUG:  No new updates found.
2023-09-24 03:41:16,212:telegram.bot:DEBUG:  []
2023-09-24 03:41:16,212:telegram.bot:DEBUG:  Exiting: get_updates
2023-09-24 03:41:16,212:telegram.bot:DEBUG:  Entering: get_updates
2023-09-24 03:41:26,369:telegram.bot:DEBUG:  No new updates found.
2023-09-24 03:41:26,369:telegram.bot:DEBUG:  []
2023-09-24 03:41:26,369:telegram.bot:DEBUG:  Exiting: get_updates
2023-09-24 03:41:26,369:telegram.bot:DEBUG:  Entering: get_updates
2023-09-24 03:41:36,590:telegram.bot:DEBUG:  No new updates found.
2023-09-24 03:41:36,591:telegram.bot:DEBUG:  []
2023-09-24 03:41:36,591:telegram.bot:DEBUG:  Exiting: get_updates
2023-09-24 03:41:36,591:telegram.bot:DEBUG:  Entering: get_updates
2023-09-24 03:41:46,856:telegram.bot:DEBUG:  No new updates found.
2023-09-24 03:41:46,857:telegram.bot:DEBUG:  []
2023-09-24 03:41:46,857:telegram.bot:DEBUG:  Exiting: get_updates
2023-09-24 03:41:46,858:telegram.bot:DEBUG:  Entering: get_updates
2023-09-24 03:41:57,472:telegram.bot:DEBUG:  No new updates found.
2023-09-24 03:41:57,472:telegram.bot:DEBUG:  []
2023-09-24 03:41:57,472:telegram.bot:DEBUG:  Exiting: get_updates
2023-09-24 03:41:57,472:telegram.bot:DEBUG:  Entering: get_updates
2023-09-24 03:42:07,703:telegram.bot:DEBUG:  No new updates found.
2023-09-24 03:42:07,703:telegram.bot:DEBUG:  []
2023-09-24 03:42:07,703:telegram.bot:DEBUG:  Exiting: get_updates
2023-09-24 03:42:07,704:telegram.bot:DEBUG:  Entering: get_updates
2023-09-24 03:42:17,829:telegram.bot:DEBUG:  No new updates found.
2023-09-24 03:42:17,829:telegram.bot:DEBUG:  []
2023-09-24 03:42:17,829:telegram.bot:DEBUG:  Exiting: get_updates
2023-09-24 03:42:17,829:telegram.bot:DEBUG:  Entering: get_updates
2023-09-24 03:42:28,289:telegram.bot:DEBUG:  No new updates found.
2023-09-24 03:42:28,290:telegram.bot:DEBUG:  []
2023-09-24 03:42:28,290:telegram.bot:DEBUG:  Exiting: get_updates
2023-09-24 03:42:28,290:telegram.bot:DEBUG:  Entering: get_updates
2023-09-24 03:42:38,413:telegram.bot:DEBUG:  No new updates found.
2023-09-24 03:42:38,414:telegram.bot:DEBUG:  []
2023-09-24 03:42:38,414:telegram.bot:DEBUG:  Exiting: get_updates
2023-09-24 03:42:38,414:telegram.bot:DEBUG:  Entering: get_updates
2023-09-24 03:42:48,581:telegram.bot:DEBUG:  No new updates found.
2023-09-24 03:42:48,581:telegram.bot:DEBUG:  []
2023-09-24 03:42:48,581:telegram.bot:DEBUG:  Exiting: get_updates
2023-09-24 03:42:48,582:telegram.bot:DEBUG:  Entering: get_updates
2023-09-24 03:42:59,025:telegram.bot:DEBUG:  No new updates found.
2023-09-24 03:42:59,026:telegram.bot:DEBUG:  []
2023-09-24 03:42:59,026:telegram.bot:DEBUG:  Exiting: get_updates
2023-09-24 03:42:59,027:telegram.bot:DEBUG:  Entering: get_updates
2023-09-24 03:43:09,169:telegram.bot:DEBUG:  No new updates found.
2023-09-24 03:43:09,170:telegram.bot:DEBUG:  []
2023-09-24 03:43:09,170:telegram.bot:DEBUG:  Exiting: get_updates
2023-09-24 03:43:09,170:telegram.bot:DEBUG:  Entering: get_updates
2023-09-24 03:43:19,316:telegram.bot:DEBUG:  No new updates found.
2023-09-24 03:43:19,317:telegram.bot:DEBUG:  []
2023-09-24 03:43:19,317:telegram.bot:DEBUG:  Exiting: get_updates
2023-09-24 03:43:19,317:telegram.bot:DEBUG:  Entering: get_updates
2023-09-24 03:43:29,763:telegram.bot:DEBUG:  No new updates found.
2023-09-24 03:43:29,764:telegram.bot:DEBUG:  []
2023-09-24 03:43:29,764:telegram.bot:DEBUG:  Exiting: get_updates
2023-09-24 03:43:29,765:telegram.bot:DEBUG:  Entering: get_updates
2023-09-24 03:43:39,913:telegram.bot:DEBUG:  No new updates found.
2023-09-24 03:43:39,913:telegram.bot:DEBUG:  []
2023-09-24 03:43:39,913:telegram.bot:DEBUG:  Exiting: get_updates
2023-09-24 03:43:39,914:telegram.bot:DEBUG:  Entering: get_updates
2023-09-24 03:43:50,109:telegram.bot:DEBUG:  No new updates found.
2023-09-24 03:43:50,110:telegram.bot:DEBUG:  []
2023-09-24 03:43:50,110:telegram.bot:DEBUG:  Exiting: get_updates
2023-09-24 03:43:50,110:telegram.bot:DEBUG:  Entering: get_updates
2023-09-24 03:44:00,650:telegram.bot:DEBUG:  No new updates found.
2023-09-24 03:44:00,650:telegram.bot:DEBUG:  []
2023-09-24 03:44:00,650:telegram.bot:DEBUG:  Exiting: get_updates
2023-09-24 03:44:00,651:telegram.bot:DEBUG:  Entering: get_updates
2023-09-24 03:44:11,263:telegram.bot:DEBUG:  No new updates found.
2023-09-24 03:44:11,263:telegram.bot:DEBUG:  []
2023-09-24 03:44:11,263:telegram.bot:DEBUG:  Exiting: get_updates
2023-09-24 03:44:11,264:telegram.bot:DEBUG:  Entering: get_updates
2023-09-24 03:44:21,410:telegram.bot:DEBUG:  No new updates found.
2023-09-24 03:44:21,410:telegram.bot:DEBUG:  []
2023-09-24 03:44:21,411:telegram.bot:DEBUG:  Exiting: get_updates
2023-09-24 03:44:21,411:telegram.bot:DEBUG:  Entering: get_updates
2023-09-24 03:44:32,043:telegram.bot:DEBUG:  No new updates found.
2023-09-24 03:44:32,043:telegram.bot:DEBUG:  []
2023-09-24 03:44:32,044:telegram.bot:DEBUG:  Exiting: get_updates
2023-09-24 03:44:32,044:telegram.bot:DEBUG:  Entering: get_updates
2023-09-24 03:44:42,165:telegram.bot:DEBUG:  No new updates found.
2023-09-24 03:44:42,165:telegram.bot:DEBUG:  []
2023-09-24 03:44:42,165:telegram.bot:DEBUG:  Exiting: get_updates
2023-09-24 03:44:42,165:telegram.bot:DEBUG:  Entering: get_updates
2023-09-24 03:44:52,508:telegram.bot:DEBUG:  No new updates found.
2023-09-24 03:44:52,509:telegram.bot:DEBUG:  []
2023-09-24 03:44:52,509:telegram.bot:DEBUG:  Exiting: get_updates
2023-09-24 03:44:52,509:telegram.bot:DEBUG:  Entering: get_updates
2023-09-24 03:45:03,075:telegram.bot:DEBUG:  No new updates found.
2023-09-24 03:45:03,090:telegram.bot:DEBUG:  []
2023-09-24 03:45:03,090:telegram.bot:DEBUG:  Exiting: get_updates
2023-09-24 03:45:03,090:telegram.bot:DEBUG:  Entering: get_updates
2023-09-24 03:45:13,203:telegram.bot:DEBUG:  No new updates found.
2023-09-24 03:45:13,203:telegram.bot:DEBUG:  []
2023-09-24 03:45:13,203:telegram.bot:DEBUG:  Exiting: get_updates
2023-09-24 03:45:13,203:telegram.bot:DEBUG:  Entering: get_updates
2023-09-24 03:45:23,413:telegram.bot:DEBUG:  No new updates found.
2023-09-24 03:45:23,413:telegram.bot:DEBUG:  []
2023-09-24 03:45:23,413:telegram.bot:DEBUG:  Exiting: get_updates
2023-09-24 03:45:23,413:telegram.bot:DEBUG:  Entering: get_updates
2023-09-24 03:45:33,544:telegram.bot:DEBUG:  No new updates found.
2023-09-24 03:45:33,544:telegram.bot:DEBUG:  []
2023-09-24 03:45:33,545:telegram.bot:DEBUG:  Exiting: get_updates
2023-09-24 03:45:33,545:telegram.bot:DEBUG:  Entering: get_updates
2023-09-24 03:45:44,373:telegram.bot:DEBUG:  No new updates found.
2023-09-24 03:45:44,373:telegram.bot:DEBUG:  []
2023-09-24 03:45:44,374:telegram.bot:DEBUG:  Exiting: get_updates
2023-09-24 03:45:44,374:telegram.bot:DEBUG:  Entering: get_updates
2023-09-24 03:45:54,527:telegram.bot:DEBUG:  No new updates found.
2023-09-24 03:45:54,527:telegram.bot:DEBUG:  []
2023-09-24 03:45:54,527:telegram.bot:DEBUG:  Exiting: get_updates
2023-09-24 03:45:54,527:telegram.bot:DEBUG:  Entering: get_updates
2023-09-24 03:46:04,743:telegram.bot:DEBUG:  No new updates found.
2023-09-24 03:46:04,743:telegram.bot:DEBUG:  []
2023-09-24 03:46:04,743:telegram.bot:DEBUG:  Exiting: get_updates
2023-09-24 03:46:04,743:telegram.bot:DEBUG:  Entering: get_updates
2023-09-24 03:46:14,885:telegram.bot:DEBUG:  No new updates found.
2023-09-24 03:46:14,885:telegram.bot:DEBUG:  []
2023-09-24 03:46:14,885:telegram.bot:DEBUG:  Exiting: get_updates
2023-09-24 03:46:14,885:telegram.bot:DEBUG:  Entering: get_updates
2023-09-24 03:46:25,801:telegram.bot:DEBUG:  No new updates found.
2023-09-24 03:46:25,813:telegram.bot:DEBUG:  []
2023-09-24 03:46:25,814:telegram.bot:DEBUG:  Exiting: get_updates
2023-09-24 03:46:25,814:telegram.bot:DEBUG:  Entering: get_updates
2023-09-24 03:46:36,115:telegram.bot:DEBUG:  No new updates found.
2023-09-24 03:46:36,115:telegram.bot:DEBUG:  []
2023-09-24 03:46:36,115:telegram.bot:DEBUG:  Exiting: get_updates
2023-09-24 03:46:36,115:telegram.bot:DEBUG:  Entering: get_updates
2023-09-24 03:46:46,246:telegram.bot:DEBUG:  No new updates found.
2023-09-24 03:46:46,246:telegram.bot:DEBUG:  []
2023-09-24 03:46:46,246:telegram.bot:DEBUG:  Exiting: get_updates
2023-09-24 03:46:46,246:telegram.bot:DEBUG:  Entering: get_updates
2023-09-24 03:46:56,395:telegram.bot:DEBUG:  No new updates found.
2023-09-24 03:46:56,395:telegram.bot:DEBUG:  []
2023-09-24 03:46:56,395:telegram.bot:DEBUG:  Exiting: get_updates
2023-09-24 03:46:56,401:telegram.bot:DEBUG:  Entering: get_updates
2023-09-24 03:47:06,697:telegram.bot:DEBUG:  No new updates found.
2023-09-24 03:47:06,697:telegram.bot:DEBUG:  []
2023-09-24 03:47:06,697:telegram.bot:DEBUG:  Exiting: get_updates
2023-09-24 03:47:06,697:telegram.bot:DEBUG:  Entering: get_updates
2023-09-24 03:47:17,138:telegram.bot:DEBUG:  No new updates found.
2023-09-24 03:47:17,138:telegram.bot:DEBUG:  []
2023-09-24 03:47:17,138:telegram.bot:DEBUG:  Exiting: get_updates
2023-09-24 03:47:17,138:telegram.bot:DEBUG:  Entering: get_updates
2023-09-24 03:47:27,876:telegram.bot:DEBUG:  No new updates found.
2023-09-24 03:47:27,876:telegram.bot:DEBUG:  []
2023-09-24 03:47:27,876:telegram.bot:DEBUG:  Exiting: get_updates
2023-09-24 03:47:27,876:telegram.bot:DEBUG:  Entering: get_updates
2023-09-24 03:47:38,003:telegram.bot:DEBUG:  No new updates found.
2023-09-24 03:47:38,003:telegram.bot:DEBUG:  []
2023-09-24 03:47:38,003:telegram.bot:DEBUG:  Exiting: get_updates
2023-09-24 03:47:38,003:telegram.bot:DEBUG:  Entering: get_updates
2023-09-24 03:47:48,141:telegram.bot:DEBUG:  No new updates found.
2023-09-24 03:47:48,141:telegram.bot:DEBUG:  []
2023-09-24 03:47:48,142:telegram.bot:DEBUG:  Exiting: get_updates
2023-09-24 03:47:48,142:telegram.bot:DEBUG:  Entering: get_updates
2023-09-24 03:47:58,296:telegram.bot:DEBUG:  No new updates found.
2023-09-24 03:47:58,296:telegram.bot:DEBUG:  []
2023-09-24 03:47:58,296:telegram.bot:DEBUG:  Exiting: get_updates
2023-09-24 03:47:58,296:telegram.bot:DEBUG:  Entering: get_updates
2023-09-24 03:48:08,460:telegram.bot:DEBUG:  No new updates found.
2023-09-24 03:48:08,460:telegram.bot:DEBUG:  []
2023-09-24 03:48:08,460:telegram.bot:DEBUG:  Exiting: get_updates
2023-09-24 03:48:08,460:telegram.bot:DEBUG:  Entering: get_updates
2023-09-24 03:48:18,623:telegram.bot:DEBUG:  No new updates found.
2023-09-24 03:48:18,623:telegram.bot:DEBUG:  []
2023-09-24 03:48:18,624:telegram.bot:DEBUG:  Exiting: get_updates
2023-09-24 03:48:18,624:telegram.bot:DEBUG:  Entering: get_updates
2023-09-24 03:48:28,747:telegram.bot:DEBUG:  No new updates found.
2023-09-24 03:48:28,747:telegram.bot:DEBUG:  []
2023-09-24 03:48:28,747:telegram.bot:DEBUG:  Exiting: get_updates
2023-09-24 03:48:28,747:telegram.bot:DEBUG:  Entering: get_updates
2023-09-24 03:48:39,327:telegram.bot:DEBUG:  No new updates found.
2023-09-24 03:48:39,327:telegram.bot:DEBUG:  []
2023-09-24 03:48:39,327:telegram.bot:DEBUG:  Exiting: get_updates
2023-09-24 03:48:39,327:telegram.bot:DEBUG:  Entering: get_updates
2023-09-24 03:48:49,464:telegram.bot:DEBUG:  No new updates found.
2023-09-24 03:48:49,464:telegram.bot:DEBUG:  []
2023-09-24 03:48:49,464:telegram.bot:DEBUG:  Exiting: get_updates
2023-09-24 03:48:49,464:telegram.bot:DEBUG:  Entering: get_updates
2023-09-24 03:48:59,678:telegram.bot:DEBUG:  No new updates found.
2023-09-24 03:48:59,678:telegram.bot:DEBUG:  []
2023-09-24 03:48:59,678:telegram.bot:DEBUG:  Exiting: get_updates
2023-09-24 03:48:59,678:telegram.bot:DEBUG:  Entering: get_updates
2023-09-24 03:49:09,828:telegram.bot:DEBUG:  No new updates found.
2023-09-24 03:49:09,829:telegram.bot:DEBUG:  []
2023-09-24 03:49:09,829:telegram.bot:DEBUG:  Exiting: get_updates
2023-09-24 03:49:09,829:telegram.bot:DEBUG:  Entering: get_updates
2023-09-24 03:49:19,954:telegram.bot:DEBUG:  No new updates found.
2023-09-24 03:49:19,954:telegram.bot:DEBUG:  []
2023-09-24 03:49:19,954:telegram.bot:DEBUG:  Exiting: get_updates
2023-09-24 03:49:19,954:telegram.bot:DEBUG:  Entering: get_updates
2023-09-24 03:49:30,087:telegram.bot:DEBUG:  No new updates found.
2023-09-24 03:49:30,087:telegram.bot:DEBUG:  []
2023-09-24 03:49:30,087:telegram.bot:DEBUG:  Exiting: get_updates
2023-09-24 03:49:30,087:telegram.bot:DEBUG:  Entering: get_updates
2023-09-24 03:49:40,204:telegram.bot:DEBUG:  No new updates found.
2023-09-24 03:49:40,205:telegram.bot:DEBUG:  []
2023-09-24 03:49:40,205:telegram.bot:DEBUG:  Exiting: get_updates
2023-09-24 03:49:40,205:telegram.bot:DEBUG:  Entering: get_updates
2023-09-24 03:49:50,381:telegram.bot:DEBUG:  No new updates found.
2023-09-24 03:49:50,381:telegram.bot:DEBUG:  []
2023-09-24 03:49:50,381:telegram.bot:DEBUG:  Exiting: get_updates
2023-09-24 03:49:50,381:telegram.bot:DEBUG:  Entering: get_updates
2023-09-24 03:50:01,058:telegram.bot:DEBUG:  No new updates found.
2023-09-24 03:50:01,059:telegram.bot:DEBUG:  []
2023-09-24 03:50:01,059:telegram.bot:DEBUG:  Exiting: get_updates
2023-09-24 03:50:01,059:telegram.bot:DEBUG:  Entering: get_updates
2023-09-24 03:50:11,202:telegram.bot:DEBUG:  No new updates found.
2023-09-24 03:50:11,202:telegram.bot:DEBUG:  []
2023-09-24 03:50:11,202:telegram.bot:DEBUG:  Exiting: get_updates
2023-09-24 03:50:11,203:telegram.bot:DEBUG:  Entering: get_updates
2023-09-24 03:50:22,060:telegram.bot:DEBUG:  No new updates found.
2023-09-24 03:50:22,060:telegram.bot:DEBUG:  []
2023-09-24 03:50:22,060:telegram.bot:DEBUG:  Exiting: get_updates
2023-09-24 03:50:22,061:telegram.bot:DEBUG:  Entering: get_updates
2023-09-24 03:50:32,646:telegram.bot:DEBUG:  No new updates found.
2023-09-24 03:50:32,647:telegram.bot:DEBUG:  []
2023-09-24 03:50:32,647:telegram.bot:DEBUG:  Exiting: get_updates
2023-09-24 03:50:32,647:telegram.bot:DEBUG:  Entering: get_updates
2023-09-24 03:50:42,778:telegram.bot:DEBUG:  No new updates found.
2023-09-24 03:50:42,779:telegram.bot:DEBUG:  []
2023-09-24 03:50:42,779:telegram.bot:DEBUG:  Exiting: get_updates
2023-09-24 03:50:42,779:telegram.bot:DEBUG:  Entering: get_updates
2023-09-24 03:50:52,898:telegram.bot:DEBUG:  No new updates found.
2023-09-24 03:50:52,898:telegram.bot:DEBUG:  []
2023-09-24 03:50:52,898:telegram.bot:DEBUG:  Exiting: get_updates
2023-09-24 03:50:52,898:telegram.bot:DEBUG:  Entering: get_updates
2023-09-24 03:51:03,085:telegram.bot:DEBUG:  No new updates found.
2023-09-24 03:51:03,085:telegram.bot:DEBUG:  []
2023-09-24 03:51:03,085:telegram.bot:DEBUG:  Exiting: get_updates
2023-09-24 03:51:03,085:telegram.bot:DEBUG:  Entering: get_updates
2023-09-24 03:51:13,651:telegram.bot:DEBUG:  No new updates found.
2023-09-24 03:51:13,651:telegram.bot:DEBUG:  []
2023-09-24 03:51:13,651:telegram.bot:DEBUG:  Exiting: get_updates
2023-09-24 03:51:13,651:telegram.bot:DEBUG:  Entering: get_updates
2023-09-24 03:51:24,201:telegram.bot:DEBUG:  No new updates found.
2023-09-24 03:51:24,202:telegram.bot:DEBUG:  []
2023-09-24 03:51:24,203:telegram.bot:DEBUG:  Exiting: get_updates
2023-09-24 03:51:24,203:telegram.bot:DEBUG:  Entering: get_updates
2023-09-24 03:51:34,454:telegram.bot:DEBUG:  No new updates found.
2023-09-24 03:51:34,454:telegram.bot:DEBUG:  []
2023-09-24 03:51:34,455:telegram.bot:DEBUG:  Exiting: get_updates
2023-09-24 03:51:34,455:telegram.bot:DEBUG:  Entering: get_updates
2023-09-24 03:51:44,929:telegram.bot:DEBUG:  No new updates found.
2023-09-24 03:51:44,929:telegram.bot:DEBUG:  []
2023-09-24 03:51:44,929:telegram.bot:DEBUG:  Exiting: get_updates
2023-09-24 03:51:44,929:telegram.bot:DEBUG:  Entering: get_updates
2023-09-24 03:51:55,084:telegram.bot:DEBUG:  No new updates found.
2023-09-24 03:51:55,100:telegram.bot:DEBUG:  []
2023-09-24 03:51:55,100:telegram.bot:DEBUG:  Exiting: get_updates
2023-09-24 03:51:55,100:telegram.bot:DEBUG:  Entering: get_updates
2023-09-24 03:52:05,213:telegram.bot:DEBUG:  No new updates found.
2023-09-24 03:52:05,213:telegram.bot:DEBUG:  []
2023-09-24 03:52:05,213:telegram.bot:DEBUG:  Exiting: get_updates
2023-09-24 03:52:05,213:telegram.bot:DEBUG:  Entering: get_updates
2023-09-24 03:52:15,414:telegram.bot:DEBUG:  No new updates found.
2023-09-24 03:52:15,414:telegram.bot:DEBUG:  []
2023-09-24 03:52:15,414:telegram.bot:DEBUG:  Exiting: get_updates
2023-09-24 03:52:15,414:telegram.bot:DEBUG:  Entering: get_updates
2023-09-24 03:52:25,545:telegram.bot:DEBUG:  No new updates found.
2023-09-24 03:52:25,545:telegram.bot:DEBUG:  []
2023-09-24 03:52:25,545:telegram.bot:DEBUG:  Exiting: get_updates
2023-09-24 03:52:25,545:telegram.bot:DEBUG:  Entering: get_updates
2023-09-24 03:52:35,698:telegram.bot:DEBUG:  No new updates found.
2023-09-24 03:52:35,698:telegram.bot:DEBUG:  []
2023-09-24 03:52:35,698:telegram.bot:DEBUG:  Exiting: get_updates
2023-09-24 03:52:35,698:telegram.bot:DEBUG:  Entering: get_updates
2023-09-24 03:52:45,823:telegram.bot:DEBUG:  No new updates found.
2023-09-24 03:52:45,824:telegram.bot:DEBUG:  []
2023-09-24 03:52:45,824:telegram.bot:DEBUG:  Exiting: get_updates
2023-09-24 03:52:45,825:telegram.bot:DEBUG:  Entering: get_updates
2023-09-24 03:52:55,942:telegram.bot:DEBUG:  No new updates found.
2023-09-24 03:52:55,942:telegram.bot:DEBUG:  []
2023-09-24 03:52:55,942:telegram.bot:DEBUG:  Exiting: get_updates
2023-09-24 03:52:55,942:telegram.bot:DEBUG:  Entering: get_updates
2023-09-24 03:53:06,143:telegram.bot:DEBUG:  No new updates found.
2023-09-24 03:53:06,143:telegram.bot:DEBUG:  []
2023-09-24 03:53:06,143:telegram.bot:DEBUG:  Exiting: get_updates
2023-09-24 03:53:06,143:telegram.bot:DEBUG:  Entering: get_updates
2023-09-24 03:53:16,587:telegram.bot:DEBUG:  No new updates found.
2023-09-24 03:53:16,587:telegram.bot:DEBUG:  []
2023-09-24 03:53:16,587:telegram.bot:DEBUG:  Exiting: get_updates
2023-09-24 03:53:16,587:telegram.bot:DEBUG:  Entering: get_updates
2023-09-24 03:53:26,730:telegram.bot:DEBUG:  No new updates found.
2023-09-24 03:53:26,730:telegram.bot:DEBUG:  []
2023-09-24 03:53:26,730:telegram.bot:DEBUG:  Exiting: get_updates
2023-09-24 03:53:26,730:telegram.bot:DEBUG:  Entering: get_updates
2023-09-24 03:53:36,941:telegram.bot:DEBUG:  No new updates found.
2023-09-24 03:53:36,942:telegram.bot:DEBUG:  []
2023-09-24 03:53:36,942:telegram.bot:DEBUG:  Exiting: get_updates
2023-09-24 03:53:36,942:telegram.bot:DEBUG:  Entering: get_updates
2023-09-24 03:53:47,087:telegram.bot:DEBUG:  No new updates found.
2023-09-24 03:53:47,087:telegram.bot:DEBUG:  []
2023-09-24 03:53:47,087:telegram.bot:DEBUG:  Exiting: get_updates
2023-09-24 03:53:47,087:telegram.bot:DEBUG:  Entering: get_updates
2023-09-24 03:53:57,576:telegram.bot:DEBUG:  No new updates found.
2023-09-24 03:53:57,576:telegram.bot:DEBUG:  []
2023-09-24 03:53:57,576:telegram.bot:DEBUG:  Exiting: get_updates
2023-09-24 03:53:57,576:telegram.bot:DEBUG:  Entering: get_updates
2023-09-24 03:54:08,051:telegram.bot:DEBUG:  No new updates found.
2023-09-24 03:54:08,051:telegram.bot:DEBUG:  []
2023-09-24 03:54:08,051:telegram.bot:DEBUG:  Exiting: get_updates
2023-09-24 03:54:08,051:telegram.bot:DEBUG:  Entering: get_updates
2023-09-24 03:54:18,210:telegram.bot:DEBUG:  No new updates found.
2023-09-24 03:54:18,210:telegram.bot:DEBUG:  []
2023-09-24 03:54:18,210:telegram.bot:DEBUG:  Exiting: get_updates
2023-09-24 03:54:18,210:telegram.bot:DEBUG:  Entering: get_updates
2023-09-24 03:54:28,380:telegram.bot:DEBUG:  No new updates found.
2023-09-24 03:54:28,380:telegram.bot:DEBUG:  []
2023-09-24 03:54:28,380:telegram.bot:DEBUG:  Exiting: get_updates
2023-09-24 03:54:28,381:telegram.bot:DEBUG:  Entering: get_updates
2023-09-24 03:54:38,498:telegram.bot:DEBUG:  No new updates found.
2023-09-24 03:54:38,498:telegram.bot:DEBUG:  []
2023-09-24 03:54:38,498:telegram.bot:DEBUG:  Exiting: get_updates
2023-09-24 03:54:38,498:telegram.bot:DEBUG:  Entering: get_updates
2023-09-24 03:54:48,688:telegram.bot:DEBUG:  No new updates found.
2023-09-24 03:54:48,688:telegram.bot:DEBUG:  []
2023-09-24 03:54:48,688:telegram.bot:DEBUG:  Exiting: get_updates
2023-09-24 03:54:48,688:telegram.bot:DEBUG:  Entering: get_updates
2023-09-24 03:54:59,124:telegram.bot:DEBUG:  No new updates found.
2023-09-24 03:54:59,124:telegram.bot:DEBUG:  []
2023-09-24 03:54:59,124:telegram.bot:DEBUG:  Exiting: get_updates
2023-09-24 03:54:59,124:telegram.bot:DEBUG:  Entering: get_updates
2023-09-24 03:55:09,933:telegram.bot:DEBUG:  No new updates found.
2023-09-24 03:55:09,933:telegram.bot:DEBUG:  []
2023-09-24 03:55:09,933:telegram.bot:DEBUG:  Exiting: get_updates
2023-09-24 03:55:09,933:telegram.bot:DEBUG:  Entering: get_updates
2023-09-24 03:55:22,705:telegram.bot:DEBUG:  No new updates found.
2023-09-24 03:55:22,705:telegram.bot:DEBUG:  []
2023-09-24 03:55:22,705:telegram.bot:DEBUG:  Exiting: get_updates
2023-09-24 03:55:22,705:telegram.bot:DEBUG:  Entering: get_updates
2023-09-24 03:55:32,830:telegram.bot:DEBUG:  No new updates found.
2023-09-24 03:55:32,830:telegram.bot:DEBUG:  []
2023-09-24 03:55:32,830:telegram.bot:DEBUG:  Exiting: get_updates
2023-09-24 03:55:32,830:telegram.bot:DEBUG:  Entering: get_updates
2023-09-24 03:55:43,296:telegram.bot:DEBUG:  No new updates found.
2023-09-24 03:55:43,311:telegram.bot:DEBUG:  []
2023-09-24 03:55:43,311:telegram.bot:DEBUG:  Exiting: get_updates
2023-09-24 03:55:43,311:telegram.bot:DEBUG:  Entering: get_updates
2023-09-24 03:55:53,476:telegram.bot:DEBUG:  No new updates found.
2023-09-24 03:55:53,476:telegram.bot:DEBUG:  []
2023-09-24 03:55:53,476:telegram.bot:DEBUG:  Exiting: get_updates
2023-09-24 03:55:53,476:telegram.bot:DEBUG:  Entering: get_updates
2023-09-24 03:56:04,015:telegram.bot:DEBUG:  No new updates found.
2023-09-24 03:56:04,016:telegram.bot:DEBUG:  []
2023-09-24 03:56:04,016:telegram.bot:DEBUG:  Exiting: get_updates
2023-09-24 03:56:04,016:telegram.bot:DEBUG:  Entering: get_updates
2023-09-24 03:56:14,162:telegram.bot:DEBUG:  No new updates found.
2023-09-24 03:56:14,162:telegram.bot:DEBUG:  []
2023-09-24 03:56:14,162:telegram.bot:DEBUG:  Exiting: get_updates
2023-09-24 03:56:14,162:telegram.bot:DEBUG:  Entering: get_updates
2023-09-24 03:56:24,370:telegram.bot:DEBUG:  No new updates found.
2023-09-24 03:56:24,370:telegram.bot:DEBUG:  []
2023-09-24 03:56:24,370:telegram.bot:DEBUG:  Exiting: get_updates
2023-09-24 03:56:24,371:telegram.bot:DEBUG:  Entering: get_updates
2023-09-24 03:56:34,510:telegram.bot:DEBUG:  No new updates found.
2023-09-24 03:56:34,510:telegram.bot:DEBUG:  []
2023-09-24 03:56:34,510:telegram.bot:DEBUG:  Exiting: get_updates
2023-09-24 03:56:34,510:telegram.bot:DEBUG:  Entering: get_updates
2023-09-24 03:56:44,666:telegram.bot:DEBUG:  No new updates found.
2023-09-24 03:56:44,667:telegram.bot:DEBUG:  []
2023-09-24 03:56:44,667:telegram.bot:DEBUG:  Exiting: get_updates
2023-09-24 03:56:44,667:telegram.bot:DEBUG:  Entering: get_updates
2023-09-24 03:56:54,817:telegram.bot:DEBUG:  No new updates found.
2023-09-24 03:56:54,817:telegram.bot:DEBUG:  []
2023-09-24 03:56:54,817:telegram.bot:DEBUG:  Exiting: get_updates
2023-09-24 03:56:54,817:telegram.bot:DEBUG:  Entering: get_updates
2023-09-24 03:57:05,012:telegram.bot:DEBUG:  No new updates found.
2023-09-24 03:57:05,013:telegram.bot:DEBUG:  []
2023-09-24 03:57:05,013:telegram.bot:DEBUG:  Exiting: get_updates
2023-09-24 03:57:05,013:telegram.bot:DEBUG:  Entering: get_updates
2023-09-24 03:57:15,166:telegram.bot:DEBUG:  No new updates found.
2023-09-24 03:57:15,167:telegram.bot:DEBUG:  []
2023-09-24 03:57:15,168:telegram.bot:DEBUG:  Exiting: get_updates
2023-09-24 03:57:15,168:telegram.bot:DEBUG:  Entering: get_updates
2023-09-24 03:57:26,218:telegram.bot:DEBUG:  No new updates found.
2023-09-24 03:57:26,219:telegram.bot:DEBUG:  []
2023-09-24 03:57:26,219:telegram.bot:DEBUG:  Exiting: get_updates
2023-09-24 03:57:26,219:telegram.bot:DEBUG:  Entering: get_updates
2023-09-24 03:57:36,361:telegram.bot:DEBUG:  No new updates found.
2023-09-24 03:57:36,362:telegram.bot:DEBUG:  []
2023-09-24 03:57:36,362:telegram.bot:DEBUG:  Exiting: get_updates
2023-09-24 03:57:36,362:telegram.bot:DEBUG:  Entering: get_updates
2023-09-24 03:57:46,480:telegram.bot:DEBUG:  No new updates found.
2023-09-24 03:57:46,480:telegram.bot:DEBUG:  []
2023-09-24 03:57:46,480:telegram.bot:DEBUG:  Exiting: get_updates
2023-09-24 03:57:46,480:telegram.bot:DEBUG:  Entering: get_updates
2023-09-24 03:57:56,629:telegram.bot:DEBUG:  No new updates found.
2023-09-24 03:57:56,629:telegram.bot:DEBUG:  []
2023-09-24 03:57:56,630:telegram.bot:DEBUG:  Exiting: get_updates
2023-09-24 03:57:56,630:telegram.bot:DEBUG:  Entering: get_updates
2023-09-24 03:58:06,802:telegram.bot:DEBUG:  No new updates found.
2023-09-24 03:58:06,802:telegram.bot:DEBUG:  []
2023-09-24 03:58:06,803:telegram.bot:DEBUG:  Exiting: get_updates
2023-09-24 03:58:06,803:telegram.bot:DEBUG:  Entering: get_updates
2023-09-24 03:58:16,972:telegram.bot:DEBUG:  No new updates found.
2023-09-24 03:58:16,972:telegram.bot:DEBUG:  []
2023-09-24 03:58:16,972:telegram.bot:DEBUG:  Exiting: get_updates
2023-09-24 03:58:16,972:telegram.bot:DEBUG:  Entering: get_updates
2023-09-24 03:58:27,100:telegram.bot:DEBUG:  No new updates found.
2023-09-24 03:58:27,100:telegram.bot:DEBUG:  []
2023-09-24 03:58:27,100:telegram.bot:DEBUG:  Exiting: get_updates
2023-09-24 03:58:27,100:telegram.bot:DEBUG:  Entering: get_updates
2023-09-24 03:58:37,373:telegram.bot:DEBUG:  No new updates found.
2023-09-24 03:58:37,374:telegram.bot:DEBUG:  []
2023-09-24 03:58:37,374:telegram.bot:DEBUG:  Exiting: get_updates
2023-09-24 03:58:37,375:telegram.bot:DEBUG:  Entering: get_updates
2023-09-24 03:58:47,523:telegram.bot:DEBUG:  No new updates found.
2023-09-24 03:58:47,524:telegram.bot:DEBUG:  []
2023-09-24 03:58:47,524:telegram.bot:DEBUG:  Exiting: get_updates
2023-09-24 03:58:47,526:telegram.bot:DEBUG:  Entering: get_updates
2023-09-24 03:58:57,658:telegram.bot:DEBUG:  No new updates found.
2023-09-24 03:58:57,658:telegram.bot:DEBUG:  []
2023-09-24 03:58:57,658:telegram.bot:DEBUG:  Exiting: get_updates
2023-09-24 03:58:57,658:telegram.bot:DEBUG:  Entering: get_updates
2023-09-24 03:59:07,843:telegram.bot:DEBUG:  No new updates found.
2023-09-24 03:59:07,843:telegram.bot:DEBUG:  []
2023-09-24 03:59:07,843:telegram.bot:DEBUG:  Exiting: get_updates
2023-09-24 03:59:07,843:telegram.bot:DEBUG:  Entering: get_updates
2023-09-24 03:59:18,322:telegram.bot:DEBUG:  No new updates found.
2023-09-24 03:59:18,323:telegram.bot:DEBUG:  []
2023-09-24 03:59:18,323:telegram.bot:DEBUG:  Exiting: get_updates
2023-09-24 03:59:18,323:telegram.bot:DEBUG:  Entering: get_updates
2023-09-24 03:59:28,484:telegram.bot:DEBUG:  No new updates found.
2023-09-24 03:59:28,484:telegram.bot:DEBUG:  []
2023-09-24 03:59:28,485:telegram.bot:DEBUG:  Exiting: get_updates
2023-09-24 03:59:28,485:telegram.bot:DEBUG:  Entering: get_updates
2023-09-24 03:59:38,643:telegram.bot:DEBUG:  No new updates found.
2023-09-24 03:59:38,643:telegram.bot:DEBUG:  []
2023-09-24 03:59:38,643:telegram.bot:DEBUG:  Exiting: get_updates
2023-09-24 03:59:38,643:telegram.bot:DEBUG:  Entering: get_updates
2023-09-24 03:59:48,774:telegram.bot:DEBUG:  No new updates found.
2023-09-24 03:59:48,774:telegram.bot:DEBUG:  []
2023-09-24 03:59:48,774:telegram.bot:DEBUG:  Exiting: get_updates
2023-09-24 03:59:48,774:telegram.bot:DEBUG:  Entering: get_updates
2023-09-24 04:00:00,782:telegram.ext.updater:DEBUG:  Timed out getting Updates: Timed out
2023-09-24 04:00:00,783:telegram.bot:DEBUG:  Entering: get_updates
2023-09-24 04:00:18,480:telegram.bot:DEBUG:  No new updates found.
2023-09-24 04:00:18,480:telegram.bot:DEBUG:  []
2023-09-24 04:00:18,480:telegram.bot:DEBUG:  Exiting: get_updates
2023-09-24 04:00:18,481:telegram.bot:DEBUG:  Entering: get_updates
2023-09-24 04:00:29,314:telegram.bot:DEBUG:  No new updates found.
2023-09-24 04:00:29,314:telegram.bot:DEBUG:  []
2023-09-24 04:00:29,314:telegram.bot:DEBUG:  Exiting: get_updates
2023-09-24 04:00:29,315:telegram.bot:DEBUG:  Entering: get_updates
2023-09-24 04:00:40,086:telegram.bot:DEBUG:  No new updates found.
2023-09-24 04:00:40,086:telegram.bot:DEBUG:  []
2023-09-24 04:00:40,086:telegram.bot:DEBUG:  Exiting: get_updates
2023-09-24 04:00:40,086:telegram.bot:DEBUG:  Entering: get_updates
2023-09-24 04:00:50,291:telegram.bot:DEBUG:  No new updates found.
2023-09-24 04:00:50,291:telegram.bot:DEBUG:  []
2023-09-24 04:00:50,291:telegram.bot:DEBUG:  Exiting: get_updates
2023-09-24 04:00:50,291:telegram.bot:DEBUG:  Entering: get_updates
2023-09-24 04:01:00,398:telegram.bot:DEBUG:  No new updates found.
2023-09-24 04:01:00,398:telegram.bot:DEBUG:  []
2023-09-24 04:01:00,398:telegram.bot:DEBUG:  Exiting: get_updates
2023-09-24 04:01:00,398:telegram.bot:DEBUG:  Entering: get_updates
2023-09-24 04:01:10,903:telegram.bot:DEBUG:  No new updates found.
2023-09-24 04:01:10,903:telegram.bot:DEBUG:  []
2023-09-24 04:01:10,903:telegram.bot:DEBUG:  Exiting: get_updates
2023-09-24 04:01:10,903:telegram.bot:DEBUG:  Entering: get_updates
2023-09-24 04:01:21,024:telegram.bot:DEBUG:  No new updates found.
2023-09-24 04:01:21,024:telegram.bot:DEBUG:  []
2023-09-24 04:01:21,024:telegram.bot:DEBUG:  Exiting: get_updates
2023-09-24 04:01:21,024:telegram.bot:DEBUG:  Entering: get_updates
2023-09-24 04:01:31,193:telegram.bot:DEBUG:  No new updates found.
2023-09-24 04:01:31,193:telegram.bot:DEBUG:  []
2023-09-24 04:01:31,193:telegram.bot:DEBUG:  Exiting: get_updates
2023-09-24 04:01:31,193:telegram.bot:DEBUG:  Entering: get_updates
2023-09-24 04:01:41,528:telegram.bot:DEBUG:  No new updates found.
2023-09-24 04:01:41,528:telegram.bot:DEBUG:  []
2023-09-24 04:01:41,528:telegram.bot:DEBUG:  Exiting: get_updates
2023-09-24 04:01:41,528:telegram.bot:DEBUG:  Entering: get_updates
2023-09-24 04:01:51,980:telegram.bot:DEBUG:  No new updates found.
2023-09-24 04:01:51,980:telegram.bot:DEBUG:  []
2023-09-24 04:01:51,980:telegram.bot:DEBUG:  Exiting: get_updates
2023-09-24 04:01:51,980:telegram.bot:DEBUG:  Entering: get_updates
2023-09-24 04:02:02,112:telegram.bot:DEBUG:  No new updates found.
2023-09-24 04:02:02,112:telegram.bot:DEBUG:  []
2023-09-24 04:02:02,112:telegram.bot:DEBUG:  Exiting: get_updates
2023-09-24 04:02:02,112:telegram.bot:DEBUG:  Entering: get_updates
2023-09-24 04:02:12,701:telegram.bot:DEBUG:  No new updates found.
2023-09-24 04:02:12,702:telegram.bot:DEBUG:  []
2023-09-24 04:02:12,702:telegram.bot:DEBUG:  Exiting: get_updates
2023-09-24 04:02:12,702:telegram.bot:DEBUG:  Entering: get_updates
2023-09-24 04:02:23,162:telegram.bot:DEBUG:  No new updates found.
2023-09-24 04:02:23,162:telegram.bot:DEBUG:  []
2023-09-24 04:02:23,162:telegram.bot:DEBUG:  Exiting: get_updates
2023-09-24 04:02:23,162:telegram.bot:DEBUG:  Entering: get_updates
2023-09-24 04:02:34,205:telegram.bot:DEBUG:  No new updates found.
2023-09-24 04:02:34,205:telegram.bot:DEBUG:  []
2023-09-24 04:02:34,205:telegram.bot:DEBUG:  Exiting: get_updates
2023-09-24 04:02:34,205:telegram.bot:DEBUG:  Entering: get_updates
2023-09-24 04:02:45,250:telegram.bot:DEBUG:  No new updates found.
2023-09-24 04:02:45,250:telegram.bot:DEBUG:  []
2023-09-24 04:02:45,250:telegram.bot:DEBUG:  Exiting: get_updates
2023-09-24 04:02:45,251:telegram.bot:DEBUG:  Entering: get_updates
2023-09-24 04:02:51,781:telegram.ext.updater:INFO:  Received signal 2 (SIGINT), stopping...
2023-09-24 04:02:51,786:apscheduler.scheduler:INFO:  Scheduler has been shut down
2023-09-24 04:02:51,786:apscheduler.scheduler:DEBUG:  Looking for jobs to run
2023-09-24 04:02:51,786:apscheduler.scheduler:DEBUG:  No jobs; waiting until a job is added
2023-09-24 04:02:51,786:telegram.ext.updater:DEBUG:  Stopping Updater and Dispatcher...
2023-09-24 04:02:51,786:telegram.ext.updater:DEBUG:  Requesting Dispatcher to stop...
2023-09-24 04:02:52,349:telegram.ext.dispatcher:DEBUG:  orderly stopping
2023-09-24 04:02:52,349:telegram.ext.dispatcher:DEBUG:  Dispatcher thread stopped
2023-09-24 04:02:52,349:telegram.ext.updater:DEBUG:  Bot:6685183482:dispatcher - ended
2023-09-24 04:02:52,400:telegram.ext.dispatcher:DEBUG:  Waiting for async thread 1/4 to end
2023-09-24 04:02:52,400:telegram.ext.dispatcher:DEBUG:  Closing run_async thread Bot:6685183482:worker:99512f0e-fc5c-4d16-a45a-61b8815f3c9b_0/4
2023-09-24 04:02:52,400:telegram.ext.dispatcher:DEBUG:  Closing run_async thread Bot:6685183482:worker:99512f0e-fc5c-4d16-a45a-61b8815f3c9b_3/4
2023-09-24 04:02:52,400:telegram.ext.dispatcher:DEBUG:  Closing run_async thread Bot:6685183482:worker:99512f0e-fc5c-4d16-a45a-61b8815f3c9b_2/4
2023-09-24 04:02:52,400:telegram.ext.dispatcher:DEBUG:  Closing run_async thread Bot:6685183482:worker:99512f0e-fc5c-4d16-a45a-61b8815f3c9b_1/4
2023-09-24 04:02:52,400:telegram.ext.dispatcher:DEBUG:  async thread 1/4 has ended
2023-09-24 04:02:52,400:telegram.ext.dispatcher:DEBUG:  Waiting for async thread 2/4 to end
2023-09-24 04:02:52,400:telegram.ext.dispatcher:DEBUG:  async thread 2/4 has ended
2023-09-24 04:02:52,400:telegram.ext.dispatcher:DEBUG:  Waiting for async thread 3/4 to end
2023-09-24 04:02:52,400:telegram.ext.dispatcher:DEBUG:  async thread 3/4 has ended
2023-09-24 04:02:52,400:telegram.ext.dispatcher:DEBUG:  Waiting for async thread 4/4 to end
2023-09-24 04:02:52,400:telegram.ext.dispatcher:DEBUG:  async thread 4/4 has ended
2023-09-24 04:02:52,400:telegram.ext.updater:DEBUG:  Waiting for Bot:6685183482:dispatcher thread to end
2023-09-24 04:02:52,407:telegram.ext.updater:DEBUG:  Bot:6685183482:dispatcher thread has ended
2023-09-24 04:02:52,407:telegram.ext.updater:DEBUG:  Waiting for Bot:6685183482:updater thread to end
2023-09-24 04:02:55,374:telegram.bot:DEBUG:  No new updates found.
2023-09-24 04:02:55,374:telegram.bot:DEBUG:  []
2023-09-24 04:02:55,374:telegram.bot:DEBUG:  Exiting: get_updates
2023-09-24 04:02:55,374:telegram.ext.updater:DEBUG:  Bot:6685183482:updater - ended
2023-09-24 04:02:55,374:telegram.ext.updater:DEBUG:  Bot:6685183482:updater thread has ended
2023-09-24 04:03:17,605:telegram.ext.dispatcher:DEBUG:  Setting singleton dispatcher as <telegram.ext.dispatcher.Dispatcher object at 0x0000017FA4C0D230>
2023-09-24 04:03:17,652:apscheduler.scheduler:INFO:  Scheduler started
2023-09-24 04:03:17,667:apscheduler.scheduler:DEBUG:  Looking for jobs to run
2023-09-24 04:03:17,667:telegram.bot:DEBUG:  Entering: get_me
2023-09-24 04:03:17,667:apscheduler.scheduler:DEBUG:  No jobs; waiting until a job is added
2023-09-24 04:03:20,725:telegram.bot:DEBUG:  {'id': 6685183482, 'username': 'IssueNotifiedBot', 'is_bot': True, 'first_name': 'IssueNotified', 'supports_inline_queries': False, 'can_read_all_group_messages': False, 'can_join_groups': False}
2023-09-24 04:03:20,725:telegram.bot:DEBUG:  Exiting: get_me
2023-09-24 04:03:20,725:telegram.ext.updater:DEBUG:  Bot:6685183482:dispatcher - started
2023-09-24 04:03:20,725:telegram.ext.updater:DEBUG:  Bot:6685183482:updater - started
2023-09-24 04:03:20,725:telegram.ext.updater:DEBUG:  Waiting for Dispatcher and polling to start
2023-09-24 04:03:20,725:telegram.ext.updater:DEBUG:  Updater thread started (polling)
2023-09-24 04:03:20,740:telegram.ext.updater:DEBUG:  Start network loop retry bootstrap del webhook
2023-09-24 04:03:20,740:telegram.ext.updater:DEBUG:  Deleting webhook
2023-09-24 04:03:20,740:telegram.bot:DEBUG:  Entering: delete_webhook
2023-09-24 04:03:20,740:telegram.ext.dispatcher:DEBUG:  Dispatcher started
2023-09-24 04:03:20,865:telegram.bot:DEBUG:  True
2023-09-24 04:03:20,865:telegram.bot:DEBUG:  Exiting: delete_webhook
2023-09-24 04:03:20,865:telegram.ext.updater:DEBUG:  Bootstrap done
2023-09-24 04:03:20,865:telegram.ext.updater:DEBUG:  Start network loop retry getting Updates
2023-09-24 04:03:20,865:telegram.bot:DEBUG:  Entering: get_updates
2023-09-24 04:03:31,007:telegram.bot:DEBUG:  No new updates found.
2023-09-24 04:03:31,007:telegram.bot:DEBUG:  []
2023-09-24 04:03:31,007:telegram.bot:DEBUG:  Exiting: get_updates
2023-09-24 04:03:31,007:telegram.bot:DEBUG:  Entering: get_updates
2023-09-24 04:03:41,165:telegram.bot:DEBUG:  No new updates found.
2023-09-24 04:03:41,165:telegram.bot:DEBUG:  []
2023-09-24 04:03:41,165:telegram.bot:DEBUG:  Exiting: get_updates
2023-09-24 04:03:41,165:telegram.bot:DEBUG:  Entering: get_updates
2023-09-24 04:03:51,322:telegram.bot:DEBUG:  No new updates found.
2023-09-24 04:03:51,322:telegram.bot:DEBUG:  []
2023-09-24 04:03:51,322:telegram.bot:DEBUG:  Exiting: get_updates
2023-09-24 04:03:51,322:telegram.bot:DEBUG:  Entering: get_updates
2023-09-24 04:04:01,494:telegram.bot:DEBUG:  No new updates found.
2023-09-24 04:04:01,494:telegram.bot:DEBUG:  []
2023-09-24 04:04:01,494:telegram.bot:DEBUG:  Exiting: get_updates
2023-09-24 04:04:01,494:telegram.bot:DEBUG:  Entering: get_updates
2023-09-24 04:04:11,684:telegram.bot:DEBUG:  No new updates found.
2023-09-24 04:04:11,684:telegram.bot:DEBUG:  []
2023-09-24 04:04:11,684:telegram.bot:DEBUG:  Exiting: get_updates
2023-09-24 04:04:11,684:telegram.bot:DEBUG:  Entering: get_updates
2023-09-24 04:04:21,836:telegram.bot:DEBUG:  No new updates found.
2023-09-24 04:04:21,836:telegram.bot:DEBUG:  []
2023-09-24 04:04:21,836:telegram.bot:DEBUG:  Exiting: get_updates
2023-09-24 04:04:21,836:telegram.bot:DEBUG:  Entering: get_updates
2023-09-24 04:04:31,973:telegram.bot:DEBUG:  No new updates found.
2023-09-24 04:04:31,973:telegram.bot:DEBUG:  []
2023-09-24 04:04:31,973:telegram.bot:DEBUG:  Exiting: get_updates
2023-09-24 04:04:31,973:telegram.bot:DEBUG:  Entering: get_updates
2023-09-24 04:04:42,142:telegram.bot:DEBUG:  No new updates found.
2023-09-24 04:04:42,142:telegram.bot:DEBUG:  []
2023-09-24 04:04:42,142:telegram.bot:DEBUG:  Exiting: get_updates
2023-09-24 04:04:42,157:telegram.bot:DEBUG:  Entering: get_updates
2023-09-24 04:04:52,296:telegram.bot:DEBUG:  No new updates found.
2023-09-24 04:04:52,296:telegram.bot:DEBUG:  []
2023-09-24 04:04:52,296:telegram.bot:DEBUG:  Exiting: get_updates
2023-09-24 04:04:52,296:telegram.bot:DEBUG:  Entering: get_updates
2023-09-24 04:05:02,430:telegram.bot:DEBUG:  No new updates found.
2023-09-24 04:05:02,430:telegram.bot:DEBUG:  []
2023-09-24 04:05:02,430:telegram.bot:DEBUG:  Exiting: get_updates
2023-09-24 04:05:02,430:telegram.bot:DEBUG:  Entering: get_updates
2023-09-24 04:05:12,584:telegram.bot:DEBUG:  No new updates found.
2023-09-24 04:05:12,584:telegram.bot:DEBUG:  []
2023-09-24 04:05:12,584:telegram.bot:DEBUG:  Exiting: get_updates
2023-09-24 04:05:12,584:telegram.bot:DEBUG:  Entering: get_updates
2023-09-24 04:05:22,710:telegram.bot:DEBUG:  No new updates found.
2023-09-24 04:05:22,711:telegram.bot:DEBUG:  []
2023-09-24 04:05:22,711:telegram.bot:DEBUG:  Exiting: get_updates
2023-09-24 04:05:22,711:telegram.bot:DEBUG:  Entering: get_updates
2023-09-24 04:05:32,868:telegram.bot:DEBUG:  No new updates found.
2023-09-24 04:05:32,868:telegram.bot:DEBUG:  []
2023-09-24 04:05:32,868:telegram.bot:DEBUG:  Exiting: get_updates
2023-09-24 04:05:32,868:telegram.bot:DEBUG:  Entering: get_updates
2023-09-24 04:05:42,999:telegram.bot:DEBUG:  No new updates found.
2023-09-24 04:05:42,999:telegram.bot:DEBUG:  []
2023-09-24 04:05:42,999:telegram.bot:DEBUG:  Exiting: get_updates
2023-09-24 04:05:42,999:telegram.bot:DEBUG:  Entering: get_updates
2023-09-24 04:05:53,191:telegram.bot:DEBUG:  No new updates found.
2023-09-24 04:05:53,191:telegram.bot:DEBUG:  []
2023-09-24 04:05:53,191:telegram.bot:DEBUG:  Exiting: get_updates
2023-09-24 04:05:53,191:telegram.bot:DEBUG:  Entering: get_updates
2023-09-24 04:06:03,717:telegram.bot:DEBUG:  No new updates found.
2023-09-24 04:06:03,718:telegram.bot:DEBUG:  []
2023-09-24 04:06:03,718:telegram.bot:DEBUG:  Exiting: get_updates
2023-09-24 04:06:03,719:telegram.bot:DEBUG:  Entering: get_updates
2023-09-24 04:06:14,067:telegram.bot:DEBUG:  No new updates found.
2023-09-24 04:06:14,068:telegram.bot:DEBUG:  []
2023-09-24 04:06:14,068:telegram.bot:DEBUG:  Exiting: get_updates
2023-09-24 04:06:14,069:telegram.bot:DEBUG:  Entering: get_updates
2023-09-24 04:06:24,175:telegram.bot:DEBUG:  No new updates found.
2023-09-24 04:06:24,175:telegram.bot:DEBUG:  []
2023-09-24 04:06:24,175:telegram.bot:DEBUG:  Exiting: get_updates
2023-09-24 04:06:24,175:telegram.bot:DEBUG:  Entering: get_updates
2023-09-24 04:06:34,300:telegram.bot:DEBUG:  No new updates found.
2023-09-24 04:06:34,300:telegram.bot:DEBUG:  []
2023-09-24 04:06:34,300:telegram.bot:DEBUG:  Exiting: get_updates
2023-09-24 04:06:34,300:telegram.bot:DEBUG:  Entering: get_updates
2023-09-24 04:06:44,465:telegram.bot:DEBUG:  No new updates found.
2023-09-24 04:06:44,465:telegram.bot:DEBUG:  []
2023-09-24 04:06:44,465:telegram.bot:DEBUG:  Exiting: get_updates
2023-09-24 04:06:44,465:telegram.bot:DEBUG:  Entering: get_updates
2023-09-24 04:06:54,965:telegram.bot:DEBUG:  No new updates found.
2023-09-24 04:06:54,965:telegram.bot:DEBUG:  []
2023-09-24 04:06:54,965:telegram.bot:DEBUG:  Exiting: get_updates
2023-09-24 04:06:54,965:telegram.bot:DEBUG:  Entering: get_updates
2023-09-24 04:07:05,095:telegram.bot:DEBUG:  No new updates found.
2023-09-24 04:07:05,095:telegram.bot:DEBUG:  []
2023-09-24 04:07:05,095:telegram.bot:DEBUG:  Exiting: get_updates
2023-09-24 04:07:05,095:telegram.bot:DEBUG:  Entering: get_updates
2023-09-24 04:07:15,215:telegram.bot:DEBUG:  No new updates found.
2023-09-24 04:07:15,215:telegram.bot:DEBUG:  []
2023-09-24 04:07:15,215:telegram.bot:DEBUG:  Exiting: get_updates
2023-09-24 04:07:15,215:telegram.bot:DEBUG:  Entering: get_updates
2023-09-24 04:07:25,353:telegram.bot:DEBUG:  No new updates found.
2023-09-24 04:07:25,353:telegram.bot:DEBUG:  []
2023-09-24 04:07:25,353:telegram.bot:DEBUG:  Exiting: get_updates
2023-09-24 04:07:25,353:telegram.bot:DEBUG:  Entering: get_updates
2023-09-24 04:07:35,498:telegram.bot:DEBUG:  No new updates found.
2023-09-24 04:07:35,498:telegram.bot:DEBUG:  []
2023-09-24 04:07:35,498:telegram.bot:DEBUG:  Exiting: get_updates
2023-09-24 04:07:35,498:telegram.bot:DEBUG:  Entering: get_updates
2023-09-24 04:07:46,010:telegram.bot:DEBUG:  No new updates found.
2023-09-24 04:07:46,011:telegram.bot:DEBUG:  []
2023-09-24 04:07:46,012:telegram.bot:DEBUG:  Exiting: get_updates
2023-09-24 04:07:46,012:telegram.bot:DEBUG:  Entering: get_updates
2023-09-24 04:07:56,184:telegram.bot:DEBUG:  No new updates found.
2023-09-24 04:07:56,184:telegram.bot:DEBUG:  []
2023-09-24 04:07:56,184:telegram.bot:DEBUG:  Exiting: get_updates
2023-09-24 04:07:56,185:telegram.bot:DEBUG:  Entering: get_updates
2023-09-24 04:08:06,315:telegram.bot:DEBUG:  No new updates found.
2023-09-24 04:08:06,316:telegram.bot:DEBUG:  []
2023-09-24 04:08:06,316:telegram.bot:DEBUG:  Exiting: get_updates
2023-09-24 04:08:06,316:telegram.bot:DEBUG:  Entering: get_updates
2023-09-24 04:08:16,803:telegram.bot:DEBUG:  No new updates found.
2023-09-24 04:08:16,804:telegram.bot:DEBUG:  []
2023-09-24 04:08:16,804:telegram.bot:DEBUG:  Exiting: get_updates
2023-09-24 04:08:16,805:telegram.bot:DEBUG:  Entering: get_updates
2023-09-24 04:08:26,931:telegram.bot:DEBUG:  No new updates found.
2023-09-24 04:08:26,931:telegram.bot:DEBUG:  []
2023-09-24 04:08:26,931:telegram.bot:DEBUG:  Exiting: get_updates
2023-09-24 04:08:26,931:telegram.bot:DEBUG:  Entering: get_updates
2023-09-24 04:08:37,405:telegram.bot:DEBUG:  No new updates found.
2023-09-24 04:08:37,405:telegram.bot:DEBUG:  []
2023-09-24 04:08:37,405:telegram.bot:DEBUG:  Exiting: get_updates
2023-09-24 04:08:37,405:telegram.bot:DEBUG:  Entering: get_updates
2023-09-24 04:08:47,610:telegram.bot:DEBUG:  No new updates found.
2023-09-24 04:08:47,610:telegram.bot:DEBUG:  []
2023-09-24 04:08:47,610:telegram.bot:DEBUG:  Exiting: get_updates
2023-09-24 04:08:47,610:telegram.bot:DEBUG:  Entering: get_updates
2023-09-24 04:08:58,091:telegram.bot:DEBUG:  No new updates found.
2023-09-24 04:08:58,091:telegram.bot:DEBUG:  []
2023-09-24 04:08:58,092:telegram.bot:DEBUG:  Exiting: get_updates
2023-09-24 04:08:58,092:telegram.bot:DEBUG:  Entering: get_updates
2023-09-24 04:09:08,247:telegram.bot:DEBUG:  No new updates found.
2023-09-24 04:09:08,247:telegram.bot:DEBUG:  []
2023-09-24 04:09:08,247:telegram.bot:DEBUG:  Exiting: get_updates
2023-09-24 04:09:08,247:telegram.bot:DEBUG:  Entering: get_updates
2023-09-24 04:09:18,412:telegram.bot:DEBUG:  No new updates found.
2023-09-24 04:09:18,412:telegram.bot:DEBUG:  []
2023-09-24 04:09:18,412:telegram.bot:DEBUG:  Exiting: get_updates
2023-09-24 04:09:18,412:telegram.bot:DEBUG:  Entering: get_updates
2023-09-24 04:09:28,889:telegram.bot:DEBUG:  No new updates found.
2023-09-24 04:09:28,889:telegram.bot:DEBUG:  []
2023-09-24 04:09:28,889:telegram.bot:DEBUG:  Exiting: get_updates
2023-09-24 04:09:28,889:telegram.bot:DEBUG:  Entering: get_updates
2023-09-24 04:09:39,053:telegram.bot:DEBUG:  No new updates found.
2023-09-24 04:09:39,053:telegram.bot:DEBUG:  []
2023-09-24 04:09:39,053:telegram.bot:DEBUG:  Exiting: get_updates
2023-09-24 04:09:39,053:telegram.bot:DEBUG:  Entering: get_updates
2023-09-24 04:09:49,292:telegram.bot:DEBUG:  No new updates found.
2023-09-24 04:09:49,292:telegram.bot:DEBUG:  []
2023-09-24 04:09:49,292:telegram.bot:DEBUG:  Exiting: get_updates
2023-09-24 04:09:49,292:telegram.bot:DEBUG:  Entering: get_updates
2023-09-24 04:09:59,452:telegram.bot:DEBUG:  No new updates found.
2023-09-24 04:09:59,452:telegram.bot:DEBUG:  []
2023-09-24 04:09:59,452:telegram.bot:DEBUG:  Exiting: get_updates
2023-09-24 04:09:59,452:telegram.bot:DEBUG:  Entering: get_updates
2023-09-24 04:10:09,573:telegram.bot:DEBUG:  No new updates found.
2023-09-24 04:10:09,574:telegram.bot:DEBUG:  []
2023-09-24 04:10:09,574:telegram.bot:DEBUG:  Exiting: get_updates
2023-09-24 04:10:09,574:telegram.bot:DEBUG:  Entering: get_updates
2023-09-24 04:10:19,697:telegram.bot:DEBUG:  No new updates found.
2023-09-24 04:10:19,697:telegram.bot:DEBUG:  []
2023-09-24 04:10:19,698:telegram.bot:DEBUG:  Exiting: get_updates
2023-09-24 04:10:19,698:telegram.bot:DEBUG:  Entering: get_updates
2023-09-24 04:10:29,859:telegram.bot:DEBUG:  No new updates found.
2023-09-24 04:10:29,859:telegram.bot:DEBUG:  []
2023-09-24 04:10:29,860:telegram.bot:DEBUG:  Exiting: get_updates
2023-09-24 04:10:29,860:telegram.bot:DEBUG:  Entering: get_updates
2023-09-24 04:10:40,020:telegram.bot:DEBUG:  No new updates found.
2023-09-24 04:10:40,020:telegram.bot:DEBUG:  []
2023-09-24 04:10:40,020:telegram.bot:DEBUG:  Exiting: get_updates
2023-09-24 04:10:40,021:telegram.bot:DEBUG:  Entering: get_updates
2023-09-24 04:10:50,164:telegram.bot:DEBUG:  No new updates found.
2023-09-24 04:10:50,164:telegram.bot:DEBUG:  []
2023-09-24 04:10:50,164:telegram.bot:DEBUG:  Exiting: get_updates
2023-09-24 04:10:50,164:telegram.bot:DEBUG:  Entering: get_updates
2023-09-24 04:11:00,980:telegram.bot:DEBUG:  No new updates found.
2023-09-24 04:11:00,980:telegram.bot:DEBUG:  []
2023-09-24 04:11:00,980:telegram.bot:DEBUG:  Exiting: get_updates
2023-09-24 04:11:00,980:telegram.bot:DEBUG:  Entering: get_updates
2023-09-24 04:11:11,151:telegram.bot:DEBUG:  No new updates found.
2023-09-24 04:11:11,151:telegram.bot:DEBUG:  []
2023-09-24 04:11:11,151:telegram.bot:DEBUG:  Exiting: get_updates
2023-09-24 04:11:11,167:telegram.bot:DEBUG:  Entering: get_updates
2023-10-06 23:33:14,516:telegram.ext.dispatcher:DEBUG:  Setting singleton dispatcher as <telegram.ext.dispatcher.Dispatcher object at 0x000002A2D9C2D230>
2023-10-06 23:33:14,604:apscheduler.scheduler:INFO:  Scheduler started
2023-10-06 23:33:14,604:apscheduler.scheduler:DEBUG:  Looking for jobs to run
2023-10-06 23:33:14,604:telegram.bot:DEBUG:  Entering: get_me
2023-10-06 23:33:14,635:apscheduler.scheduler:DEBUG:  No jobs; waiting until a job is added
2023-10-06 23:33:17,979:telegram.bot:DEBUG:  {'supports_inline_queries': False, 'can_read_all_group_messages': False, 'can_join_groups': False, 'first_name': 'IssueNotified', 'username': 'IssueNotifiedBot', 'is_bot': True, 'id': 6685183482}
2023-10-06 23:33:17,979:telegram.bot:DEBUG:  Exiting: get_me
2023-10-06 23:33:17,979:telegram.ext.updater:DEBUG:  Bot:6685183482:dispatcher - started
2023-10-06 23:33:17,979:telegram.ext.updater:DEBUG:  Bot:6685183482:updater - started
2023-10-06 23:33:17,979:telegram.ext.updater:DEBUG:  Waiting for Dispatcher and polling to start
2023-10-06 23:33:17,979:telegram.ext.updater:DEBUG:  Updater thread started (polling)
2023-10-06 23:33:17,979:telegram.ext.updater:DEBUG:  Start network loop retry bootstrap del webhook
2023-10-06 23:33:17,979:telegram.ext.updater:DEBUG:  Deleting webhook
2023-10-06 23:33:17,979:telegram.bot:DEBUG:  Entering: delete_webhook
2023-10-06 23:33:17,995:telegram.ext.dispatcher:DEBUG:  Dispatcher started
2023-10-06 23:33:18,136:telegram.bot:DEBUG:  True
2023-10-06 23:33:18,136:telegram.bot:DEBUG:  Exiting: delete_webhook
2023-10-06 23:33:18,136:telegram.ext.updater:DEBUG:  Bootstrap done
2023-10-06 23:33:18,136:telegram.ext.updater:DEBUG:  Start network loop retry getting Updates
2023-10-06 23:33:18,136:telegram.bot:DEBUG:  Entering: get_updates
2023-10-06 23:33:28,749:telegram.bot:DEBUG:  No new updates found.
2023-10-06 23:33:28,749:telegram.bot:DEBUG:  []
2023-10-06 23:33:28,749:telegram.bot:DEBUG:  Exiting: get_updates
2023-10-06 23:33:28,749:telegram.bot:DEBUG:  Entering: get_updates
2023-10-06 23:33:38,906:telegram.bot:DEBUG:  No new updates found.
2023-10-06 23:33:38,906:telegram.bot:DEBUG:  []
2023-10-06 23:33:38,906:telegram.bot:DEBUG:  Exiting: get_updates
2023-10-06 23:33:38,906:telegram.bot:DEBUG:  Entering: get_updates
2023-10-06 23:33:49,941:telegram.bot:DEBUG:  No new updates found.
2023-10-06 23:33:49,957:telegram.bot:DEBUG:  []
2023-10-06 23:33:49,957:telegram.bot:DEBUG:  Exiting: get_updates
2023-10-06 23:33:49,957:telegram.bot:DEBUG:  Entering: get_updates
2023-10-06 23:34:00,553:telegram.bot:DEBUG:  No new updates found.
2023-10-06 23:34:00,554:telegram.bot:DEBUG:  []
2023-10-06 23:34:00,555:telegram.bot:DEBUG:  Exiting: get_updates
2023-10-06 23:34:00,555:telegram.bot:DEBUG:  Entering: get_updates
2023-10-06 23:34:10,681:telegram.bot:DEBUG:  No new updates found.
2023-10-06 23:34:10,681:telegram.bot:DEBUG:  []
2023-10-06 23:34:10,681:telegram.bot:DEBUG:  Exiting: get_updates
2023-10-06 23:34:10,681:telegram.bot:DEBUG:  Entering: get_updates
2023-10-06 23:34:21,206:telegram.bot:DEBUG:  No new updates found.
2023-10-06 23:34:21,206:telegram.bot:DEBUG:  []
2023-10-06 23:34:21,206:telegram.bot:DEBUG:  Exiting: get_updates
2023-10-06 23:34:21,206:telegram.bot:DEBUG:  Entering: get_updates
2023-10-06 23:34:31,371:telegram.bot:DEBUG:  No new updates found.
2023-10-06 23:34:31,371:telegram.bot:DEBUG:  []
2023-10-06 23:34:31,371:telegram.bot:DEBUG:  Exiting: get_updates
2023-10-06 23:34:31,371:telegram.bot:DEBUG:  Entering: get_updates
2023-10-06 23:34:36,568:telegram.bot:DEBUG:  Getting updates: [133239247]
2023-10-06 23:34:36,569:telegram.bot:DEBUG:  [<telegram.update.Update object at 0x000002A2D5E37380>]
2023-10-06 23:34:36,569:telegram.bot:DEBUG:  Exiting: get_updates
2023-10-06 23:34:36,570:telegram.bot:DEBUG:  Entering: get_updates
2023-10-06 23:34:36,570:telegram.ext.dispatcher:DEBUG:  Processing Update: {'update_id': 133239247, 'message': {'group_chat_created': False, 'channel_chat_created': False, 'entities': [{'length': 5, 'offset': 0, 'type': 'bot_command'}], 'new_chat_members': [], 'supergroup_chat_created': False, 'text': '/list', 'new_chat_photo': [], 'chat': {'first_name': 'Robel', 'username': 'ZeMicah', 'type': 'private', 'id': 5347094985}, 'delete_chat_photo': False, 'message_id': 1278, 'photo': [], 'caption_entities': [], 'date': 1696624469, 'from': {'language_code': 'en', 'first_name': 'Robel', 'username': 'ZeMicah', 'is_bot': False, 'id': 5347094985}}}
2023-10-06 23:34:36,592:telegram.bot:DEBUG:  Entering: send_message
2023-10-06 23:34:39,719:telegram.bot:DEBUG:  {'group_chat_created': False, 'channel_chat_created': False, 'entities': [], 'new_chat_members': [], 'supergroup_chat_created': False, 'text': 'Owner       Repository\n1. Expensify       App\n2. tensorflow       tensorflow\n3. ansible       ansible\n4. scrapy       scrapy\n5. matplotlib       matplotlib', 'new_chat_photo': [], 'chat': {'first_name': 'Robel', 'username': 'ZeMicah', 'type': 'private', 'id': 5347094985}, 'delete_chat_photo': False, 'message_id': 1279, 'photo': [], 'caption_entities': [], 'date': 1696624472, 'from': {'first_name': 'IssueNotified', 'username': 'IssueNotifiedBot', 'is_bot': True, 'id': 6685183482}}
2023-10-06 23:34:39,719:telegram.bot:DEBUG:  Exiting: send_message
2023-10-06 23:34:46,686:telegram.bot:DEBUG:  No new updates found.
2023-10-06 23:34:46,686:telegram.bot:DEBUG:  []
2023-10-06 23:34:46,686:telegram.bot:DEBUG:  Exiting: get_updates
2023-10-06 23:34:46,686:telegram.bot:DEBUG:  Entering: get_updates
2023-10-06 23:34:56,842:telegram.bot:DEBUG:  No new updates found.
2023-10-06 23:34:56,842:telegram.bot:DEBUG:  []
2023-10-06 23:34:56,842:telegram.bot:DEBUG:  Exiting: get_updates
2023-10-06 23:34:56,842:telegram.bot:DEBUG:  Entering: get_updates
2023-10-06 23:35:06,968:telegram.bot:DEBUG:  No new updates found.
2023-10-06 23:35:06,968:telegram.bot:DEBUG:  []
2023-10-06 23:35:06,968:telegram.bot:DEBUG:  Exiting: get_updates
2023-10-06 23:35:06,968:telegram.bot:DEBUG:  Entering: get_updates
2023-10-06 23:35:14,506:telegram.bot:DEBUG:  Getting updates: [133239248]
2023-10-06 23:35:14,506:telegram.bot:DEBUG:  [<telegram.update.Update object at 0x000002A2D5E35A50>]
2023-10-06 23:35:14,506:telegram.bot:DEBUG:  Exiting: get_updates
2023-10-06 23:35:14,506:telegram.bot:DEBUG:  Entering: get_updates
2023-10-06 23:35:14,506:telegram.ext.dispatcher:DEBUG:  Processing Update: {'update_id': 133239248, 'message': {'group_chat_created': False, 'channel_chat_created': False, 'entities': [{'length': 6, 'offset': 0, 'type': 'bot_command'}], 'new_chat_members': [], 'supergroup_chat_created': False, 'text': '/track', 'new_chat_photo': [], 'chat': {'first_name': 'Robel', 'username': 'ZeMicah', 'type': 'private', 'id': 5347094985}, 'delete_chat_photo': False, 'message_id': 1280, 'photo': [], 'caption_entities': [], 'date': 1696624507, 'from': {'language_code': 'en', 'first_name': 'Robel', 'username': 'ZeMicah', 'is_bot': False, 'id': 5347094985}}}
2023-10-06 23:35:14,506:telegram.ext.conversationhandler:DEBUG:  selecting conversation (5347094985, 5347094985) with state None
2023-10-06 23:35:14,506:telegram.bot:DEBUG:  Entering: send_message
2023-10-06 23:35:14,735:telegram.bot:DEBUG:  {'group_chat_created': False, 'channel_chat_created': False, 'entities': [], 'new_chat_members': [], 'supergroup_chat_created': False, 'text': 'Enter the owner and name of the repository you want to track.          \neg. Expensify, App', 'new_chat_photo': [], 'chat': {'first_name': 'Robel', 'username': 'ZeMicah', 'type': 'private', 'id': 5347094985}, 'delete_chat_photo': False, 'message_id': 1281, 'photo': [], 'caption_entities': [], 'date': 1696624507, 'from': {'first_name': 'IssueNotified', 'username': 'IssueNotifiedBot', 'is_bot': True, 'id': 6685183482}}
2023-10-06 23:35:14,735:telegram.bot:DEBUG:  Exiting: send_message
2023-10-06 23:35:24,638:telegram.bot:DEBUG:  No new updates found.
2023-10-06 23:35:24,638:telegram.bot:DEBUG:  []
2023-10-06 23:35:24,638:telegram.bot:DEBUG:  Exiting: get_updates
2023-10-06 23:35:24,638:telegram.bot:DEBUG:  Entering: get_updates
2023-10-06 23:35:34,746:telegram.bot:DEBUG:  No new updates found.
2023-10-06 23:35:34,746:telegram.bot:DEBUG:  []
2023-10-06 23:35:34,746:telegram.bot:DEBUG:  Exiting: get_updates
2023-10-06 23:35:34,746:telegram.bot:DEBUG:  Entering: get_updates
2023-10-06 23:35:44,898:telegram.bot:DEBUG:  No new updates found.
2023-10-06 23:35:44,898:telegram.bot:DEBUG:  []
2023-10-06 23:35:44,898:telegram.bot:DEBUG:  Exiting: get_updates
2023-10-06 23:35:44,898:telegram.bot:DEBUG:  Entering: get_updates
2023-10-06 23:35:50,388:telegram.bot:DEBUG:  Getting updates: [133239249]
2023-10-06 23:35:50,388:telegram.bot:DEBUG:  [<telegram.update.Update object at 0x000002A2D5E37380>]
2023-10-06 23:35:50,388:telegram.bot:DEBUG:  Exiting: get_updates
2023-10-06 23:35:50,388:telegram.bot:DEBUG:  Entering: get_updates
2023-10-06 23:35:50,388:telegram.ext.dispatcher:DEBUG:  Processing Update: {'update_id': 133239249, 'message': {'group_chat_created': False, 'channel_chat_created': False, 'entities': [], 'new_chat_members': [], 'supergroup_chat_created': False, 'text': 'django, django', 'new_chat_photo': [], 'chat': {'first_name': 'Robel', 'username': 'ZeMicah', 'type': 'private', 'id': 5347094985}, 'delete_chat_photo': False, 'message_id': 1282, 'photo': [], 'caption_entities': [], 'date': 1696624543, 'from': {'language_code': 'en', 'first_name': 'Robel', 'username': 'ZeMicah', 'is_bot': False, 'id': 5347094985}}}
2023-10-06 23:35:50,388:telegram.ext.conversationhandler:DEBUG:  selecting conversation (5347094985, 5347094985) with state 1
2023-10-06 23:35:50,812:telegram.bot:DEBUG:  Entering: send_message
2023-10-06 23:35:51,046:telegram.bot:DEBUG:  {'group_chat_created': False, 'channel_chat_created': False, 'entities': [], 'new_chat_members': [], 'supergroup_chat_created': False, 'text': 'Your repo has been saved!', 'new_chat_photo': [], 'chat': {'first_name': 'Robel', 'username': 'ZeMicah', 'type': 'private', 'id': 5347094985}, 'delete_chat_photo': False, 'message_id': 1283, 'photo': [], 'caption_entities': [], 'date': 1696624543, 'from': {'first_name': 'IssueNotified', 'username': 'IssueNotifiedBot', 'is_bot': True, 'id': 6685183482}}
2023-10-06 23:35:51,046:telegram.bot:DEBUG:  Exiting: send_message
2023-10-06 23:36:00,589:telegram.bot:DEBUG:  No new updates found.
2023-10-06 23:36:00,590:telegram.bot:DEBUG:  []
2023-10-06 23:36:00,590:telegram.bot:DEBUG:  Exiting: get_updates
2023-10-06 23:36:00,590:telegram.bot:DEBUG:  Entering: get_updates
2023-10-06 23:36:10,716:telegram.bot:DEBUG:  No new updates found.
2023-10-06 23:36:10,716:telegram.bot:DEBUG:  []
2023-10-06 23:36:10,716:telegram.bot:DEBUG:  Exiting: get_updates
2023-10-06 23:36:10,716:telegram.bot:DEBUG:  Entering: get_updates
2023-10-06 23:36:20,870:telegram.bot:DEBUG:  No new updates found.
2023-10-06 23:36:20,870:telegram.bot:DEBUG:  []
2023-10-06 23:36:20,870:telegram.bot:DEBUG:  Exiting: get_updates
2023-10-06 23:36:20,870:telegram.bot:DEBUG:  Entering: get_updates
2023-10-06 23:36:31,225:telegram.bot:DEBUG:  No new updates found.
2023-10-06 23:36:31,225:telegram.bot:DEBUG:  []
2023-10-06 23:36:31,225:telegram.bot:DEBUG:  Exiting: get_updates
2023-10-06 23:36:31,225:telegram.bot:DEBUG:  Entering: get_updates
2023-10-06 23:36:41,348:telegram.bot:DEBUG:  No new updates found.
2023-10-06 23:36:41,348:telegram.bot:DEBUG:  []
2023-10-06 23:36:41,348:telegram.bot:DEBUG:  Exiting: get_updates
2023-10-06 23:36:41,348:telegram.bot:DEBUG:  Entering: get_updates
2023-10-06 23:36:51,536:telegram.bot:DEBUG:  No new updates found.
2023-10-06 23:36:51,536:telegram.bot:DEBUG:  []
2023-10-06 23:36:51,536:telegram.bot:DEBUG:  Exiting: get_updates
2023-10-06 23:36:51,551:telegram.bot:DEBUG:  Entering: get_updates
2023-10-06 23:37:01,990:telegram.bot:DEBUG:  No new updates found.
2023-10-06 23:37:01,990:telegram.bot:DEBUG:  []
2023-10-06 23:37:01,990:telegram.bot:DEBUG:  Exiting: get_updates
2023-10-06 23:37:01,990:telegram.bot:DEBUG:  Entering: get_updates
2023-10-06 23:37:12,196:telegram.bot:DEBUG:  No new updates found.
2023-10-06 23:37:12,196:telegram.bot:DEBUG:  []
2023-10-06 23:37:12,196:telegram.bot:DEBUG:  Exiting: get_updates
2023-10-06 23:37:12,196:telegram.bot:DEBUG:  Entering: get_updates
2023-10-06 23:37:22,349:telegram.bot:DEBUG:  No new updates found.
2023-10-06 23:37:22,349:telegram.bot:DEBUG:  []
2023-10-06 23:37:22,349:telegram.bot:DEBUG:  Exiting: get_updates
2023-10-06 23:37:22,349:telegram.bot:DEBUG:  Entering: get_updates
2023-10-06 23:37:32,511:telegram.bot:DEBUG:  No new updates found.
2023-10-06 23:37:32,511:telegram.bot:DEBUG:  []
2023-10-06 23:37:32,511:telegram.bot:DEBUG:  Exiting: get_updates
2023-10-06 23:37:32,512:telegram.bot:DEBUG:  Entering: get_updates
2023-10-06 23:37:42,959:telegram.bot:DEBUG:  No new updates found.
2023-10-06 23:37:42,959:telegram.bot:DEBUG:  []
2023-10-06 23:37:42,959:telegram.bot:DEBUG:  Exiting: get_updates
2023-10-06 23:37:42,959:telegram.bot:DEBUG:  Entering: get_updates
2023-10-06 23:37:53,135:telegram.bot:DEBUG:  No new updates found.
2023-10-06 23:37:53,151:telegram.bot:DEBUG:  []
2023-10-06 23:37:53,151:telegram.bot:DEBUG:  Exiting: get_updates
2023-10-06 23:37:53,151:telegram.bot:DEBUG:  Entering: get_updates
2023-10-06 23:38:03,298:telegram.bot:DEBUG:  No new updates found.
2023-10-06 23:38:03,298:telegram.bot:DEBUG:  []
2023-10-06 23:38:03,298:telegram.bot:DEBUG:  Exiting: get_updates
2023-10-06 23:38:03,298:telegram.bot:DEBUG:  Entering: get_updates
2023-10-06 23:38:13,425:telegram.bot:DEBUG:  No new updates found.
2023-10-06 23:38:13,425:telegram.bot:DEBUG:  []
2023-10-06 23:38:13,440:telegram.bot:DEBUG:  Exiting: get_updates
2023-10-06 23:38:13,440:telegram.bot:DEBUG:  Entering: get_updates
2023-10-06 23:38:23,577:telegram.bot:DEBUG:  No new updates found.
2023-10-06 23:38:23,578:telegram.bot:DEBUG:  []
2023-10-06 23:38:23,578:telegram.bot:DEBUG:  Exiting: get_updates
2023-10-06 23:38:23,578:telegram.bot:DEBUG:  Entering: get_updates
2023-10-06 23:38:33,786:telegram.bot:DEBUG:  No new updates found.
2023-10-06 23:38:33,786:telegram.bot:DEBUG:  []
2023-10-06 23:38:33,786:telegram.bot:DEBUG:  Exiting: get_updates
2023-10-06 23:38:33,786:telegram.bot:DEBUG:  Entering: get_updates
2023-10-06 23:38:44,275:telegram.bot:DEBUG:  No new updates found.
2023-10-06 23:38:44,275:telegram.bot:DEBUG:  []
2023-10-06 23:38:44,275:telegram.bot:DEBUG:  Exiting: get_updates
2023-10-06 23:38:44,275:telegram.bot:DEBUG:  Entering: get_updates
2023-10-06 23:38:54,416:telegram.bot:DEBUG:  No new updates found.
2023-10-06 23:38:54,525:telegram.bot:DEBUG:  []
2023-10-06 23:38:54,525:telegram.bot:DEBUG:  Exiting: get_updates
2023-10-06 23:38:54,525:telegram.bot:DEBUG:  Entering: get_updates
2023-10-06 23:39:04,738:telegram.bot:DEBUG:  No new updates found.
2023-10-06 23:39:04,738:telegram.bot:DEBUG:  []
2023-10-06 23:39:04,738:telegram.bot:DEBUG:  Exiting: get_updates
2023-10-06 23:39:04,738:telegram.bot:DEBUG:  Entering: get_updates
2023-10-06 23:39:14,980:telegram.bot:DEBUG:  No new updates found.
2023-10-06 23:39:14,980:telegram.bot:DEBUG:  []
2023-10-06 23:39:14,980:telegram.bot:DEBUG:  Exiting: get_updates
2023-10-06 23:39:14,980:telegram.bot:DEBUG:  Entering: get_updates
2023-10-06 23:39:25,263:telegram.bot:DEBUG:  No new updates found.
2023-10-06 23:39:25,263:telegram.bot:DEBUG:  []
2023-10-06 23:39:25,263:telegram.bot:DEBUG:  Exiting: get_updates
2023-10-06 23:39:25,263:telegram.bot:DEBUG:  Entering: get_updates
2023-10-06 23:39:35,865:telegram.bot:DEBUG:  No new updates found.
2023-10-06 23:39:35,865:telegram.bot:DEBUG:  []
2023-10-06 23:39:35,865:telegram.bot:DEBUG:  Exiting: get_updates
2023-10-06 23:39:35,865:telegram.bot:DEBUG:  Entering: get_updates
2023-10-06 23:39:46,020:telegram.bot:DEBUG:  No new updates found.
2023-10-06 23:39:46,020:telegram.bot:DEBUG:  []
2023-10-06 23:39:46,020:telegram.bot:DEBUG:  Exiting: get_updates
2023-10-06 23:39:46,020:telegram.bot:DEBUG:  Entering: get_updates
2023-10-06 23:39:50,672:telegram.bot:DEBUG:  Getting updates: [133239250]
2023-10-06 23:39:50,672:telegram.bot:DEBUG:  [<telegram.update.Update object at 0x000002A2D5E36820>]
2023-10-06 23:39:50,672:telegram.bot:DEBUG:  Exiting: get_updates
2023-10-06 23:39:50,672:telegram.bot:DEBUG:  Entering: get_updates
2023-10-06 23:39:50,672:telegram.ext.dispatcher:DEBUG:  Processing Update: {'update_id': 133239250, 'message': {'group_chat_created': False, 'channel_chat_created': False, 'entities': [{'length': 6, 'offset': 0, 'type': 'bot_command'}], 'new_chat_members': [], 'supergroup_chat_created': False, 'text': '/track', 'new_chat_photo': [], 'chat': {'first_name': 'Robel', 'username': 'ZeMicah', 'type': 'private', 'id': 5347094985}, 'delete_chat_photo': False, 'message_id': 1284, 'photo': [], 'caption_entities': [], 'date': 1696624783, 'from': {'language_code': 'en', 'first_name': 'Robel', 'username': 'ZeMicah', 'is_bot': False, 'id': 5347094985}}}
2023-10-06 23:39:50,672:telegram.ext.conversationhandler:DEBUG:  selecting conversation (5347094985, 5347094985) with state None
2023-10-06 23:39:50,688:telegram.bot:DEBUG:  Entering: send_message
2023-10-06 23:39:51,425:telegram.bot:DEBUG:  {'group_chat_created': False, 'channel_chat_created': False, 'entities': [], 'new_chat_members': [], 'supergroup_chat_created': False, 'text': 'Enter the owner and name of the repository you want to track.          \neg. Expensify, App', 'new_chat_photo': [], 'chat': {'first_name': 'Robel', 'username': 'ZeMicah', 'type': 'private', 'id': 5347094985}, 'delete_chat_photo': False, 'message_id': 1285, 'photo': [], 'caption_entities': [], 'date': 1696624784, 'from': {'first_name': 'IssueNotified', 'username': 'IssueNotifiedBot', 'is_bot': True, 'id': 6685183482}}
2023-10-06 23:39:51,425:telegram.bot:DEBUG:  Exiting: send_message
2023-10-06 23:39:55,782:telegram.bot:DEBUG:  Getting updates: [133239251]
2023-10-06 23:39:55,782:telegram.bot:DEBUG:  [<telegram.update.Update object at 0x000002A2D5E361A0>]
2023-10-06 23:39:55,782:telegram.bot:DEBUG:  Exiting: get_updates
2023-10-06 23:39:55,782:telegram.bot:DEBUG:  Entering: get_updates
2023-10-06 23:39:55,782:telegram.ext.dispatcher:DEBUG:  Processing Update: {'update_id': 133239251, 'message': {'group_chat_created': False, 'channel_chat_created': False, 'entities': [], 'new_chat_members': [], 'supergroup_chat_created': False, 'text': 'requests, requests', 'new_chat_photo': [], 'chat': {'first_name': 'Robel', 'username': 'ZeMicah', 'type': 'private', 'id': 5347094985}, 'delete_chat_photo': False, 'message_id': 1286, 'photo': [], 'caption_entities': [], 'date': 1696624788, 'from': {'language_code': 'en', 'first_name': 'Robel', 'username': 'ZeMicah', 'is_bot': False, 'id': 5347094985}}}
2023-10-06 23:39:55,782:telegram.ext.conversationhandler:DEBUG:  selecting conversation (5347094985, 5347094985) with state 1
2023-10-06 23:39:55,798:telegram.bot:DEBUG:  Entering: send_message
2023-10-06 23:39:55,969:telegram.bot:DEBUG:  {'group_chat_created': False, 'channel_chat_created': False, 'entities': [], 'new_chat_members': [], 'supergroup_chat_created': False, 'text': 'Your repo has been saved!', 'new_chat_photo': [], 'chat': {'first_name': 'Robel', 'username': 'ZeMicah', 'type': 'private', 'id': 5347094985}, 'delete_chat_photo': False, 'message_id': 1287, 'photo': [], 'caption_entities': [], 'date': 1696624788, 'from': {'first_name': 'IssueNotified', 'username': 'IssueNotifiedBot', 'is_bot': True, 'id': 6685183482}}
2023-10-06 23:39:55,969:telegram.bot:DEBUG:  Exiting: send_message
2023-10-06 23:40:05,907:telegram.bot:DEBUG:  No new updates found.
2023-10-06 23:40:05,907:telegram.bot:DEBUG:  []
2023-10-06 23:40:05,907:telegram.bot:DEBUG:  Exiting: get_updates
2023-10-06 23:40:05,907:telegram.bot:DEBUG:  Entering: get_updates
2023-10-06 23:40:16,070:telegram.bot:DEBUG:  No new updates found.
2023-10-06 23:40:16,071:telegram.bot:DEBUG:  []
2023-10-06 23:40:16,071:telegram.bot:DEBUG:  Exiting: get_updates
2023-10-06 23:40:16,072:telegram.bot:DEBUG:  Entering: get_updates
2023-10-06 23:40:26,204:telegram.bot:DEBUG:  No new updates found.
2023-10-06 23:40:26,204:telegram.bot:DEBUG:  []
2023-10-06 23:40:26,204:telegram.bot:DEBUG:  Exiting: get_updates
2023-10-06 23:40:26,205:telegram.bot:DEBUG:  Entering: get_updates
2023-10-06 23:40:36,382:telegram.bot:DEBUG:  No new updates found.
2023-10-06 23:40:36,382:telegram.bot:DEBUG:  []
2023-10-06 23:40:36,383:telegram.bot:DEBUG:  Exiting: get_updates
2023-10-06 23:40:36,383:telegram.bot:DEBUG:  Entering: get_updates
2023-10-06 23:40:46,507:telegram.bot:DEBUG:  No new updates found.
2023-10-06 23:40:46,507:telegram.bot:DEBUG:  []
2023-10-06 23:40:46,507:telegram.bot:DEBUG:  Exiting: get_updates
2023-10-06 23:40:46,507:telegram.bot:DEBUG:  Entering: get_updates
2023-10-06 23:40:56,650:telegram.bot:DEBUG:  No new updates found.
2023-10-06 23:40:56,650:telegram.bot:DEBUG:  []
2023-10-06 23:40:56,650:telegram.bot:DEBUG:  Exiting: get_updates
2023-10-06 23:40:56,650:telegram.bot:DEBUG:  Entering: get_updates
2023-10-06 23:41:06,790:telegram.bot:DEBUG:  No new updates found.
2023-10-06 23:41:06,790:telegram.bot:DEBUG:  []
2023-10-06 23:41:06,790:telegram.bot:DEBUG:  Exiting: get_updates
2023-10-06 23:41:06,790:telegram.bot:DEBUG:  Entering: get_updates
2023-10-06 23:41:16,931:telegram.bot:DEBUG:  No new updates found.
2023-10-06 23:41:16,931:telegram.bot:DEBUG:  []
2023-10-06 23:41:16,931:telegram.bot:DEBUG:  Exiting: get_updates
2023-10-06 23:41:16,931:telegram.bot:DEBUG:  Entering: get_updates
2023-10-06 23:41:27,059:telegram.bot:DEBUG:  No new updates found.
2023-10-06 23:41:27,059:telegram.bot:DEBUG:  []
2023-10-06 23:41:27,059:telegram.bot:DEBUG:  Exiting: get_updates
2023-10-06 23:41:27,059:telegram.bot:DEBUG:  Entering: get_updates
2023-10-06 23:41:37,514:telegram.bot:DEBUG:  No new updates found.
2023-10-06 23:41:37,514:telegram.bot:DEBUG:  []
2023-10-06 23:41:37,514:telegram.bot:DEBUG:  Exiting: get_updates
2023-10-06 23:41:37,514:telegram.bot:DEBUG:  Entering: get_updates
2023-10-06 23:41:47,985:telegram.bot:DEBUG:  No new updates found.
2023-10-06 23:41:47,985:telegram.bot:DEBUG:  []
2023-10-06 23:41:47,985:telegram.bot:DEBUG:  Exiting: get_updates
2023-10-06 23:41:47,985:telegram.bot:DEBUG:  Entering: get_updates
2023-10-06 23:41:58,590:telegram.bot:DEBUG:  No new updates found.
2023-10-06 23:41:58,590:telegram.bot:DEBUG:  []
2023-10-06 23:41:58,591:telegram.bot:DEBUG:  Exiting: get_updates
2023-10-06 23:41:58,591:telegram.bot:DEBUG:  Entering: get_updates
2023-10-06 23:42:08,754:telegram.bot:DEBUG:  No new updates found.
2023-10-06 23:42:08,754:telegram.bot:DEBUG:  []
2023-10-06 23:42:08,754:telegram.bot:DEBUG:  Exiting: get_updates
2023-10-06 23:42:08,754:telegram.bot:DEBUG:  Entering: get_updates
2023-10-06 23:42:18,903:telegram.bot:DEBUG:  No new updates found.
2023-10-06 23:42:18,903:telegram.bot:DEBUG:  []
2023-10-06 23:42:18,903:telegram.bot:DEBUG:  Exiting: get_updates
2023-10-06 23:42:18,903:telegram.bot:DEBUG:  Entering: get_updates
2023-10-06 23:42:29,022:telegram.bot:DEBUG:  No new updates found.
2023-10-06 23:42:29,022:telegram.bot:DEBUG:  []
2023-10-06 23:42:29,022:telegram.bot:DEBUG:  Exiting: get_updates
2023-10-06 23:42:29,022:telegram.bot:DEBUG:  Entering: get_updates
2023-10-06 23:42:39,258:telegram.bot:DEBUG:  No new updates found.
2023-10-06 23:42:39,258:telegram.bot:DEBUG:  []
2023-10-06 23:42:39,258:telegram.bot:DEBUG:  Exiting: get_updates
2023-10-06 23:42:39,258:telegram.bot:DEBUG:  Entering: get_updates
2023-10-06 23:42:49,440:telegram.bot:DEBUG:  No new updates found.
2023-10-06 23:42:49,440:telegram.bot:DEBUG:  []
2023-10-06 23:42:49,440:telegram.bot:DEBUG:  Exiting: get_updates
2023-10-06 23:42:49,440:telegram.bot:DEBUG:  Entering: get_updates
2023-10-06 23:42:59,600:telegram.bot:DEBUG:  No new updates found.
2023-10-06 23:42:59,600:telegram.bot:DEBUG:  []
2023-10-06 23:42:59,600:telegram.bot:DEBUG:  Exiting: get_updates
2023-10-06 23:42:59,601:telegram.bot:DEBUG:  Entering: get_updates
2023-10-06 23:43:10,104:telegram.bot:DEBUG:  No new updates found.
2023-10-06 23:43:10,104:telegram.bot:DEBUG:  []
2023-10-06 23:43:10,104:telegram.bot:DEBUG:  Exiting: get_updates
2023-10-06 23:43:10,104:telegram.bot:DEBUG:  Entering: get_updates
2023-10-06 23:43:20,264:telegram.bot:DEBUG:  No new updates found.
2023-10-06 23:43:20,264:telegram.bot:DEBUG:  []
2023-10-06 23:43:20,264:telegram.bot:DEBUG:  Exiting: get_updates
2023-10-06 23:43:20,264:telegram.bot:DEBUG:  Entering: get_updates
2023-10-06 23:43:30,406:telegram.bot:DEBUG:  No new updates found.
2023-10-06 23:43:30,406:telegram.bot:DEBUG:  []
2023-10-06 23:43:30,406:telegram.bot:DEBUG:  Exiting: get_updates
2023-10-06 23:43:30,406:telegram.bot:DEBUG:  Entering: get_updates
2023-10-06 23:43:40,547:telegram.bot:DEBUG:  No new updates found.
2023-10-06 23:43:40,547:telegram.bot:DEBUG:  []
2023-10-06 23:43:40,547:telegram.bot:DEBUG:  Exiting: get_updates
2023-10-06 23:43:40,547:telegram.bot:DEBUG:  Entering: get_updates
2023-10-06 23:43:50,668:telegram.bot:DEBUG:  No new updates found.
2023-10-06 23:43:50,668:telegram.bot:DEBUG:  []
2023-10-06 23:43:50,668:telegram.bot:DEBUG:  Exiting: get_updates
2023-10-06 23:43:50,668:telegram.bot:DEBUG:  Entering: get_updates
2023-10-06 23:44:01,191:telegram.bot:DEBUG:  No new updates found.
2023-10-06 23:44:01,191:telegram.bot:DEBUG:  []
2023-10-06 23:44:01,191:telegram.bot:DEBUG:  Exiting: get_updates
2023-10-06 23:44:01,191:telegram.bot:DEBUG:  Entering: get_updates
2023-10-06 23:44:11,631:telegram.bot:DEBUG:  No new updates found.
2023-10-06 23:44:11,631:telegram.bot:DEBUG:  []
2023-10-06 23:44:11,631:telegram.bot:DEBUG:  Exiting: get_updates
2023-10-06 23:44:11,631:telegram.bot:DEBUG:  Entering: get_updates
2023-10-06 23:44:21,757:telegram.bot:DEBUG:  No new updates found.
2023-10-06 23:44:21,757:telegram.bot:DEBUG:  []
2023-10-06 23:44:21,757:telegram.bot:DEBUG:  Exiting: get_updates
2023-10-06 23:44:21,757:telegram.bot:DEBUG:  Entering: get_updates
2023-10-06 23:44:32,218:telegram.bot:DEBUG:  No new updates found.
2023-10-06 23:44:32,218:telegram.bot:DEBUG:  []
2023-10-06 23:44:32,218:telegram.bot:DEBUG:  Exiting: get_updates
2023-10-06 23:44:32,218:telegram.bot:DEBUG:  Entering: get_updates
2023-10-06 23:44:42,387:telegram.bot:DEBUG:  No new updates found.
2023-10-06 23:44:42,387:telegram.bot:DEBUG:  []
2023-10-06 23:44:42,387:telegram.bot:DEBUG:  Exiting: get_updates
2023-10-06 23:44:42,387:telegram.bot:DEBUG:  Entering: get_updates
2023-10-06 23:44:52,529:telegram.bot:DEBUG:  No new updates found.
2023-10-06 23:44:52,529:telegram.bot:DEBUG:  []
2023-10-06 23:44:52,529:telegram.bot:DEBUG:  Exiting: get_updates
2023-10-06 23:44:52,529:telegram.bot:DEBUG:  Entering: get_updates
2023-10-06 23:45:03,030:telegram.bot:DEBUG:  No new updates found.
2023-10-06 23:45:03,030:telegram.bot:DEBUG:  []
2023-10-06 23:45:03,030:telegram.bot:DEBUG:  Exiting: get_updates
2023-10-06 23:45:03,030:telegram.bot:DEBUG:  Entering: get_updates
2023-10-06 23:45:13,509:telegram.bot:DEBUG:  No new updates found.
2023-10-06 23:45:13,509:telegram.bot:DEBUG:  []
2023-10-06 23:45:13,509:telegram.bot:DEBUG:  Exiting: get_updates
2023-10-06 23:45:13,509:telegram.bot:DEBUG:  Entering: get_updates
2023-10-06 23:45:23,676:telegram.bot:DEBUG:  No new updates found.
2023-10-06 23:45:23,676:telegram.bot:DEBUG:  []
2023-10-06 23:45:23,676:telegram.bot:DEBUG:  Exiting: get_updates
2023-10-06 23:45:23,676:telegram.bot:DEBUG:  Entering: get_updates
2023-10-06 23:45:33,802:telegram.bot:DEBUG:  No new updates found.
2023-10-06 23:45:33,802:telegram.bot:DEBUG:  []
2023-10-06 23:45:33,802:telegram.bot:DEBUG:  Exiting: get_updates
2023-10-06 23:45:33,802:telegram.bot:DEBUG:  Entering: get_updates
2023-10-06 23:45:44,271:telegram.bot:DEBUG:  No new updates found.
2023-10-06 23:45:44,271:telegram.bot:DEBUG:  []
2023-10-06 23:45:44,271:telegram.bot:DEBUG:  Exiting: get_updates
2023-10-06 23:45:44,271:telegram.bot:DEBUG:  Entering: get_updates
2023-10-06 23:45:54,476:telegram.bot:DEBUG:  No new updates found.
2023-10-06 23:45:54,476:telegram.bot:DEBUG:  []
2023-10-06 23:45:54,476:telegram.bot:DEBUG:  Exiting: get_updates
2023-10-06 23:45:54,476:telegram.bot:DEBUG:  Entering: get_updates
2023-10-06 23:46:04,591:telegram.bot:DEBUG:  No new updates found.
2023-10-06 23:46:04,591:telegram.bot:DEBUG:  []
2023-10-06 23:46:04,591:telegram.bot:DEBUG:  Exiting: get_updates
2023-10-06 23:46:04,591:telegram.bot:DEBUG:  Entering: get_updates
2023-10-06 23:46:15,045:telegram.bot:DEBUG:  No new updates found.
2023-10-06 23:46:15,045:telegram.bot:DEBUG:  []
2023-10-06 23:46:15,045:telegram.bot:DEBUG:  Exiting: get_updates
2023-10-06 23:46:15,045:telegram.bot:DEBUG:  Entering: get_updates
2023-10-06 23:46:25,199:telegram.bot:DEBUG:  No new updates found.
2023-10-06 23:46:25,199:telegram.bot:DEBUG:  []
2023-10-06 23:46:25,199:telegram.bot:DEBUG:  Exiting: get_updates
2023-10-06 23:46:25,199:telegram.bot:DEBUG:  Entering: get_updates
2023-10-06 23:46:35,333:telegram.bot:DEBUG:  No new updates found.
2023-10-06 23:46:35,333:telegram.bot:DEBUG:  []
2023-10-06 23:46:35,333:telegram.bot:DEBUG:  Exiting: get_updates
2023-10-06 23:46:35,333:telegram.bot:DEBUG:  Entering: get_updates
2023-10-06 23:46:45,470:telegram.bot:DEBUG:  No new updates found.
2023-10-06 23:46:45,470:telegram.bot:DEBUG:  []
2023-10-06 23:46:45,470:telegram.bot:DEBUG:  Exiting: get_updates
2023-10-06 23:46:45,470:telegram.bot:DEBUG:  Entering: get_updates
2023-10-06 23:46:55,609:telegram.bot:DEBUG:  No new updates found.
2023-10-06 23:46:55,609:telegram.bot:DEBUG:  []
2023-10-06 23:46:55,609:telegram.bot:DEBUG:  Exiting: get_updates
2023-10-06 23:46:55,610:telegram.bot:DEBUG:  Entering: get_updates
2023-10-06 23:47:05,727:telegram.bot:DEBUG:  No new updates found.
2023-10-06 23:47:05,727:telegram.bot:DEBUG:  []
2023-10-06 23:47:05,743:telegram.bot:DEBUG:  Exiting: get_updates
2023-10-06 23:47:05,743:telegram.bot:DEBUG:  Entering: get_updates
2023-10-06 23:47:15,859:telegram.bot:DEBUG:  No new updates found.
2023-10-06 23:47:15,859:telegram.bot:DEBUG:  []
2023-10-06 23:47:15,859:telegram.bot:DEBUG:  Exiting: get_updates
2023-10-06 23:47:15,859:telegram.bot:DEBUG:  Entering: get_updates
2023-10-06 23:47:26,312:telegram.bot:DEBUG:  No new updates found.
2023-10-06 23:47:26,312:telegram.bot:DEBUG:  []
2023-10-06 23:47:26,312:telegram.bot:DEBUG:  Exiting: get_updates
2023-10-06 23:47:26,312:telegram.bot:DEBUG:  Entering: get_updates
2023-10-06 23:47:36,756:telegram.bot:DEBUG:  No new updates found.
2023-10-06 23:47:36,756:telegram.bot:DEBUG:  []
2023-10-06 23:47:36,757:telegram.bot:DEBUG:  Exiting: get_updates
2023-10-06 23:47:36,757:telegram.bot:DEBUG:  Entering: get_updates
2023-10-06 23:47:46,871:telegram.bot:DEBUG:  No new updates found.
2023-10-06 23:47:46,871:telegram.bot:DEBUG:  []
2023-10-06 23:47:46,871:telegram.bot:DEBUG:  Exiting: get_updates
2023-10-06 23:47:46,871:telegram.bot:DEBUG:  Entering: get_updates
2023-10-06 23:47:56,999:telegram.bot:DEBUG:  No new updates found.
2023-10-06 23:47:56,999:telegram.bot:DEBUG:  []
2023-10-06 23:47:56,999:telegram.bot:DEBUG:  Exiting: get_updates
2023-10-06 23:47:56,999:telegram.bot:DEBUG:  Entering: get_updates
2023-10-06 23:48:07,147:telegram.bot:DEBUG:  No new updates found.
2023-10-06 23:48:07,147:telegram.bot:DEBUG:  []
2023-10-06 23:48:07,147:telegram.bot:DEBUG:  Exiting: get_updates
2023-10-06 23:48:07,147:telegram.bot:DEBUG:  Entering: get_updates
2023-10-06 23:48:15,101:urllib3.connectionpool:DEBUG:  Starting new HTTPS connection (1): api.github.com:443
2023-10-06 23:48:17,597:telegram.bot:DEBUG:  No new updates found.
2023-10-06 23:48:17,597:telegram.bot:DEBUG:  []
2023-10-06 23:48:17,597:telegram.bot:DEBUG:  Exiting: get_updates
2023-10-06 23:48:17,598:telegram.bot:DEBUG:  Entering: get_updates
2023-10-06 23:48:19,022:urllib3.connectionpool:DEBUG:  https://api.github.com:443 "GET /repos/Expensify/App/issues/events HTTP/1.1" 200 None
2023-10-06 23:48:19,530:telegram.bot:DEBUG:  Entering: send_message
2023-10-06 23:48:23,579:telegram.bot:DEBUG:  {'group_chat_created': False, 'reply_markup': {'inline_keyboard': [[{'text': 'View Issue', 'url': 'https://github.com/Expensify/App/issues/28751'}]]}, 'channel_chat_created': False, 'entities': [{'length': 89, 'offset': 337, 'type': 'url'}, {'length': 26, 'offset': 453, 'type': 'email'}, {'length': 8, 'offset': 1455, 'type': 'url'}, {'length': 52, 'offset': 1691, 'type': 'url'}, {'length': 85, 'offset': 1811, 'type': 'url'}, {'length': 85, 'offset': 1899, 'type': 'url'}, {'length': 85, 'offset': 1987, 'type': 'url'}, {'length': 85, 'offset': 2075, 'type': 'url'}, {'length': 85, 'offset': 2163, 'type': 'url'}, {'length': 85, 'offset': 2251, 'type': 'url'}, {'length': 85, 'offset': 2339, 'type': 'url'}, {'length': 11, 'offset': 2485, 'type': 'mention'}, {'length': 66, 'offset': 2528, 'type': 'url'}, {'length': 88, 'offset': 2627, 'type': 'url'}, {'length': 47, 'offset': 2815, 'type': 'url'}], 'new_chat_members': [], 'supergroup_chat_created': False, 'text': "\U0001f514New issue on App                                     \n--------------------------------------                                     \n\n[$500] Scan -  App displays 'Split' in title on back from scan request money request\n\nTags: External, Daily, Help Wanted, Bug\n\nDescription:\nIf you haven’t already, check out our [contributing guidelines](https://github.com/Expensify/ReactNativeChat/blob/main/contributingGuides/CONTRIBUTING.md) for onboarding and email contributors@expensify.com to request to join our Slack channel!\n___\n\n## Action Performed:\n1. Open the app\n2. Click on plus and click request money->scan\n3. Select any file\n4. Observe now it displays 'Manual' in header, select any user\n5. Click on back and observe that now it displays 'Split' in header even though there is no option to add other user to split\n\n## Expected Result:\n App should not display 'Split' in header when coming back from scan request as we don't allow adding user for split in scan request\n\n## Actual Result:\nApp displays 'Split' in header when coming back from scan request even though we don't allow adding user for split in scan request\n\n## Workaround:\nUnknown \n\n## Platforms:\n<!---\nCheck off any platforms that are affected by this issue\n--->\nWhich of our officially supported platforms is this issue occurring on?\n- [x] Android / native\n- [x] Android / Chrome\n- [x] iOS / native\n- [x] iOS / Safari\n- [x] MacOS / Chrome / Safari\n- [x] MacOS / Desktop\n\n**Version Number:** 1.3.77.2\n**Reproducible in staging?:** y\n**Reproducible in production?:** y\n**If this was caught during regression testing, add the test name, ID and link from TestRail:**\n**Email or phone of affected tester (no customers):**\n**Logs:** https://stackoverflow.com/c/expensify/questions/4856\n**Notes/Photos/Videos:** Any additional supporting documentation\n\n\nhttps://github.com/Expensify/App/assets/93399543/ba11ac46-fd7d-4fff-b140-61705ec3b51f\n\n\nhttps://github.com/Expensify/App/assets/93399543/2a3bcc2f-7528-46e7-8d86-a723b5313369\n\n\nhttps://github.com/Expensify/App/assets/93399543/00a95b85-4f98-4e9b-99b1-2a2246dd0ba5\n\n\nhttps://github.com/Expensify/App/assets/93399543/0b9a48dc-886d-473f-b30b-2eb1a257ff0d\n\n\nhttps://github.com/Expensify/App/assets/93399543/7232ee71-e30c-41d3-920a-e912dc9f143e\n\n\nhttps://github.com/Expensify/App/assets/93399543/9669b6b8-ab02-48d4-a411-7d6fd3c116a6\n\n\nhttps://github.com/Expensify/App/assets/93399543/5f9e8d4f-c20a-4521-9d08-fa72e32f1ec5\n\n\n**Expensify/Expensify Issue URL:**\n**Issue reported by:** @dhanashree-sawant\n**Slack conversation:** https://expensify.slack.com/archives/C049HHMV9SM/p1696334987842689\n\n[View all open jobs on GitHub](https://github.com/Expensify/App/issues?q=is%3Aopen+is%3Aissue+label%3A%22Help+Wanted%22)\n\n<details><summary>Upwork Automation - Do Not Edit</summary>\n    <ul>\n        <li>Upwork Job URL: https://www.upwork.com/jobs/~011c86077fd238d8d9</li>\n        <li>Upwork Job ID: 1709312814973755392</li>\n        <li>Last Price Increase: 2023-10-03</li>\n    </ul>\n</details>\n\nAssignee: trjExpensify\nTime released: 2023-10-06 20:47 PM", 'new_chat_photo': [], 'chat': {'first_name': 'Robel', 'username': 'ZeMicah', 'type': 'private', 'id': 5347094985}, 'delete_chat_photo': False, 'message_id': 1288, 'photo': [], 'caption_entities': [], 'date': 1696625296, 'from': {'first_name': 'IssueNotified', 'username': 'IssueNotifiedBot', 'is_bot': True, 'id': 6685183482}}
2023-10-06 23:48:23,609:telegram.bot:DEBUG:  Exiting: send_message
2023-10-06 23:48:23,615:urllib3.connectionpool:DEBUG:  Starting new HTTPS connection (1): api.github.com:443
2023-10-06 23:48:27,126:urllib3.connectionpool:DEBUG:  https://api.github.com:443 "GET /repos/tensorflow/tensorflow/issues/events HTTP/1.1" 200 None
2023-10-06 23:48:27,235:telegram.bot:DEBUG:  Entering: send_message
2023-10-06 23:48:27,743:telegram.bot:DEBUG:  No new updates found.
2023-10-06 23:48:27,743:telegram.bot:DEBUG:  []
2023-10-06 23:48:27,743:telegram.bot:DEBUG:  Exiting: get_updates
2023-10-06 23:48:27,743:telegram.bot:DEBUG:  Entering: get_updates
2023-10-06 23:48:28,077:telegram.bot:DEBUG:  {'group_chat_created': False, 'reply_markup': {'inline_keyboard': [[{'text': 'View Issue', 'url': 'https://github.com/tensorflow/tensorflow/pull/56789'}]]}, 'channel_chat_created': False, 'entities': [], 'new_chat_members': [], 'supergroup_chat_created': False, 'text': "\U0001f514New issue on Tensorflow                                     \n--------------------------------------                                     \n\n[iOS] Add initial xcframework bazel support\n\nTags: awaiting review, comp:lite, ready to pull, size:L\n\nDescription:\nThis adds xcframework support for 2 of the core libraries now that the\npublic bazel rules support producing static framework based\nxcframeworks. This forks the hide symbols script to be compatible with\noperating on multiple frameworks inside a given xcframework. Currently\nthis rules feature requires bazel 6.x rolling releases because it uses a\nnew API from the C++ starlark migration. That release should be public\nin the next few months, for now this doesn't affect 5.x because the new\ntargets are manual.\n\nAssignee: gbaned\nTime released: 2023-10-06 19:31 PM", 'new_chat_photo': [], 'chat': {'first_name': 'Robel', 'username': 'ZeMicah', 'type': 'private', 'id': 5347094985}, 'delete_chat_photo': False, 'message_id': 1289, 'photo': [], 'caption_entities': [], 'date': 1696625301, 'from': {'first_name': 'IssueNotified', 'username': 'IssueNotifiedBot', 'is_bot': True, 'id': 6685183482}}
2023-10-06 23:48:28,078:telegram.bot:DEBUG:  Exiting: send_message
2023-10-06 23:48:28,083:urllib3.connectionpool:DEBUG:  Starting new HTTPS connection (1): api.github.com:443
2023-10-06 23:48:32,334:urllib3.connectionpool:DEBUG:  https://api.github.com:443 "GET /repos/ansible/ansible/issues/events HTTP/1.1" 200 None
2023-10-06 23:48:32,464:telegram.bot:DEBUG:  Entering: send_message
2023-10-06 23:48:32,754:telegram.bot:DEBUG:  {'group_chat_created': False, 'reply_markup': {'inline_keyboard': [[{'text': 'View Issue', 'url': 'https://github.com/ansible/ansible/pull/81770'}]]}, 'channel_chat_created': False, 'entities': [], 'new_chat_members': [], 'supergroup_chat_created': False, 'text': '\U0001f514New issue on Ansible                                     \n--------------------------------------                                     \n\nAdd UID and GID min/max keys\n\nTags: needs_revision, module, stale_ci, feature, has_issue\n\nDescription:\n##### SUMMARY\n\nThis change modifies the user module to support\n- `UID_MIN`\n- `UID_MAX`\n\nand group module to support\n- `GID_MIN`\n- `GID_MAX`\n\nkeys `-K, --key KEY=VALUE` on supported platforms which overwrite `/etc/login.defs` values\n\nFixes #72183\n\n##### ISSUE TYPE\n\n- Feature Pull Request\n\n##### ADDITIONAL INFORMATION\n\nN/A\nTime released: 2023-10-06 14:37 PM', 'new_chat_photo': [], 'chat': {'first_name': 'Robel', 'username': 'ZeMicah', 'type': 'private', 'id': 5347094985}, 'delete_chat_photo': False, 'message_id': 1290, 'photo': [], 'caption_entities': [], 'date': 1696625305, 'from': {'first_name': 'IssueNotified', 'username': 'IssueNotifiedBot', 'is_bot': True, 'id': 6685183482}}
2023-10-06 23:48:32,754:telegram.bot:DEBUG:  Exiting: send_message
2023-10-06 23:48:32,769:urllib3.connectionpool:DEBUG:  Starting new HTTPS connection (1): api.github.com:443
2023-10-06 23:48:35,675:urllib3.connectionpool:DEBUG:  https://api.github.com:443 "GET /repos/scrapy/scrapy/issues/events HTTP/1.1" 200 None
2023-10-06 23:48:36,212:telegram.bot:DEBUG:  Entering: send_message
2023-10-06 23:48:36,398:telegram.bot:DEBUG:  {'group_chat_created': False, 'reply_markup': {'inline_keyboard': [[{'text': 'View Issue', 'url': 'https://github.com/scrapy/scrapy/pull/6087'}]]}, 'channel_chat_created': False, 'entities': [], 'new_chat_members': [], 'supergroup_chat_created': False, 'text': '\U0001f514New issue on Scrapy                                     \n--------------------------------------                                     \n\nChange supported PyPy versions to 3.9 and 3.10.\n\nTags: CI\nTime released: 2023-10-06 09:27 AM', 'new_chat_photo': [], 'chat': {'first_name': 'Robel', 'username': 'ZeMicah', 'type': 'private', 'id': 5347094985}, 'delete_chat_photo': False, 'message_id': 1291, 'photo': [], 'caption_entities': [], 'date': 1696625309, 'from': {'first_name': 'IssueNotified', 'username': 'IssueNotifiedBot', 'is_bot': True, 'id': 6685183482}}
2023-10-06 23:48:36,398:telegram.bot:DEBUG:  Exiting: send_message
2023-10-06 23:48:36,398:urllib3.connectionpool:DEBUG:  Starting new HTTPS connection (1): api.github.com:443
2023-10-06 23:48:37,875:telegram.bot:DEBUG:  No new updates found.
2023-10-06 23:48:37,875:telegram.bot:DEBUG:  []
2023-10-06 23:48:37,875:telegram.bot:DEBUG:  Exiting: get_updates
2023-10-06 23:48:37,875:telegram.bot:DEBUG:  Entering: get_updates
2023-10-06 23:48:39,901:urllib3.connectionpool:DEBUG:  https://api.github.com:443 "GET /repos/matplotlib/matplotlib/issues/events HTTP/1.1" 200 None
2023-10-06 23:48:40,451:telegram.bot:DEBUG:  Entering: send_message
2023-10-06 23:48:40,725:telegram.bot:DEBUG:  {'group_chat_created': False, 'reply_markup': {'inline_keyboard': [[{'text': 'View Issue', 'url': 'https://github.com/matplotlib/matplotlib/pull/27020'}]]}, 'channel_chat_created': False, 'entities': [{'length': 59, 'offset': 296, 'type': 'url'}, {'length': 77, 'offset': 408, 'type': 'url'}, {'length': 66, 'offset': 603, 'type': 'url'}, {'length': 115, 'offset': 750, 'type': 'url'}, {'length': 68, 'offset': 968, 'type': 'url'}, {'length': 99, 'offset': 1219, 'type': 'url'}, {'length': 49, 'offset': 1361, 'type': 'url'}, {'length': 79, 'offset': 1481, 'type': 'url'}, {'length': 83, 'offset': 1649, 'type': 'url'}, {'length': 67, 'offset': 1780, 'type': 'url'}, {'length': 67, 'offset': 1865, 'type': 'url'}], 'new_chat_members': [], 'supergroup_chat_created': False, 'text': '\U0001f514New issue on Matplotlib                                     \n--------------------------------------                                     \n\nCI: Update scientific-python/upload-nightly-action to 0.2.0\n\nTags: CI: testing\n\nDescription:\n## PR summary\n\nThe [`scientific-python/upload-nightly-action`](https://github.com/scientific-python/upload-nightly-action/) action has received stability updates in [`0.2.0`](https://github.com/scientific-python/upload-nightly-action/releases/tag/0.2.0) that provides a reproducible runtime environment for the action, which should mitigate issues with stability.\n\nc.f. https://github.com/scientific-python/upload-nightly-action/pull/44\n\nThis PR is being opened manually instead of relying on Dependabot to catch it\n\nhttps://github.com/matplotlib/matplotlib/blob/a99673c970bc1dac1e54175ed3166e5190c9d793/.github/dependabot.yml#L1-L6\n\nas Dependabot runs on a weekly basis and this update mitigates an Issue that affects users now (c.f. https://github.com/scientific-python/upload-nightly-action/issues/43).\n\n## PR checklist\n<!-- Please mark any checkboxes that do not apply to this PR as [N/A].-->\n\n- [N/A] "closes #0000" is in the body of the PR description to [link the related issue](https://docs.github.com/en/issues/tracking-your-work-with-issues/linking-a-pull-request-to-an-issue)\n- [N/A] new and changed code is [tested](https://matplotlib.org/devdocs/devel/testing.html)\n- [N/A] *Plotting related* features are demonstrated in an [example](https://matplotlib.org/devdocs/devel/document.html#write-examples-and-tutorials)\n- [N/A] *New Features* and *API Changes* are noted with a [directive and release note](https://matplotlib.org/devdocs/devel/coding_guide.html#new-features-and-api-changes)\n- [N/A] Documentation complies with [general](https://matplotlib.org/devdocs/devel/document.html#write-rest-pages) and [docstring](https://matplotlib.org/devdocs/devel/document.html#write-docstrings) guidelines\n\n<!--We understand that PRs can sometimes be overwhelming, especially as the\nreviews start coming in.  Please let us know if the reviews are unclear or\nthe recommended next step seems overly demanding, if you would like help in\naddressing a reviewer\'s comments, or if you have been waiting too long to hear\nback on your PR.-->\n\nTime released: 2023-10-06 20:36 PM', 'new_chat_photo': [], 'chat': {'first_name': 'Robel', 'username': 'ZeMicah', 'type': 'private', 'id': 5347094985}, 'delete_chat_photo': False, 'message_id': 1292, 'photo': [], 'caption_entities': [], 'date': 1696625313, 'from': {'first_name': 'IssueNotified', 'username': 'IssueNotifiedBot', 'is_bot': True, 'id': 6685183482}}
2023-10-06 23:48:40,725:telegram.bot:DEBUG:  Exiting: send_message
2023-10-06 23:48:40,725:urllib3.connectionpool:DEBUG:  Starting new HTTPS connection (1): api.github.com:443
2023-10-06 23:48:44,632:urllib3.connectionpool:DEBUG:  https://api.github.com:443 "GET /repos/django/django/issues/events HTTP/1.1" 200 None
2023-10-06 23:48:44,725:telegram.bot:DEBUG:  Entering: send_message
2023-10-06 23:48:44,882:telegram.bot:DEBUG:  {'group_chat_created': False, 'reply_markup': {'inline_keyboard': [[{'text': 'View Issue', 'url': 'https://github.com/django/django/pull/17308'}]]}, 'channel_chat_created': False, 'entities': [], 'new_chat_members': [], 'supergroup_chat_created': False, 'text': '\U0001f514New issue on Django                                     \n--------------------------------------                                     \n\nFixed #34808 -- Documented aggregate default argument.\n\nDescription:\nDocumented aggregate default argument and notified possible return of None when aggregate functions\nare used with empty querysets or groups.\nTime released: 2023-10-06 19:49 PM', 'new_chat_photo': [], 'chat': {'first_name': 'Robel', 'username': 'ZeMicah', 'type': 'private', 'id': 5347094985}, 'delete_chat_photo': False, 'message_id': 1293, 'photo': [], 'caption_entities': [], 'date': 1696625317, 'from': {'first_name': 'IssueNotified', 'username': 'IssueNotifiedBot', 'is_bot': True, 'id': 6685183482}}
2023-10-06 23:48:44,882:telegram.bot:DEBUG:  Exiting: send_message
2023-10-06 23:48:44,897:urllib3.connectionpool:DEBUG:  Starting new HTTPS connection (1): api.github.com:443
2023-10-06 23:48:48,004:telegram.bot:DEBUG:  No new updates found.
2023-10-06 23:48:48,004:telegram.bot:DEBUG:  []
2023-10-06 23:48:48,004:telegram.bot:DEBUG:  Exiting: get_updates
2023-10-06 23:48:48,004:telegram.bot:DEBUG:  Entering: get_updates
2023-10-06 23:48:48,334:urllib3.connectionpool:DEBUG:  https://api.github.com:443 "GET /repos/requests/requests/issues/events HTTP/1.1" 301 162
2023-10-06 23:48:49,295:urllib3.connectionpool:DEBUG:  https://api.github.com:443 "GET /repositories/1362490/issues/events HTTP/1.1" 200 None
2023-10-06 23:48:49,519:telegram.bot:DEBUG:  Entering: send_message
2023-10-06 23:48:49,744:telegram.bot:DEBUG:  {'group_chat_created': False, 'reply_markup': {'inline_keyboard': [[{'text': 'View Issue', 'url': 'https://github.com/psf/requests/pull/6545'}]]}, 'channel_chat_created': False, 'entities': [], 'new_chat_members': [], 'supergroup_chat_created': False, 'text': '\U0001f514New issue on Requests                                     \n--------------------------------------                                     \n\nFix urllib3 pin in setup.cfg\n\nDescription:\nThis should resolve #6544.\nTime released: 2023-10-06 20:10 PM', 'new_chat_photo': [], 'chat': {'first_name': 'Robel', 'username': 'ZeMicah', 'type': 'private', 'id': 5347094985}, 'delete_chat_photo': False, 'message_id': 1294, 'photo': [], 'caption_entities': [], 'date': 1696625322, 'from': {'first_name': 'IssueNotified', 'username': 'IssueNotifiedBot', 'is_bot': True, 'id': 6685183482}}
2023-10-06 23:48:49,745:telegram.bot:DEBUG:  Exiting: send_message
2023-10-06 23:48:58,130:telegram.bot:DEBUG:  No new updates found.
2023-10-06 23:48:58,130:telegram.bot:DEBUG:  []
2023-10-06 23:48:58,130:telegram.bot:DEBUG:  Exiting: get_updates
2023-10-06 23:48:58,130:telegram.bot:DEBUG:  Entering: get_updates
2023-10-06 23:49:08,276:telegram.bot:DEBUG:  No new updates found.
2023-10-06 23:49:08,276:telegram.bot:DEBUG:  []
2023-10-06 23:49:08,276:telegram.bot:DEBUG:  Exiting: get_updates
2023-10-06 23:49:08,276:telegram.bot:DEBUG:  Entering: get_updates
2023-10-06 23:49:18,413:telegram.bot:DEBUG:  No new updates found.
2023-10-06 23:49:18,413:telegram.bot:DEBUG:  []
2023-10-06 23:49:18,413:telegram.bot:DEBUG:  Exiting: get_updates
2023-10-06 23:49:18,413:telegram.bot:DEBUG:  Entering: get_updates
2023-10-06 23:49:28,556:telegram.bot:DEBUG:  No new updates found.
2023-10-06 23:49:28,557:telegram.bot:DEBUG:  []
2023-10-06 23:49:28,557:telegram.bot:DEBUG:  Exiting: get_updates
2023-10-06 23:49:28,557:telegram.bot:DEBUG:  Entering: get_updates
2023-10-06 23:49:38,683:telegram.bot:DEBUG:  No new updates found.
2023-10-06 23:49:38,683:telegram.bot:DEBUG:  []
2023-10-06 23:49:38,683:telegram.bot:DEBUG:  Exiting: get_updates
2023-10-06 23:49:38,683:telegram.bot:DEBUG:  Entering: get_updates
2023-10-06 23:49:54,767:telegram.bot:DEBUG:  No new updates found.
2023-10-06 23:49:54,767:telegram.bot:DEBUG:  []
2023-10-06 23:49:54,767:telegram.bot:DEBUG:  Exiting: get_updates
2023-10-06 23:49:54,767:telegram.bot:DEBUG:  Entering: get_updates
2023-10-06 23:50:04,899:telegram.bot:DEBUG:  No new updates found.
2023-10-06 23:50:04,899:telegram.bot:DEBUG:  []
2023-10-06 23:50:04,899:telegram.bot:DEBUG:  Exiting: get_updates
2023-10-06 23:50:04,899:telegram.bot:DEBUG:  Entering: get_updates
2023-10-06 23:50:15,716:telegram.bot:DEBUG:  No new updates found.
2023-10-06 23:50:15,717:telegram.bot:DEBUG:  []
2023-10-06 23:50:15,717:telegram.bot:DEBUG:  Exiting: get_updates
2023-10-06 23:50:15,718:telegram.bot:DEBUG:  Entering: get_updates
2023-10-06 23:50:25,904:telegram.bot:DEBUG:  No new updates found.
2023-10-06 23:50:25,904:telegram.bot:DEBUG:  []
2023-10-06 23:50:25,904:telegram.bot:DEBUG:  Exiting: get_updates
2023-10-06 23:50:25,904:telegram.bot:DEBUG:  Entering: get_updates
2023-10-06 23:50:36,707:telegram.bot:DEBUG:  No new updates found.
2023-10-06 23:50:36,707:telegram.bot:DEBUG:  []
2023-10-06 23:50:36,707:telegram.bot:DEBUG:  Exiting: get_updates
2023-10-06 23:50:36,707:telegram.bot:DEBUG:  Entering: get_updates
2023-10-06 23:50:48,707:telegram.ext.updater:DEBUG:  Timed out getting Updates: Timed out
2023-10-06 23:50:48,707:telegram.bot:DEBUG:  Entering: get_updates
2023-10-06 23:51:02,293:telegram.bot:DEBUG:  No new updates found.
2023-10-06 23:51:02,293:telegram.bot:DEBUG:  []
2023-10-06 23:51:02,293:telegram.bot:DEBUG:  Exiting: get_updates
2023-10-06 23:51:02,293:telegram.bot:DEBUG:  Entering: get_updates
2023-10-06 23:51:12,422:telegram.bot:DEBUG:  No new updates found.
2023-10-06 23:51:12,422:telegram.bot:DEBUG:  []
2023-10-06 23:51:12,423:telegram.bot:DEBUG:  Exiting: get_updates
2023-10-06 23:51:12,423:telegram.bot:DEBUG:  Entering: get_updates
2023-10-06 23:51:22,547:telegram.bot:DEBUG:  No new updates found.
2023-10-06 23:51:22,547:telegram.bot:DEBUG:  []
2023-10-06 23:51:22,548:telegram.bot:DEBUG:  Exiting: get_updates
2023-10-06 23:51:22,548:telegram.bot:DEBUG:  Entering: get_updates
2023-10-06 23:51:33,132:telegram.bot:DEBUG:  No new updates found.
2023-10-06 23:51:33,133:telegram.bot:DEBUG:  []
2023-10-06 23:51:33,133:telegram.bot:DEBUG:  Exiting: get_updates
2023-10-06 23:51:33,133:telegram.bot:DEBUG:  Entering: get_updates
2023-10-06 23:51:43,568:telegram.bot:DEBUG:  No new updates found.
2023-10-06 23:51:43,568:telegram.bot:DEBUG:  []
2023-10-06 23:51:43,568:telegram.bot:DEBUG:  Exiting: get_updates
2023-10-06 23:51:43,568:telegram.bot:DEBUG:  Entering: get_updates
2023-10-06 23:51:51,334:telegram.bot:DEBUG:  Getting updates: [133239252]
2023-10-06 23:51:51,334:telegram.bot:DEBUG:  [<telegram.update.Update object at 0x000002A2D9038530>]
2023-10-06 23:51:51,349:telegram.bot:DEBUG:  Exiting: get_updates
2023-10-06 23:51:51,349:telegram.bot:DEBUG:  Entering: get_updates
2023-10-06 23:51:51,349:telegram.ext.dispatcher:DEBUG:  Processing Update: {'update_id': 133239252, 'message': {'group_chat_created': False, 'channel_chat_created': False, 'entities': [{'length': 5, 'offset': 0, 'type': 'bot_command'}], 'new_chat_members': [], 'supergroup_chat_created': False, 'text': '/list', 'new_chat_photo': [], 'chat': {'first_name': 'Robel', 'username': 'ZeMicah', 'type': 'private', 'id': 5347094985}, 'delete_chat_photo': False, 'message_id': 1295, 'photo': [], 'caption_entities': [], 'date': 1696625504, 'from': {'language_code': 'en', 'first_name': 'Robel', 'username': 'ZeMicah', 'is_bot': False, 'id': 5347094985}}}
2023-10-06 23:51:51,349:telegram.bot:DEBUG:  Entering: send_message
2023-10-06 23:51:51,540:telegram.bot:DEBUG:  {'group_chat_created': False, 'channel_chat_created': False, 'entities': [], 'new_chat_members': [], 'supergroup_chat_created': False, 'text': 'Owner       Repository\n1. Expensify       App\n2. tensorflow       tensorflow\n3. ansible       ansible\n4. scrapy       scrapy\n5. matplotlib       matplotlib\n6. django       django\n7. requests       requests', 'new_chat_photo': [], 'chat': {'first_name': 'Robel', 'username': 'ZeMicah', 'type': 'private', 'id': 5347094985}, 'delete_chat_photo': False, 'message_id': 1296, 'photo': [], 'caption_entities': [], 'date': 1696625504, 'from': {'first_name': 'IssueNotified', 'username': 'IssueNotifiedBot', 'is_bot': True, 'id': 6685183482}}
2023-10-06 23:51:51,540:telegram.bot:DEBUG:  Exiting: send_message
2023-10-06 23:51:54,666:telegram.bot:DEBUG:  Getting updates: [133239253]
2023-10-06 23:51:54,666:telegram.bot:DEBUG:  [<telegram.update.Update object at 0x000002A2D903B2B0>]
2023-10-06 23:51:54,666:telegram.bot:DEBUG:  Exiting: get_updates
2023-10-06 23:51:54,666:telegram.bot:DEBUG:  Entering: get_updates
2023-10-06 23:51:54,666:telegram.ext.dispatcher:DEBUG:  Processing Update: {'update_id': 133239253, 'message': {'group_chat_created': False, 'channel_chat_created': False, 'entities': [{'length': 8, 'offset': 0, 'type': 'bot_command'}], 'new_chat_members': [], 'supergroup_chat_created': False, 'text': '/untrack', 'new_chat_photo': [], 'chat': {'first_name': 'Robel', 'username': 'ZeMicah', 'type': 'private', 'id': 5347094985}, 'delete_chat_photo': False, 'message_id': 1297, 'photo': [], 'caption_entities': [], 'date': 1696625507, 'from': {'language_code': 'en', 'first_name': 'Robel', 'username': 'ZeMicah', 'is_bot': False, 'id': 5347094985}}}
2023-10-06 23:51:54,682:telegram.bot:DEBUG:  Entering: send_message
2023-10-06 23:51:54,907:telegram.bot:DEBUG:  {'group_chat_created': False, 'reply_markup': {'inline_keyboard': [[{'callback_data': 'App', 'text': 'App'}], [{'callback_data': 'tensorflow', 'text': 'tensorflow'}], [{'callback_data': 'ansible', 'text': 'ansible'}], [{'callback_data': 'scrapy', 'text': 'scrapy'}], [{'callback_data': 'matplotlib', 'text': 'matplotlib'}], [{'callback_data': 'django', 'text': 'django'}], [{'callback_data': 'requests', 'text': 'requests'}], [{'callback_data': 'cancel', 'text': 'Cancel'}, {'callback_data': 'remove_all', 'text': '\u274c Remove all'}]]}, 'channel_chat_created': False, 'entities': [], 'new_chat_members': [], 'supergroup_chat_created': False, 'text': 'Which repository do you want to untrack?', 'new_chat_photo': [], 'chat': {'first_name': 'Robel', 'username': 'ZeMicah', 'type': 'private', 'id': 5347094985}, 'delete_chat_photo': False, 'message_id': 1298, 'photo': [], 'caption_entities': [], 'date': 1696625507, 'from': {'first_name': 'IssueNotified', 'username': 'IssueNotifiedBot', 'is_bot': True, 'id': 6685183482}}
2023-10-06 23:51:54,931:telegram.bot:DEBUG:  Exiting: send_message
2023-10-06 23:52:04,815:telegram.bot:DEBUG:  No new updates found.
2023-10-06 23:52:04,815:telegram.bot:DEBUG:  []
2023-10-06 23:52:04,815:telegram.bot:DEBUG:  Exiting: get_updates
2023-10-06 23:52:04,815:telegram.bot:DEBUG:  Entering: get_updates
2023-10-06 23:52:10,755:telegram.bot:DEBUG:  Getting updates: [133239254]
2023-10-06 23:52:10,755:telegram.bot:DEBUG:  [<telegram.update.Update object at 0x000002A2D9038120>]
2023-10-06 23:52:10,755:telegram.bot:DEBUG:  Exiting: get_updates
2023-10-06 23:52:10,755:telegram.bot:DEBUG:  Entering: get_updates
2023-10-06 23:52:10,755:telegram.ext.dispatcher:DEBUG:  Processing Update: {'update_id': 133239254, 'callback_query': {'data': 'cancel', 'message': {'group_chat_created': False, 'reply_markup': {'inline_keyboard': [[{'callback_data': 'App', 'text': 'App'}], [{'callback_data': 'tensorflow', 'text': 'tensorflow'}], [{'callback_data': 'ansible', 'text': 'ansible'}], [{'callback_data': 'scrapy', 'text': 'scrapy'}], [{'callback_data': 'matplotlib', 'text': 'matplotlib'}], [{'callback_data': 'django', 'text': 'django'}], [{'callback_data': 'requests', 'text': 'requests'}], [{'callback_data': 'cancel', 'text': 'Cancel'}, {'callback_data': 'remove_all', 'text': '\u274c Remove all'}]]}, 'channel_chat_created': False, 'entities': [], 'new_chat_members': [], 'supergroup_chat_created': False, 'text': 'Which repository do you want to untrack?', 'new_chat_photo': [], 'chat': {'first_name': 'Robel', 'username': 'ZeMicah', 'type': 'private', 'id': 5347094985}, 'delete_chat_photo': False, 'message_id': 1298, 'photo': [], 'caption_entities': [], 'date': 1696625507, 'from': {'first_name': 'IssueNotified', 'username': 'IssueNotifiedBot', 'is_bot': True, 'id': 6685183482}}, 'id': '4518854017656206358', 'chat_instance': '1021535660840824013', 'from': {'language_code': 'en', 'first_name': 'Robel', 'username': 'ZeMicah', 'is_bot': False, 'id': 5347094985}}}
2023-10-06 23:52:10,755:telegram.bot:DEBUG:  Entering: edit_message_text
2023-10-06 23:52:10,896:telegram.bot:DEBUG:  {'group_chat_created': False, 'edit_date': 1696625523, 'channel_chat_created': False, 'entities': [], 'new_chat_members': [], 'supergroup_chat_created': False, 'text': 'Cancelled', 'new_chat_photo': [], 'chat': {'first_name': 'Robel', 'username': 'ZeMicah', 'type': 'private', 'id': 5347094985}, 'delete_chat_photo': False, 'message_id': 1298, 'photo': [], 'caption_entities': [], 'date': 1696625507, 'from': {'first_name': 'IssueNotified', 'username': 'IssueNotifiedBot', 'is_bot': True, 'id': 6685183482}}
2023-10-06 23:52:10,896:telegram.bot:DEBUG:  Exiting: edit_message_text
2023-10-06 23:52:21,243:telegram.bot:DEBUG:  No new updates found.
2023-10-06 23:52:21,243:telegram.bot:DEBUG:  []
2023-10-06 23:52:21,244:telegram.bot:DEBUG:  Exiting: get_updates
2023-10-06 23:52:21,244:telegram.bot:DEBUG:  Entering: get_updates
2023-10-06 23:52:31,399:telegram.bot:DEBUG:  No new updates found.
2023-10-06 23:52:31,399:telegram.bot:DEBUG:  []
2023-10-06 23:52:31,400:telegram.bot:DEBUG:  Exiting: get_updates
2023-10-06 23:52:31,400:telegram.bot:DEBUG:  Entering: get_updates
2023-10-06 23:52:41,536:telegram.bot:DEBUG:  No new updates found.
2023-10-06 23:52:41,536:telegram.bot:DEBUG:  []
2023-10-06 23:52:41,536:telegram.bot:DEBUG:  Exiting: get_updates
2023-10-06 23:52:41,536:telegram.bot:DEBUG:  Entering: get_updates
2023-10-06 23:52:52,235:telegram.bot:DEBUG:  No new updates found.
2023-10-06 23:52:52,235:telegram.bot:DEBUG:  []
2023-10-06 23:52:52,235:telegram.bot:DEBUG:  Exiting: get_updates
2023-10-06 23:52:52,235:telegram.bot:DEBUG:  Entering: get_updates
2023-10-06 23:53:02,827:telegram.bot:DEBUG:  No new updates found.
2023-10-06 23:53:02,827:telegram.bot:DEBUG:  []
2023-10-06 23:53:02,827:telegram.bot:DEBUG:  Exiting: get_updates
2023-10-06 23:53:02,827:telegram.bot:DEBUG:  Entering: get_updates
2023-10-06 23:53:12,957:telegram.bot:DEBUG:  No new updates found.
2023-10-06 23:53:12,957:telegram.bot:DEBUG:  []
2023-10-06 23:53:12,957:telegram.bot:DEBUG:  Exiting: get_updates
2023-10-06 23:53:12,957:telegram.bot:DEBUG:  Entering: get_updates
2023-10-06 23:53:23,110:telegram.bot:DEBUG:  No new updates found.
2023-10-06 23:53:23,110:telegram.bot:DEBUG:  []
2023-10-06 23:53:23,110:telegram.bot:DEBUG:  Exiting: get_updates
2023-10-06 23:53:23,110:telegram.bot:DEBUG:  Entering: get_updates
2023-10-06 23:53:33,250:telegram.bot:DEBUG:  No new updates found.
2023-10-06 23:53:33,251:telegram.bot:DEBUG:  []
2023-10-06 23:53:33,251:telegram.bot:DEBUG:  Exiting: get_updates
2023-10-06 23:53:33,252:telegram.bot:DEBUG:  Entering: get_updates
2023-10-06 23:53:43,702:telegram.bot:DEBUG:  No new updates found.
2023-10-06 23:53:43,702:telegram.bot:DEBUG:  []
2023-10-06 23:53:43,702:telegram.bot:DEBUG:  Exiting: get_updates
2023-10-06 23:53:43,702:telegram.bot:DEBUG:  Entering: get_updates
2023-10-06 23:53:53,826:telegram.bot:DEBUG:  No new updates found.
2023-10-06 23:53:53,826:telegram.bot:DEBUG:  []
2023-10-06 23:53:53,826:telegram.bot:DEBUG:  Exiting: get_updates
2023-10-06 23:53:53,826:telegram.bot:DEBUG:  Entering: get_updates
2023-10-06 23:54:04,322:telegram.bot:DEBUG:  No new updates found.
2023-10-06 23:54:04,322:telegram.bot:DEBUG:  []
2023-10-06 23:54:04,322:telegram.bot:DEBUG:  Exiting: get_updates
2023-10-06 23:54:04,322:telegram.bot:DEBUG:  Entering: get_updates
2023-10-06 23:54:14,760:telegram.bot:DEBUG:  No new updates found.
2023-10-06 23:54:14,760:telegram.bot:DEBUG:  []
2023-10-06 23:54:14,760:telegram.bot:DEBUG:  Exiting: get_updates
2023-10-06 23:54:14,760:telegram.bot:DEBUG:  Entering: get_updates
2023-10-06 23:54:24,887:telegram.bot:DEBUG:  No new updates found.
2023-10-06 23:54:24,887:telegram.bot:DEBUG:  []
2023-10-06 23:54:24,887:telegram.bot:DEBUG:  Exiting: get_updates
2023-10-06 23:54:24,887:telegram.bot:DEBUG:  Entering: get_updates
2023-10-06 23:54:35,044:telegram.bot:DEBUG:  No new updates found.
2023-10-06 23:54:35,044:telegram.bot:DEBUG:  []
2023-10-06 23:54:35,044:telegram.bot:DEBUG:  Exiting: get_updates
2023-10-06 23:54:35,044:telegram.bot:DEBUG:  Entering: get_updates
2023-10-06 23:54:45,165:telegram.bot:DEBUG:  No new updates found.
2023-10-06 23:54:45,165:telegram.bot:DEBUG:  []
2023-10-06 23:54:45,165:telegram.bot:DEBUG:  Exiting: get_updates
2023-10-06 23:54:45,165:telegram.bot:DEBUG:  Entering: get_updates
2023-10-06 23:54:55,645:telegram.bot:DEBUG:  No new updates found.
2023-10-06 23:54:55,645:telegram.bot:DEBUG:  []
2023-10-06 23:54:55,645:telegram.bot:DEBUG:  Exiting: get_updates
2023-10-06 23:54:55,645:telegram.bot:DEBUG:  Entering: get_updates
2023-10-06 23:55:05,829:telegram.bot:DEBUG:  No new updates found.
2023-10-06 23:55:05,829:telegram.bot:DEBUG:  []
2023-10-06 23:55:05,829:telegram.bot:DEBUG:  Exiting: get_updates
2023-10-06 23:55:05,829:telegram.bot:DEBUG:  Entering: get_updates
2023-10-06 23:55:15,956:telegram.bot:DEBUG:  No new updates found.
2023-10-06 23:55:15,956:telegram.bot:DEBUG:  []
2023-10-06 23:55:15,956:telegram.bot:DEBUG:  Exiting: get_updates
2023-10-06 23:55:15,956:telegram.bot:DEBUG:  Entering: get_updates
2023-10-06 23:55:26,114:telegram.bot:DEBUG:  No new updates found.
2023-10-06 23:55:26,114:telegram.bot:DEBUG:  []
2023-10-06 23:55:26,114:telegram.bot:DEBUG:  Exiting: get_updates
2023-10-06 23:55:26,114:telegram.bot:DEBUG:  Entering: get_updates
2023-10-06 23:55:36,306:telegram.bot:DEBUG:  No new updates found.
2023-10-06 23:55:36,307:telegram.bot:DEBUG:  []
2023-10-06 23:55:36,307:telegram.bot:DEBUG:  Exiting: get_updates
2023-10-06 23:55:36,307:telegram.bot:DEBUG:  Entering: get_updates
2023-10-06 23:55:46,786:telegram.bot:DEBUG:  No new updates found.
2023-10-06 23:55:46,787:telegram.bot:DEBUG:  []
2023-10-06 23:55:46,787:telegram.bot:DEBUG:  Exiting: get_updates
2023-10-06 23:55:46,787:telegram.bot:DEBUG:  Entering: get_updates
2023-10-06 23:55:56,946:telegram.bot:DEBUG:  No new updates found.
2023-10-06 23:55:56,946:telegram.bot:DEBUG:  []
2023-10-06 23:55:56,946:telegram.bot:DEBUG:  Exiting: get_updates
2023-10-06 23:55:56,947:telegram.bot:DEBUG:  Entering: get_updates
2023-10-06 23:56:07,104:telegram.bot:DEBUG:  No new updates found.
2023-10-06 23:56:07,104:telegram.bot:DEBUG:  []
2023-10-06 23:56:07,104:telegram.bot:DEBUG:  Exiting: get_updates
2023-10-06 23:56:07,104:telegram.bot:DEBUG:  Entering: get_updates
2023-10-06 23:56:17,251:telegram.bot:DEBUG:  No new updates found.
2023-10-06 23:56:17,251:telegram.bot:DEBUG:  []
2023-10-06 23:56:17,251:telegram.bot:DEBUG:  Exiting: get_updates
2023-10-06 23:56:17,251:telegram.bot:DEBUG:  Entering: get_updates
2023-10-06 23:56:27,425:telegram.bot:DEBUG:  No new updates found.
2023-10-06 23:56:27,425:telegram.bot:DEBUG:  []
2023-10-06 23:56:27,425:telegram.bot:DEBUG:  Exiting: get_updates
2023-10-06 23:56:27,425:telegram.bot:DEBUG:  Entering: get_updates
2023-10-06 23:56:37,557:telegram.bot:DEBUG:  No new updates found.
2023-10-06 23:56:37,559:telegram.bot:DEBUG:  []
2023-10-06 23:56:37,559:telegram.bot:DEBUG:  Exiting: get_updates
2023-10-06 23:56:37,559:telegram.bot:DEBUG:  Entering: get_updates
2023-10-06 23:56:47,672:telegram.bot:DEBUG:  No new updates found.
2023-10-06 23:56:47,672:telegram.bot:DEBUG:  []
2023-10-06 23:56:47,672:telegram.bot:DEBUG:  Exiting: get_updates
2023-10-06 23:56:47,672:telegram.bot:DEBUG:  Entering: get_updates
2023-10-06 23:56:57,795:telegram.bot:DEBUG:  No new updates found.
2023-10-06 23:56:57,795:telegram.bot:DEBUG:  []
2023-10-06 23:56:57,795:telegram.bot:DEBUG:  Exiting: get_updates
2023-10-06 23:56:57,795:telegram.bot:DEBUG:  Entering: get_updates
2023-10-06 23:57:07,985:telegram.bot:DEBUG:  No new updates found.
2023-10-06 23:57:07,985:telegram.bot:DEBUG:  []
2023-10-06 23:57:07,985:telegram.bot:DEBUG:  Exiting: get_updates
2023-10-06 23:57:07,985:telegram.bot:DEBUG:  Entering: get_updates
2023-10-06 23:57:18,457:telegram.bot:DEBUG:  No new updates found.
2023-10-06 23:57:18,457:telegram.bot:DEBUG:  []
2023-10-06 23:57:18,457:telegram.bot:DEBUG:  Exiting: get_updates
2023-10-06 23:57:18,457:telegram.bot:DEBUG:  Entering: get_updates
2023-10-06 23:57:28,592:telegram.bot:DEBUG:  No new updates found.
2023-10-06 23:57:28,593:telegram.bot:DEBUG:  []
2023-10-06 23:57:28,593:telegram.bot:DEBUG:  Exiting: get_updates
2023-10-06 23:57:28,593:telegram.bot:DEBUG:  Entering: get_updates
2023-10-06 23:57:38,742:telegram.bot:DEBUG:  No new updates found.
2023-10-06 23:57:38,742:telegram.bot:DEBUG:  []
2023-10-06 23:57:38,742:telegram.bot:DEBUG:  Exiting: get_updates
2023-10-06 23:57:38,742:telegram.bot:DEBUG:  Entering: get_updates
2023-10-06 23:57:48,867:telegram.bot:DEBUG:  No new updates found.
2023-10-06 23:57:48,867:telegram.bot:DEBUG:  []
2023-10-06 23:57:48,867:telegram.bot:DEBUG:  Exiting: get_updates
2023-10-06 23:57:48,883:telegram.bot:DEBUG:  Entering: get_updates
2023-10-06 23:57:59,023:telegram.bot:DEBUG:  No new updates found.
2023-10-06 23:57:59,023:telegram.bot:DEBUG:  []
2023-10-06 23:57:59,024:telegram.bot:DEBUG:  Exiting: get_updates
2023-10-06 23:57:59,024:telegram.bot:DEBUG:  Entering: get_updates
2023-10-06 23:58:09,178:telegram.bot:DEBUG:  No new updates found.
2023-10-06 23:58:09,179:telegram.bot:DEBUG:  []
2023-10-06 23:58:09,179:telegram.bot:DEBUG:  Exiting: get_updates
2023-10-06 23:58:09,180:telegram.bot:DEBUG:  Entering: get_updates
2023-10-06 23:58:19,629:telegram.bot:DEBUG:  No new updates found.
2023-10-06 23:58:19,630:telegram.bot:DEBUG:  []
2023-10-06 23:58:19,630:telegram.bot:DEBUG:  Exiting: get_updates
2023-10-06 23:58:19,630:telegram.bot:DEBUG:  Entering: get_updates
2023-10-06 23:58:29,748:telegram.bot:DEBUG:  No new updates found.
2023-10-06 23:58:29,748:telegram.bot:DEBUG:  []
2023-10-06 23:58:29,748:telegram.bot:DEBUG:  Exiting: get_updates
2023-10-06 23:58:29,748:telegram.bot:DEBUG:  Entering: get_updates
2023-10-06 23:58:39,873:telegram.bot:DEBUG:  No new updates found.
2023-10-06 23:58:39,873:telegram.bot:DEBUG:  []
2023-10-06 23:58:39,873:telegram.bot:DEBUG:  Exiting: get_updates
2023-10-06 23:58:39,873:telegram.bot:DEBUG:  Entering: get_updates
2023-10-06 23:58:50,019:telegram.bot:DEBUG:  No new updates found.
2023-10-06 23:58:50,019:telegram.bot:DEBUG:  []
2023-10-06 23:58:50,019:telegram.bot:DEBUG:  Exiting: get_updates
2023-10-06 23:58:50,019:telegram.bot:DEBUG:  Entering: get_updates
2023-10-06 23:59:00,866:telegram.bot:DEBUG:  No new updates found.
2023-10-06 23:59:00,866:telegram.bot:DEBUG:  []
2023-10-06 23:59:00,866:telegram.bot:DEBUG:  Exiting: get_updates
2023-10-06 23:59:00,866:telegram.bot:DEBUG:  Entering: get_updates
2023-10-06 23:59:11,020:telegram.bot:DEBUG:  No new updates found.
2023-10-06 23:59:11,020:telegram.bot:DEBUG:  []
2023-10-06 23:59:11,020:telegram.bot:DEBUG:  Exiting: get_updates
2023-10-06 23:59:11,020:telegram.bot:DEBUG:  Entering: get_updates
2023-10-06 23:59:21,151:telegram.bot:DEBUG:  No new updates found.
2023-10-06 23:59:21,151:telegram.bot:DEBUG:  []
2023-10-06 23:59:21,152:telegram.bot:DEBUG:  Exiting: get_updates
2023-10-06 23:59:21,152:telegram.bot:DEBUG:  Entering: get_updates
2023-10-06 23:59:31,613:telegram.bot:DEBUG:  No new updates found.
2023-10-06 23:59:31,613:telegram.bot:DEBUG:  []
2023-10-06 23:59:31,614:telegram.bot:DEBUG:  Exiting: get_updates
2023-10-06 23:59:31,614:telegram.bot:DEBUG:  Entering: get_updates
2023-10-06 23:59:41,742:telegram.bot:DEBUG:  No new updates found.
2023-10-06 23:59:41,742:telegram.bot:DEBUG:  []
2023-10-06 23:59:41,742:telegram.bot:DEBUG:  Exiting: get_updates
2023-10-06 23:59:41,742:telegram.bot:DEBUG:  Entering: get_updates
2023-10-06 23:59:51,903:telegram.bot:DEBUG:  No new updates found.
2023-10-06 23:59:51,903:telegram.bot:DEBUG:  []
2023-10-06 23:59:51,903:telegram.bot:DEBUG:  Exiting: get_updates
2023-10-06 23:59:51,903:telegram.bot:DEBUG:  Entering: get_updates
2023-10-07 00:00:02,026:telegram.bot:DEBUG:  No new updates found.
2023-10-07 00:00:02,026:telegram.bot:DEBUG:  []
2023-10-07 00:00:02,026:telegram.bot:DEBUG:  Exiting: get_updates
2023-10-07 00:00:02,026:telegram.bot:DEBUG:  Entering: get_updates
2023-10-07 00:00:12,164:telegram.bot:DEBUG:  No new updates found.
2023-10-07 00:00:12,164:telegram.bot:DEBUG:  []
2023-10-07 00:00:12,164:telegram.bot:DEBUG:  Exiting: get_updates
2023-10-07 00:00:12,164:telegram.bot:DEBUG:  Entering: get_updates
2023-10-07 00:00:22,294:telegram.bot:DEBUG:  No new updates found.
2023-10-07 00:00:22,294:telegram.bot:DEBUG:  []
2023-10-07 00:00:22,294:telegram.bot:DEBUG:  Exiting: get_updates
2023-10-07 00:00:22,294:telegram.bot:DEBUG:  Entering: get_updates
2023-10-07 00:00:32,425:telegram.bot:DEBUG:  No new updates found.
2023-10-07 00:00:32,426:telegram.bot:DEBUG:  []
2023-10-07 00:00:32,426:telegram.bot:DEBUG:  Exiting: get_updates
2023-10-07 00:00:32,427:telegram.bot:DEBUG:  Entering: get_updates
2023-10-07 00:00:42,863:telegram.bot:DEBUG:  No new updates found.
2023-10-07 00:00:42,863:telegram.bot:DEBUG:  []
2023-10-07 00:00:42,863:telegram.bot:DEBUG:  Exiting: get_updates
2023-10-07 00:00:42,863:telegram.bot:DEBUG:  Entering: get_updates
2023-10-07 00:00:53,338:telegram.bot:DEBUG:  No new updates found.
2023-10-07 00:00:53,338:telegram.bot:DEBUG:  []
2023-10-07 00:00:53,338:telegram.bot:DEBUG:  Exiting: get_updates
2023-10-07 00:00:53,338:telegram.bot:DEBUG:  Entering: get_updates
2023-10-07 00:01:03,892:telegram.bot:DEBUG:  No new updates found.
2023-10-07 00:01:03,892:telegram.bot:DEBUG:  []
2023-10-07 00:01:03,892:telegram.bot:DEBUG:  Exiting: get_updates
2023-10-07 00:01:03,892:telegram.bot:DEBUG:  Entering: get_updates
2023-10-07 00:01:12,668:telegram.ext.updater:ERROR:  Error while getting Updates: urllib3 HTTPError ('Connection aborted.', RemoteDisconnected('Remote end closed connection without response'))
2023-10-07 00:01:12,668:telegram.ext.dispatcher:DEBUG:  Processing Update: urllib3 HTTPError ('Connection aborted.', RemoteDisconnected('Remote end closed connection without response'))
2023-10-07 00:01:12,801:__main__:ERROR:  urllib3 HTTPError ('Connection aborted.', RemoteDisconnected('Remote end closed connection without response'))
NoneType: None
2023-10-07 00:01:13,713:telegram.bot:DEBUG:  Entering: get_updates
2023-10-07 00:01:13,714:telegram.bot:DEBUG:  Entering: send_message
2023-10-07 00:01:17,204:telegram.vendor.ptb_urllib3.urllib3.connectionpool:WARNING:  Retrying (Retry(total=2, connect=None, read=None, redirect=None)) after connection broken by 'NewConnectionError('<telegram.vendor.ptb_urllib3.urllib3.connection.VerifiedHTTPSConnection object at 0x000002A2D9CC1050>: Failed to establish a new connection: [Errno 11001] getaddrinfo failed')': /bot6685183482:AAH6q7gWdUm5ZYYAbhoqDh0tqHIXcrjGSPw/getUpdates
2023-10-07 00:01:17,204:telegram.vendor.ptb_urllib3.urllib3.connectionpool:WARNING:  Retrying (Retry(total=2, connect=None, read=None, redirect=None)) after connection broken by 'NewConnectionError('<telegram.vendor.ptb_urllib3.urllib3.connection.VerifiedHTTPSConnection object at 0x000002A2D9C4E710>: Failed to establish a new connection: [Errno 11001] getaddrinfo failed')': /bot6685183482:AAH6q7gWdUm5ZYYAbhoqDh0tqHIXcrjGSPw/sendMessage
2023-10-07 00:01:17,204:telegram.vendor.ptb_urllib3.urllib3.connectionpool:WARNING:  Retrying (Retry(total=1, connect=None, read=None, redirect=None)) after connection broken by 'NewConnectionError('<telegram.vendor.ptb_urllib3.urllib3.connection.VerifiedHTTPSConnection object at 0x000002A2D9C4CC90>: Failed to establish a new connection: [Errno 11001] getaddrinfo failed')': /bot6685183482:AAH6q7gWdUm5ZYYAbhoqDh0tqHIXcrjGSPw/getUpdates
2023-10-07 00:01:17,204:telegram.vendor.ptb_urllib3.urllib3.connectionpool:WARNING:  Retrying (Retry(total=1, connect=None, read=None, redirect=None)) after connection broken by 'NewConnectionError('<telegram.vendor.ptb_urllib3.urllib3.connection.VerifiedHTTPSConnection object at 0x000002A2D9C4D790>: Failed to establish a new connection: [Errno 11001] getaddrinfo failed')': /bot6685183482:AAH6q7gWdUm5ZYYAbhoqDh0tqHIXcrjGSPw/sendMessage
2023-10-07 00:01:17,204:telegram.vendor.ptb_urllib3.urllib3.connectionpool:WARNING:  Retrying (Retry(total=0, connect=None, read=None, redirect=None)) after connection broken by 'NewConnectionError('<telegram.vendor.ptb_urllib3.urllib3.connection.VerifiedHTTPSConnection object at 0x000002A2D9C4FA90>: Failed to establish a new connection: [Errno 11001] getaddrinfo failed')': /bot6685183482:AAH6q7gWdUm5ZYYAbhoqDh0tqHIXcrjGSPw/getUpdates
2023-10-07 00:01:17,204:telegram.vendor.ptb_urllib3.urllib3.connectionpool:WARNING:  Retrying (Retry(total=0, connect=None, read=None, redirect=None)) after connection broken by 'NewConnectionError('<telegram.vendor.ptb_urllib3.urllib3.connection.VerifiedHTTPSConnection object at 0x000002A2D9C4C850>: Failed to establish a new connection: [Errno 11001] getaddrinfo failed')': /bot6685183482:AAH6q7gWdUm5ZYYAbhoqDh0tqHIXcrjGSPw/sendMessage
2023-10-07 00:01:17,204:telegram.ext.updater:ERROR:  Error while getting Updates: urllib3 HTTPError HTTPSConnectionPool(host='api.telegram.org', port=443): Max retries exceeded with url: /bot6685183482:AAH6q7gWdUm5ZYYAbhoqDh0tqHIXcrjGSPw/getUpdates (Caused by NewConnectionError('<telegram.vendor.ptb_urllib3.urllib3.connection.VerifiedHTTPSConnection object at 0x000002A2D9C4D910>: Failed to establish a new connection: [Errno 11001] getaddrinfo failed'))
2023-10-07 00:01:17,439:telegram.ext.dispatcher:ERROR:  An uncaught error was raised while handling the error.
Traceback (most recent call last):
  File "C:\Users\Habte\AppData\Local\Programs\Python\Python311\Lib\site-packages\telegram\vendor\ptb_urllib3\urllib3\connection.py", line 140, in _new_conn
    conn = connection.create_connection(
           ^^^^^^^^^^^^^^^^^^^^^^^^^^^^^
  File "C:\Users\Habte\AppData\Local\Programs\Python\Python311\Lib\site-packages\telegram\vendor\ptb_urllib3\urllib3\util\connection.py", line 60, in create_connection
    for res in socket.getaddrinfo(host, port, family, socket.SOCK_STREAM):
               ^^^^^^^^^^^^^^^^^^^^^^^^^^^^^^^^^^^^^^^^^^^^^^^^^^^^^^^^^^
  File "C:\Users\Habte\AppData\Local\Programs\Python\Python311\Lib\socket.py", line 962, in getaddrinfo
    for res in _socket.getaddrinfo(host, port, family, type, proto, flags):
               ^^^^^^^^^^^^^^^^^^^^^^^^^^^^^^^^^^^^^^^^^^^^^^^^^^^^^^^^^^^
socket.gaierror: [Errno 11001] getaddrinfo failed

During handling of the above exception, another exception occurred:

Traceback (most recent call last):
  File "C:\Users\Habte\AppData\Local\Programs\Python\Python311\Lib\site-packages\telegram\vendor\ptb_urllib3\urllib3\connectionpool.py", line 614, in urlopen
    httplib_response = self._make_request(conn, method, url,
                       ^^^^^^^^^^^^^^^^^^^^^^^^^^^^^^^^^^^^^
  File "C:\Users\Habte\AppData\Local\Programs\Python\Python311\Lib\site-packages\telegram\vendor\ptb_urllib3\urllib3\connectionpool.py", line 360, in _make_request
    self._validate_conn(conn)
  File "C:\Users\Habte\AppData\Local\Programs\Python\Python311\Lib\site-packages\telegram\vendor\ptb_urllib3\urllib3\connectionpool.py", line 857, in _validate_conn
    super(HTTPSConnectionPool, self)._validate_conn(conn)
  File "C:\Users\Habte\AppData\Local\Programs\Python\Python311\Lib\site-packages\telegram\vendor\ptb_urllib3\urllib3\connectionpool.py", line 289, in _validate_conn
    conn.connect()
  File "C:\Users\Habte\AppData\Local\Programs\Python\Python311\Lib\site-packages\telegram\vendor\ptb_urllib3\urllib3\connection.py", line 284, in connect
    conn = self._new_conn()
           ^^^^^^^^^^^^^^^^
  File "C:\Users\Habte\AppData\Local\Programs\Python\Python311\Lib\site-packages\telegram\vendor\ptb_urllib3\urllib3\connection.py", line 149, in _new_conn
    raise NewConnectionError(
telegram.vendor.ptb_urllib3.urllib3.exceptions.NewConnectionError: <telegram.vendor.ptb_urllib3.urllib3.connection.VerifiedHTTPSConnection object at 0x000002A2D9C4EE10>: Failed to establish a new connection: [Errno 11001] getaddrinfo failed

During handling of the above exception, another exception occurred:

Traceback (most recent call last):
  File "C:\Users\Habte\AppData\Local\Programs\Python\Python311\Lib\site-packages\telegram\utils\request.py", line 259, in _request_wrapper
    resp = self._con_pool.request(*args, **kwargs)
           ^^^^^^^^^^^^^^^^^^^^^^^^^^^^^^^^^^^^^^^
  File "C:\Users\Habte\AppData\Local\Programs\Python\Python311\Lib\site-packages\telegram\vendor\ptb_urllib3\urllib3\request.py", line 68, in request
    return self.request_encode_body(method, url, fields=fields,
           ^^^^^^^^^^^^^^^^^^^^^^^^^^^^^^^^^^^^^^^^^^^^^^^^^^^^
  File "C:\Users\Habte\AppData\Local\Programs\Python\Python311\Lib\site-packages\telegram\vendor\ptb_urllib3\urllib3\request.py", line 148, in request_encode_body
    return self.urlopen(method, url, **extra_kw)
           ^^^^^^^^^^^^^^^^^^^^^^^^^^^^^^^^^^^^^
  File "C:\Users\Habte\AppData\Local\Programs\Python\Python311\Lib\site-packages\telegram\vendor\ptb_urllib3\urllib3\poolmanager.py", line 244, in urlopen
    response = conn.urlopen(method, u.request_uri, **kw)
               ^^^^^^^^^^^^^^^^^^^^^^^^^^^^^^^^^^^^^^^^^
  File "C:\Users\Habte\AppData\Local\Programs\Python\Python311\Lib\site-packages\telegram\vendor\ptb_urllib3\urllib3\connectionpool.py", line 691, in urlopen
    return self.urlopen(method, url, body, headers, retries,
           ^^^^^^^^^^^^^^^^^^^^^^^^^^^^^^^^^^^^^^^^^^^^^^^^^
  File "C:\Users\Habte\AppData\Local\Programs\Python\Python311\Lib\site-packages\telegram\vendor\ptb_urllib3\urllib3\connectionpool.py", line 691, in urlopen
    return self.urlopen(method, url, body, headers, retries,
           ^^^^^^^^^^^^^^^^^^^^^^^^^^^^^^^^^^^^^^^^^^^^^^^^^
  File "C:\Users\Habte\AppData\Local\Programs\Python\Python311\Lib\site-packages\telegram\vendor\ptb_urllib3\urllib3\connectionpool.py", line 691, in urlopen
    return self.urlopen(method, url, body, headers, retries,
           ^^^^^^^^^^^^^^^^^^^^^^^^^^^^^^^^^^^^^^^^^^^^^^^^^
  File "C:\Users\Habte\AppData\Local\Programs\Python\Python311\Lib\site-packages\telegram\vendor\ptb_urllib3\urllib3\connectionpool.py", line 665, in urlopen
    retries = retries.increment(method, url, error=e, _pool=self,
              ^^^^^^^^^^^^^^^^^^^^^^^^^^^^^^^^^^^^^^^^^^^^^^^^^^^
  File "C:\Users\Habte\AppData\Local\Programs\Python\Python311\Lib\site-packages\telegram\vendor\ptb_urllib3\urllib3\util\retry.py", line 376, in increment
    raise MaxRetryError(_pool, url, error or ResponseError(cause))
telegram.vendor.ptb_urllib3.urllib3.exceptions.MaxRetryError: HTTPSConnectionPool(host='api.telegram.org', port=443): Max retries exceeded with url: /bot6685183482:AAH6q7gWdUm5ZYYAbhoqDh0tqHIXcrjGSPw/sendMessage (Caused by NewConnectionError('<telegram.vendor.ptb_urllib3.urllib3.connection.VerifiedHTTPSConnection object at 0x000002A2D9C4EE10>: Failed to establish a new connection: [Errno 11001] getaddrinfo failed'))

The above exception was the direct cause of the following exception:

Traceback (most recent call last):
  File "C:\Users\Habte\AppData\Local\Programs\Python\Python311\Lib\site-packages\telegram\ext\dispatcher.py", line 538, in process_update
    self.dispatch_error(None, update)
  File "C:\Users\Habte\AppData\Local\Programs\Python\Python311\Lib\site-packages\telegram\ext\dispatcher.py", line 813, in dispatch_error
    callback(update, context)
  File "c:\Users\Habte\Desktop\IssueNotified\app.py", line 356, in handle_error
    updater.bot.send_message(chat_id=DEVELOPER_ID, text='An error occurred in the IssueNotified bot: \n{}'.format(context.error))
  File "C:\Users\Habte\AppData\Local\Programs\Python\Python311\Lib\site-packages\telegram\bot.py", line 133, in decorator
    result = func(*args, **kwargs)
             ^^^^^^^^^^^^^^^^^^^^^
  File "C:\Users\Habte\AppData\Local\Programs\Python\Python311\Lib\site-packages\telegram\bot.py", line 525, in send_message
    return self._message(  # type: ignore[return-value]
           ^^^^^^^^^^^^^^^^^^^^^^^^^^^^^^^^^^^^^^^^^^^^
  File "C:\Users\Habte\AppData\Local\Programs\Python\Python311\Lib\site-packages\telegram\ext\extbot.py", line 202, in _message
    result = super()._message(
             ^^^^^^^^^^^^^^^^^
  File "C:\Users\Habte\AppData\Local\Programs\Python\Python311\Lib\site-packages\telegram\bot.py", line 339, in _message
    result = self._post(endpoint, data, timeout=timeout, api_kwargs=api_kwargs)
             ^^^^^^^^^^^^^^^^^^^^^^^^^^^^^^^^^^^^^^^^^^^^^^^^^^^^^^^^^^^^^^^^^^
  File "C:\Users\Habte\AppData\Local\Programs\Python\Python311\Lib\site-packages\telegram\bot.py", line 298, in _post
    return self.request.post(
           ^^^^^^^^^^^^^^^^^^
  File "C:\Users\Habte\AppData\Local\Programs\Python\Python311\Lib\site-packages\telegram\utils\request.py", line 361, in post
    result = self._request_wrapper(
             ^^^^^^^^^^^^^^^^^^^^^^
  File "C:\Users\Habte\AppData\Local\Programs\Python\Python311\Lib\site-packages\telegram\utils\request.py", line 265, in _request_wrapper
    raise NetworkError(f'urllib3 HTTPError {error}') from error
telegram.error.NetworkError: urllib3 HTTPError HTTPSConnectionPool(host='api.telegram.org', port=443): Max retries exceeded with url: /bot6685183482:AAH6q7gWdUm5ZYYAbhoqDh0tqHIXcrjGSPw/sendMessage (Caused by NewConnectionError('<telegram.vendor.ptb_urllib3.urllib3.connection.VerifiedHTTPSConnection object at 0x000002A2D9C4EE10>: Failed to establish a new connection: [Errno 11001] getaddrinfo failed'))
2023-10-07 00:01:19,572:telegram.bot:DEBUG:  Entering: get_updates
2023-10-07 00:01:32,474:telegram.ext.dispatcher:DEBUG:  Processing Update: urllib3 HTTPError HTTPSConnectionPool(host='api.telegram.org', port=443): Max retries exceeded with url: /bot6685183482:AAH6q7gWdUm5ZYYAbhoqDh0tqHIXcrjGSPw/getUpdates (Caused by NewConnectionError('<telegram.vendor.ptb_urllib3.urllib3.connection.VerifiedHTTPSConnection object at 0x000002A2D9C4D910>: Failed to establish a new connection: [Errno 11001] getaddrinfo failed'))
2023-10-07 00:01:32,475:__main__:ERROR:  urllib3 HTTPError HTTPSConnectionPool(host='api.telegram.org', port=443): Max retries exceeded with url: /bot6685183482:AAH6q7gWdUm5ZYYAbhoqDh0tqHIXcrjGSPw/getUpdates (Caused by NewConnectionError('<telegram.vendor.ptb_urllib3.urllib3.connection.VerifiedHTTPSConnection object at 0x000002A2D9C4D910>: Failed to establish a new connection: [Errno 11001] getaddrinfo failed'))
NoneType: None
2023-10-07 00:01:32,476:telegram.vendor.ptb_urllib3.urllib3.connectionpool:WARNING:  Retrying (Retry(total=2, connect=None, read=None, redirect=None)) after connection broken by 'NewConnectionError('<telegram.vendor.ptb_urllib3.urllib3.connection.VerifiedHTTPSConnection object at 0x000002A2D9C4FB90>: Failed to establish a new connection: [Errno 11001] getaddrinfo failed')': /bot6685183482:AAH6q7gWdUm5ZYYAbhoqDh0tqHIXcrjGSPw/getUpdates
2023-10-07 00:01:32,476:telegram.bot:DEBUG:  Entering: send_message
2023-10-07 00:01:32,478:telegram.vendor.ptb_urllib3.urllib3.connectionpool:WARNING:  Retrying (Retry(total=1, connect=None, read=None, redirect=None)) after connection broken by 'NewConnectionError('<telegram.vendor.ptb_urllib3.urllib3.connection.VerifiedHTTPSConnection object at 0x000002A2D9C4CDD0>: Failed to establish a new connection: [Errno 11001] getaddrinfo failed')': /bot6685183482:AAH6q7gWdUm5ZYYAbhoqDh0tqHIXcrjGSPw/getUpdates
2023-10-07 00:01:32,478:telegram.vendor.ptb_urllib3.urllib3.connectionpool:WARNING:  Retrying (Retry(total=2, connect=None, read=None, redirect=None)) after connection broken by 'NewConnectionError('<telegram.vendor.ptb_urllib3.urllib3.connection.VerifiedHTTPSConnection object at 0x000002A2D9BFA4D0>: Failed to establish a new connection: [Errno 11001] getaddrinfo failed')': /bot6685183482:AAH6q7gWdUm5ZYYAbhoqDh0tqHIXcrjGSPw/sendMessage
2023-10-07 00:01:32,480:telegram.vendor.ptb_urllib3.urllib3.connectionpool:WARNING:  Retrying (Retry(total=0, connect=None, read=None, redirect=None)) after connection broken by 'NewConnectionError('<telegram.vendor.ptb_urllib3.urllib3.connection.VerifiedHTTPSConnection object at 0x000002A2DAE10990>: Failed to establish a new connection: [Errno 11001] getaddrinfo failed')': /bot6685183482:AAH6q7gWdUm5ZYYAbhoqDh0tqHIXcrjGSPw/getUpdates
2023-10-07 00:01:32,532:telegram.vendor.ptb_urllib3.urllib3.connectionpool:WARNING:  Retrying (Retry(total=1, connect=None, read=None, redirect=None)) after connection broken by 'NewConnectionError('<telegram.vendor.ptb_urllib3.urllib3.connection.VerifiedHTTPSConnection object at 0x000002A2DAE109D0>: Failed to establish a new connection: [Errno 11001] getaddrinfo failed')': /bot6685183482:AAH6q7gWdUm5ZYYAbhoqDh0tqHIXcrjGSPw/sendMessage
2023-10-07 00:01:32,533:telegram.ext.updater:ERROR:  Error while getting Updates: urllib3 HTTPError HTTPSConnectionPool(host='api.telegram.org', port=443): Max retries exceeded with url: /bot6685183482:AAH6q7gWdUm5ZYYAbhoqDh0tqHIXcrjGSPw/getUpdates (Caused by NewConnectionError('<telegram.vendor.ptb_urllib3.urllib3.connection.VerifiedHTTPSConnection object at 0x000002A2DAE11290>: Failed to establish a new connection: [Errno 11001] getaddrinfo failed'))
2023-10-07 00:01:32,535:telegram.vendor.ptb_urllib3.urllib3.connectionpool:WARNING:  Retrying (Retry(total=0, connect=None, read=None, redirect=None)) after connection broken by 'NewConnectionError('<telegram.vendor.ptb_urllib3.urllib3.connection.VerifiedHTTPSConnection object at 0x000002A2DAE11E90>: Failed to establish a new connection: [Errno 11001] getaddrinfo failed')': /bot6685183482:AAH6q7gWdUm5ZYYAbhoqDh0tqHIXcrjGSPw/sendMessage
2023-10-07 00:01:32,537:telegram.ext.dispatcher:ERROR:  An uncaught error was raised while handling the error.
Traceback (most recent call last):
  File "C:\Users\Habte\AppData\Local\Programs\Python\Python311\Lib\site-packages\telegram\vendor\ptb_urllib3\urllib3\connection.py", line 140, in _new_conn
    conn = connection.create_connection(
           ^^^^^^^^^^^^^^^^^^^^^^^^^^^^^
  File "C:\Users\Habte\AppData\Local\Programs\Python\Python311\Lib\site-packages\telegram\vendor\ptb_urllib3\urllib3\util\connection.py", line 60, in create_connection
    for res in socket.getaddrinfo(host, port, family, socket.SOCK_STREAM):
               ^^^^^^^^^^^^^^^^^^^^^^^^^^^^^^^^^^^^^^^^^^^^^^^^^^^^^^^^^^
  File "C:\Users\Habte\AppData\Local\Programs\Python\Python311\Lib\socket.py", line 962, in getaddrinfo
    for res in _socket.getaddrinfo(host, port, family, type, proto, flags):
               ^^^^^^^^^^^^^^^^^^^^^^^^^^^^^^^^^^^^^^^^^^^^^^^^^^^^^^^^^^^
socket.gaierror: [Errno 11001] getaddrinfo failed

During handling of the above exception, another exception occurred:

Traceback (most recent call last):
  File "C:\Users\Habte\AppData\Local\Programs\Python\Python311\Lib\site-packages\telegram\vendor\ptb_urllib3\urllib3\connectionpool.py", line 614, in urlopen
    httplib_response = self._make_request(conn, method, url,
                       ^^^^^^^^^^^^^^^^^^^^^^^^^^^^^^^^^^^^^
  File "C:\Users\Habte\AppData\Local\Programs\Python\Python311\Lib\site-packages\telegram\vendor\ptb_urllib3\urllib3\connectionpool.py", line 360, in _make_request
    self._validate_conn(conn)
  File "C:\Users\Habte\AppData\Local\Programs\Python\Python311\Lib\site-packages\telegram\vendor\ptb_urllib3\urllib3\connectionpool.py", line 857, in _validate_conn
    super(HTTPSConnectionPool, self)._validate_conn(conn)
  File "C:\Users\Habte\AppData\Local\Programs\Python\Python311\Lib\site-packages\telegram\vendor\ptb_urllib3\urllib3\connectionpool.py", line 289, in _validate_conn
    conn.connect()
  File "C:\Users\Habte\AppData\Local\Programs\Python\Python311\Lib\site-packages\telegram\vendor\ptb_urllib3\urllib3\connection.py", line 284, in connect
    conn = self._new_conn()
           ^^^^^^^^^^^^^^^^
  File "C:\Users\Habte\AppData\Local\Programs\Python\Python311\Lib\site-packages\telegram\vendor\ptb_urllib3\urllib3\connection.py", line 149, in _new_conn
    raise NewConnectionError(
telegram.vendor.ptb_urllib3.urllib3.exceptions.NewConnectionError: <telegram.vendor.ptb_urllib3.urllib3.connection.VerifiedHTTPSConnection object at 0x000002A2DAE12310>: Failed to establish a new connection: [Errno 11001] getaddrinfo failed

During handling of the above exception, another exception occurred:

Traceback (most recent call last):
  File "C:\Users\Habte\AppData\Local\Programs\Python\Python311\Lib\site-packages\telegram\utils\request.py", line 259, in _request_wrapper
    resp = self._con_pool.request(*args, **kwargs)
           ^^^^^^^^^^^^^^^^^^^^^^^^^^^^^^^^^^^^^^^
  File "C:\Users\Habte\AppData\Local\Programs\Python\Python311\Lib\site-packages\telegram\vendor\ptb_urllib3\urllib3\request.py", line 68, in request
    return self.request_encode_body(method, url, fields=fields,
           ^^^^^^^^^^^^^^^^^^^^^^^^^^^^^^^^^^^^^^^^^^^^^^^^^^^^
  File "C:\Users\Habte\AppData\Local\Programs\Python\Python311\Lib\site-packages\telegram\vendor\ptb_urllib3\urllib3\request.py", line 148, in request_encode_body
    return self.urlopen(method, url, **extra_kw)
           ^^^^^^^^^^^^^^^^^^^^^^^^^^^^^^^^^^^^^
  File "C:\Users\Habte\AppData\Local\Programs\Python\Python311\Lib\site-packages\telegram\vendor\ptb_urllib3\urllib3\poolmanager.py", line 244, in urlopen
    response = conn.urlopen(method, u.request_uri, **kw)
               ^^^^^^^^^^^^^^^^^^^^^^^^^^^^^^^^^^^^^^^^^
  File "C:\Users\Habte\AppData\Local\Programs\Python\Python311\Lib\site-packages\telegram\vendor\ptb_urllib3\urllib3\connectionpool.py", line 691, in urlopen
    return self.urlopen(method, url, body, headers, retries,
           ^^^^^^^^^^^^^^^^^^^^^^^^^^^^^^^^^^^^^^^^^^^^^^^^^
  File "C:\Users\Habte\AppData\Local\Programs\Python\Python311\Lib\site-packages\telegram\vendor\ptb_urllib3\urllib3\connectionpool.py", line 691, in urlopen
    return self.urlopen(method, url, body, headers, retries,
           ^^^^^^^^^^^^^^^^^^^^^^^^^^^^^^^^^^^^^^^^^^^^^^^^^
  File "C:\Users\Habte\AppData\Local\Programs\Python\Python311\Lib\site-packages\telegram\vendor\ptb_urllib3\urllib3\connectionpool.py", line 691, in urlopen
    return self.urlopen(method, url, body, headers, retries,
           ^^^^^^^^^^^^^^^^^^^^^^^^^^^^^^^^^^^^^^^^^^^^^^^^^
  File "C:\Users\Habte\AppData\Local\Programs\Python\Python311\Lib\site-packages\telegram\vendor\ptb_urllib3\urllib3\connectionpool.py", line 665, in urlopen
    retries = retries.increment(method, url, error=e, _pool=self,
              ^^^^^^^^^^^^^^^^^^^^^^^^^^^^^^^^^^^^^^^^^^^^^^^^^^^
  File "C:\Users\Habte\AppData\Local\Programs\Python\Python311\Lib\site-packages\telegram\vendor\ptb_urllib3\urllib3\util\retry.py", line 376, in increment
    raise MaxRetryError(_pool, url, error or ResponseError(cause))
telegram.vendor.ptb_urllib3.urllib3.exceptions.MaxRetryError: HTTPSConnectionPool(host='api.telegram.org', port=443): Max retries exceeded with url: /bot6685183482:AAH6q7gWdUm5ZYYAbhoqDh0tqHIXcrjGSPw/sendMessage (Caused by NewConnectionError('<telegram.vendor.ptb_urllib3.urllib3.connection.VerifiedHTTPSConnection object at 0x000002A2DAE12310>: Failed to establish a new connection: [Errno 11001] getaddrinfo failed'))

The above exception was the direct cause of the following exception:

Traceback (most recent call last):
  File "C:\Users\Habte\AppData\Local\Programs\Python\Python311\Lib\site-packages\telegram\ext\dispatcher.py", line 538, in process_update
    self.dispatch_error(None, update)
  File "C:\Users\Habte\AppData\Local\Programs\Python\Python311\Lib\site-packages\telegram\ext\dispatcher.py", line 813, in dispatch_error
    callback(update, context)
  File "c:\Users\Habte\Desktop\IssueNotified\app.py", line 356, in handle_error
    updater.bot.send_message(chat_id=DEVELOPER_ID, text='An error occurred in the IssueNotified bot: \n{}'.format(context.error))
  File "C:\Users\Habte\AppData\Local\Programs\Python\Python311\Lib\site-packages\telegram\bot.py", line 133, in decorator
    result = func(*args, **kwargs)
             ^^^^^^^^^^^^^^^^^^^^^
  File "C:\Users\Habte\AppData\Local\Programs\Python\Python311\Lib\site-packages\telegram\bot.py", line 525, in send_message
    return self._message(  # type: ignore[return-value]
           ^^^^^^^^^^^^^^^^^^^^^^^^^^^^^^^^^^^^^^^^^^^^
  File "C:\Users\Habte\AppData\Local\Programs\Python\Python311\Lib\site-packages\telegram\ext\extbot.py", line 202, in _message
    result = super()._message(
             ^^^^^^^^^^^^^^^^^
  File "C:\Users\Habte\AppData\Local\Programs\Python\Python311\Lib\site-packages\telegram\bot.py", line 339, in _message
    result = self._post(endpoint, data, timeout=timeout, api_kwargs=api_kwargs)
             ^^^^^^^^^^^^^^^^^^^^^^^^^^^^^^^^^^^^^^^^^^^^^^^^^^^^^^^^^^^^^^^^^^
  File "C:\Users\Habte\AppData\Local\Programs\Python\Python311\Lib\site-packages\telegram\bot.py", line 298, in _post
    return self.request.post(
           ^^^^^^^^^^^^^^^^^^
  File "C:\Users\Habte\AppData\Local\Programs\Python\Python311\Lib\site-packages\telegram\utils\request.py", line 361, in post
    result = self._request_wrapper(
             ^^^^^^^^^^^^^^^^^^^^^^
  File "C:\Users\Habte\AppData\Local\Programs\Python\Python311\Lib\site-packages\telegram\utils\request.py", line 265, in _request_wrapper
    raise NetworkError(f'urllib3 HTTPError {error}') from error
telegram.error.NetworkError: urllib3 HTTPError HTTPSConnectionPool(host='api.telegram.org', port=443): Max retries exceeded with url: /bot6685183482:AAH6q7gWdUm5ZYYAbhoqDh0tqHIXcrjGSPw/sendMessage (Caused by NewConnectionError('<telegram.vendor.ptb_urllib3.urllib3.connection.VerifiedHTTPSConnection object at 0x000002A2DAE12310>: Failed to establish a new connection: [Errno 11001] getaddrinfo failed'))
2023-10-07 00:01:32,549:telegram.ext.dispatcher:DEBUG:  Processing Update: urllib3 HTTPError HTTPSConnectionPool(host='api.telegram.org', port=443): Max retries exceeded with url: /bot6685183482:AAH6q7gWdUm5ZYYAbhoqDh0tqHIXcrjGSPw/getUpdates (Caused by NewConnectionError('<telegram.vendor.ptb_urllib3.urllib3.connection.VerifiedHTTPSConnection object at 0x000002A2DAE11290>: Failed to establish a new connection: [Errno 11001] getaddrinfo failed'))
2023-10-07 00:01:32,550:__main__:ERROR:  urllib3 HTTPError HTTPSConnectionPool(host='api.telegram.org', port=443): Max retries exceeded with url: /bot6685183482:AAH6q7gWdUm5ZYYAbhoqDh0tqHIXcrjGSPw/getUpdates (Caused by NewConnectionError('<telegram.vendor.ptb_urllib3.urllib3.connection.VerifiedHTTPSConnection object at 0x000002A2DAE11290>: Failed to establish a new connection: [Errno 11001] getaddrinfo failed'))
NoneType: None
2023-10-07 00:01:32,552:telegram.bot:DEBUG:  Entering: send_message
2023-10-07 00:01:32,552:telegram.vendor.ptb_urllib3.urllib3.connectionpool:WARNING:  Retrying (Retry(total=2, connect=None, read=None, redirect=None)) after connection broken by 'NewConnectionError('<telegram.vendor.ptb_urllib3.urllib3.connection.VerifiedHTTPSConnection object at 0x000002A2DAE12310>: Failed to establish a new connection: [Errno 11001] getaddrinfo failed')': /bot6685183482:AAH6q7gWdUm5ZYYAbhoqDh0tqHIXcrjGSPw/sendMessage
2023-10-07 00:01:32,552:telegram.vendor.ptb_urllib3.urllib3.connectionpool:WARNING:  Retrying (Retry(total=1, connect=None, read=None, redirect=None)) after connection broken by 'NewConnectionError('<telegram.vendor.ptb_urllib3.urllib3.connection.VerifiedHTTPSConnection object at 0x000002A2DAE128D0>: Failed to establish a new connection: [Errno 11001] getaddrinfo failed')': /bot6685183482:AAH6q7gWdUm5ZYYAbhoqDh0tqHIXcrjGSPw/sendMessage
2023-10-07 00:01:32,552:telegram.vendor.ptb_urllib3.urllib3.connectionpool:WARNING:  Retrying (Retry(total=0, connect=None, read=None, redirect=None)) after connection broken by 'NewConnectionError('<telegram.vendor.ptb_urllib3.urllib3.connection.VerifiedHTTPSConnection object at 0x000002A2DAE13390>: Failed to establish a new connection: [Errno 11001] getaddrinfo failed')': /bot6685183482:AAH6q7gWdUm5ZYYAbhoqDh0tqHIXcrjGSPw/sendMessage
2023-10-07 00:01:32,552:telegram.ext.dispatcher:ERROR:  An uncaught error was raised while handling the error.
Traceback (most recent call last):
  File "C:\Users\Habte\AppData\Local\Programs\Python\Python311\Lib\site-packages\telegram\vendor\ptb_urllib3\urllib3\connection.py", line 140, in _new_conn
    conn = connection.create_connection(
           ^^^^^^^^^^^^^^^^^^^^^^^^^^^^^
  File "C:\Users\Habte\AppData\Local\Programs\Python\Python311\Lib\site-packages\telegram\vendor\ptb_urllib3\urllib3\util\connection.py", line 60, in create_connection
    for res in socket.getaddrinfo(host, port, family, socket.SOCK_STREAM):
               ^^^^^^^^^^^^^^^^^^^^^^^^^^^^^^^^^^^^^^^^^^^^^^^^^^^^^^^^^^
  File "C:\Users\Habte\AppData\Local\Programs\Python\Python311\Lib\socket.py", line 962, in getaddrinfo
    for res in _socket.getaddrinfo(host, port, family, type, proto, flags):
               ^^^^^^^^^^^^^^^^^^^^^^^^^^^^^^^^^^^^^^^^^^^^^^^^^^^^^^^^^^^
socket.gaierror: [Errno 11001] getaddrinfo failed

During handling of the above exception, another exception occurred:

Traceback (most recent call last):
  File "C:\Users\Habte\AppData\Local\Programs\Python\Python311\Lib\site-packages\telegram\vendor\ptb_urllib3\urllib3\connectionpool.py", line 614, in urlopen
    httplib_response = self._make_request(conn, method, url,
                       ^^^^^^^^^^^^^^^^^^^^^^^^^^^^^^^^^^^^^
  File "C:\Users\Habte\AppData\Local\Programs\Python\Python311\Lib\site-packages\telegram\vendor\ptb_urllib3\urllib3\connectionpool.py", line 360, in _make_request
    self._validate_conn(conn)
  File "C:\Users\Habte\AppData\Local\Programs\Python\Python311\Lib\site-packages\telegram\vendor\ptb_urllib3\urllib3\connectionpool.py", line 857, in _validate_conn
    super(HTTPSConnectionPool, self)._validate_conn(conn)
  File "C:\Users\Habte\AppData\Local\Programs\Python\Python311\Lib\site-packages\telegram\vendor\ptb_urllib3\urllib3\connectionpool.py", line 289, in _validate_conn
    conn.connect()
  File "C:\Users\Habte\AppData\Local\Programs\Python\Python311\Lib\site-packages\telegram\vendor\ptb_urllib3\urllib3\connection.py", line 284, in connect
    conn = self._new_conn()
           ^^^^^^^^^^^^^^^^
  File "C:\Users\Habte\AppData\Local\Programs\Python\Python311\Lib\site-packages\telegram\vendor\ptb_urllib3\urllib3\connection.py", line 149, in _new_conn
    raise NewConnectionError(
telegram.vendor.ptb_urllib3.urllib3.exceptions.NewConnectionError: <telegram.vendor.ptb_urllib3.urllib3.connection.VerifiedHTTPSConnection object at 0x000002A2DAE13A50>: Failed to establish a new connection: [Errno 11001] getaddrinfo failed

During handling of the above exception, another exception occurred:

Traceback (most recent call last):
  File "C:\Users\Habte\AppData\Local\Programs\Python\Python311\Lib\site-packages\telegram\utils\request.py", line 259, in _request_wrapper
    resp = self._con_pool.request(*args, **kwargs)
           ^^^^^^^^^^^^^^^^^^^^^^^^^^^^^^^^^^^^^^^
  File "C:\Users\Habte\AppData\Local\Programs\Python\Python311\Lib\site-packages\telegram\vendor\ptb_urllib3\urllib3\request.py", line 68, in request
    return self.request_encode_body(method, url, fields=fields,
           ^^^^^^^^^^^^^^^^^^^^^^^^^^^^^^^^^^^^^^^^^^^^^^^^^^^^
  File "C:\Users\Habte\AppData\Local\Programs\Python\Python311\Lib\site-packages\telegram\vendor\ptb_urllib3\urllib3\request.py", line 148, in request_encode_body
    return self.urlopen(method, url, **extra_kw)
           ^^^^^^^^^^^^^^^^^^^^^^^^^^^^^^^^^^^^^
  File "C:\Users\Habte\AppData\Local\Programs\Python\Python311\Lib\site-packages\telegram\vendor\ptb_urllib3\urllib3\poolmanager.py", line 244, in urlopen
    response = conn.urlopen(method, u.request_uri, **kw)
               ^^^^^^^^^^^^^^^^^^^^^^^^^^^^^^^^^^^^^^^^^
  File "C:\Users\Habte\AppData\Local\Programs\Python\Python311\Lib\site-packages\telegram\vendor\ptb_urllib3\urllib3\connectionpool.py", line 691, in urlopen
    return self.urlopen(method, url, body, headers, retries,
           ^^^^^^^^^^^^^^^^^^^^^^^^^^^^^^^^^^^^^^^^^^^^^^^^^
  File "C:\Users\Habte\AppData\Local\Programs\Python\Python311\Lib\site-packages\telegram\vendor\ptb_urllib3\urllib3\connectionpool.py", line 691, in urlopen
    return self.urlopen(method, url, body, headers, retries,
           ^^^^^^^^^^^^^^^^^^^^^^^^^^^^^^^^^^^^^^^^^^^^^^^^^
  File "C:\Users\Habte\AppData\Local\Programs\Python\Python311\Lib\site-packages\telegram\vendor\ptb_urllib3\urllib3\connectionpool.py", line 691, in urlopen
    return self.urlopen(method, url, body, headers, retries,
           ^^^^^^^^^^^^^^^^^^^^^^^^^^^^^^^^^^^^^^^^^^^^^^^^^
  File "C:\Users\Habte\AppData\Local\Programs\Python\Python311\Lib\site-packages\telegram\vendor\ptb_urllib3\urllib3\connectionpool.py", line 665, in urlopen
    retries = retries.increment(method, url, error=e, _pool=self,
              ^^^^^^^^^^^^^^^^^^^^^^^^^^^^^^^^^^^^^^^^^^^^^^^^^^^
  File "C:\Users\Habte\AppData\Local\Programs\Python\Python311\Lib\site-packages\telegram\vendor\ptb_urllib3\urllib3\util\retry.py", line 376, in increment
    raise MaxRetryError(_pool, url, error or ResponseError(cause))
telegram.vendor.ptb_urllib3.urllib3.exceptions.MaxRetryError: HTTPSConnectionPool(host='api.telegram.org', port=443): Max retries exceeded with url: /bot6685183482:AAH6q7gWdUm5ZYYAbhoqDh0tqHIXcrjGSPw/sendMessage (Caused by NewConnectionError('<telegram.vendor.ptb_urllib3.urllib3.connection.VerifiedHTTPSConnection object at 0x000002A2DAE13A50>: Failed to establish a new connection: [Errno 11001] getaddrinfo failed'))

The above exception was the direct cause of the following exception:

Traceback (most recent call last):
  File "C:\Users\Habte\AppData\Local\Programs\Python\Python311\Lib\site-packages\telegram\ext\dispatcher.py", line 538, in process_update
    self.dispatch_error(None, update)
  File "C:\Users\Habte\AppData\Local\Programs\Python\Python311\Lib\site-packages\telegram\ext\dispatcher.py", line 813, in dispatch_error
    callback(update, context)
  File "c:\Users\Habte\Desktop\IssueNotified\app.py", line 356, in handle_error
    updater.bot.send_message(chat_id=DEVELOPER_ID, text='An error occurred in the IssueNotified bot: \n{}'.format(context.error))
  File "C:\Users\Habte\AppData\Local\Programs\Python\Python311\Lib\site-packages\telegram\bot.py", line 133, in decorator
    result = func(*args, **kwargs)
             ^^^^^^^^^^^^^^^^^^^^^
  File "C:\Users\Habte\AppData\Local\Programs\Python\Python311\Lib\site-packages\telegram\bot.py", line 525, in send_message
    return self._message(  # type: ignore[return-value]
           ^^^^^^^^^^^^^^^^^^^^^^^^^^^^^^^^^^^^^^^^^^^^
  File "C:\Users\Habte\AppData\Local\Programs\Python\Python311\Lib\site-packages\telegram\ext\extbot.py", line 202, in _message
    result = super()._message(
             ^^^^^^^^^^^^^^^^^
  File "C:\Users\Habte\AppData\Local\Programs\Python\Python311\Lib\site-packages\telegram\bot.py", line 339, in _message
    result = self._post(endpoint, data, timeout=timeout, api_kwargs=api_kwargs)
             ^^^^^^^^^^^^^^^^^^^^^^^^^^^^^^^^^^^^^^^^^^^^^^^^^^^^^^^^^^^^^^^^^^
  File "C:\Users\Habte\AppData\Local\Programs\Python\Python311\Lib\site-packages\telegram\bot.py", line 298, in _post
    return self.request.post(
           ^^^^^^^^^^^^^^^^^^
  File "C:\Users\Habte\AppData\Local\Programs\Python\Python311\Lib\site-packages\telegram\utils\request.py", line 361, in post
    result = self._request_wrapper(
             ^^^^^^^^^^^^^^^^^^^^^^
  File "C:\Users\Habte\AppData\Local\Programs\Python\Python311\Lib\site-packages\telegram\utils\request.py", line 265, in _request_wrapper
    raise NetworkError(f'urllib3 HTTPError {error}') from error
telegram.error.NetworkError: urllib3 HTTPError HTTPSConnectionPool(host='api.telegram.org', port=443): Max retries exceeded with url: /bot6685183482:AAH6q7gWdUm5ZYYAbhoqDh0tqHIXcrjGSPw/sendMessage (Caused by NewConnectionError('<telegram.vendor.ptb_urllib3.urllib3.connection.VerifiedHTTPSConnection object at 0x000002A2DAE13A50>: Failed to establish a new connection: [Errno 11001] getaddrinfo failed'))
2023-10-07 00:01:34,805:telegram.bot:DEBUG:  Entering: get_updates
2023-10-07 00:01:34,807:telegram.vendor.ptb_urllib3.urllib3.connectionpool:WARNING:  Retrying (Retry(total=2, connect=None, read=None, redirect=None)) after connection broken by 'NewConnectionError('<telegram.vendor.ptb_urllib3.urllib3.connection.VerifiedHTTPSConnection object at 0x000002A2DAE13810>: Failed to establish a new connection: [Errno 11001] getaddrinfo failed')': /bot6685183482:AAH6q7gWdUm5ZYYAbhoqDh0tqHIXcrjGSPw/getUpdates
2023-10-07 00:01:34,808:telegram.vendor.ptb_urllib3.urllib3.connectionpool:WARNING:  Retrying (Retry(total=1, connect=None, read=None, redirect=None)) after connection broken by 'NewConnectionError('<telegram.vendor.ptb_urllib3.urllib3.connection.VerifiedHTTPSConnection object at 0x000002A2DAE18210>: Failed to establish a new connection: [Errno 11001] getaddrinfo failed')': /bot6685183482:AAH6q7gWdUm5ZYYAbhoqDh0tqHIXcrjGSPw/getUpdates
2023-10-07 00:01:34,809:telegram.vendor.ptb_urllib3.urllib3.connectionpool:WARNING:  Retrying (Retry(total=0, connect=None, read=None, redirect=None)) after connection broken by 'NewConnectionError('<telegram.vendor.ptb_urllib3.urllib3.connection.VerifiedHTTPSConnection object at 0x000002A2DAE18E10>: Failed to establish a new connection: [Errno 11001] getaddrinfo failed')': /bot6685183482:AAH6q7gWdUm5ZYYAbhoqDh0tqHIXcrjGSPw/getUpdates
2023-10-07 00:01:34,811:telegram.ext.updater:ERROR:  Error while getting Updates: urllib3 HTTPError HTTPSConnectionPool(host='api.telegram.org', port=443): Max retries exceeded with url: /bot6685183482:AAH6q7gWdUm5ZYYAbhoqDh0tqHIXcrjGSPw/getUpdates (Caused by NewConnectionError('<telegram.vendor.ptb_urllib3.urllib3.connection.VerifiedHTTPSConnection object at 0x000002A2DAE194D0>: Failed to establish a new connection: [Errno 11001] getaddrinfo failed'))
2023-10-07 00:01:34,812:telegram.ext.dispatcher:DEBUG:  Processing Update: urllib3 HTTPError HTTPSConnectionPool(host='api.telegram.org', port=443): Max retries exceeded with url: /bot6685183482:AAH6q7gWdUm5ZYYAbhoqDh0tqHIXcrjGSPw/getUpdates (Caused by NewConnectionError('<telegram.vendor.ptb_urllib3.urllib3.connection.VerifiedHTTPSConnection object at 0x000002A2DAE194D0>: Failed to establish a new connection: [Errno 11001] getaddrinfo failed'))
2023-10-07 00:01:34,812:__main__:ERROR:  urllib3 HTTPError HTTPSConnectionPool(host='api.telegram.org', port=443): Max retries exceeded with url: /bot6685183482:AAH6q7gWdUm5ZYYAbhoqDh0tqHIXcrjGSPw/getUpdates (Caused by NewConnectionError('<telegram.vendor.ptb_urllib3.urllib3.connection.VerifiedHTTPSConnection object at 0x000002A2DAE194D0>: Failed to establish a new connection: [Errno 11001] getaddrinfo failed'))
NoneType: None
2023-10-07 00:01:34,813:telegram.bot:DEBUG:  Entering: send_message
2023-10-07 00:01:34,817:telegram.vendor.ptb_urllib3.urllib3.connectionpool:WARNING:  Retrying (Retry(total=2, connect=None, read=None, redirect=None)) after connection broken by 'NewConnectionError('<telegram.vendor.ptb_urllib3.urllib3.connection.VerifiedHTTPSConnection object at 0x000002A2DAE19ED0>: Failed to establish a new connection: [Errno 11001] getaddrinfo failed')': /bot6685183482:AAH6q7gWdUm5ZYYAbhoqDh0tqHIXcrjGSPw/sendMessage
2023-10-07 00:01:34,891:telegram.vendor.ptb_urllib3.urllib3.connectionpool:WARNING:  Retrying (Retry(total=1, connect=None, read=None, redirect=None)) after connection broken by 'NewConnectionError('<telegram.vendor.ptb_urllib3.urllib3.connection.VerifiedHTTPSConnection object at 0x000002A2DAE1A590>: Failed to establish a new connection: [Errno 11001] getaddrinfo failed')': /bot6685183482:AAH6q7gWdUm5ZYYAbhoqDh0tqHIXcrjGSPw/sendMessage
2023-10-07 00:01:34,899:telegram.vendor.ptb_urllib3.urllib3.connectionpool:WARNING:  Retrying (Retry(total=0, connect=None, read=None, redirect=None)) after connection broken by 'NewConnectionError('<telegram.vendor.ptb_urllib3.urllib3.connection.VerifiedHTTPSConnection object at 0x000002A2DAE1AC10>: Failed to establish a new connection: [Errno 11001] getaddrinfo failed')': /bot6685183482:AAH6q7gWdUm5ZYYAbhoqDh0tqHIXcrjGSPw/sendMessage
2023-10-07 00:01:34,903:telegram.ext.dispatcher:ERROR:  An uncaught error was raised while handling the error.
Traceback (most recent call last):
  File "C:\Users\Habte\AppData\Local\Programs\Python\Python311\Lib\site-packages\telegram\vendor\ptb_urllib3\urllib3\connection.py", line 140, in _new_conn
    conn = connection.create_connection(
           ^^^^^^^^^^^^^^^^^^^^^^^^^^^^^
  File "C:\Users\Habte\AppData\Local\Programs\Python\Python311\Lib\site-packages\telegram\vendor\ptb_urllib3\urllib3\util\connection.py", line 60, in create_connection
    for res in socket.getaddrinfo(host, port, family, socket.SOCK_STREAM):
               ^^^^^^^^^^^^^^^^^^^^^^^^^^^^^^^^^^^^^^^^^^^^^^^^^^^^^^^^^^
  File "C:\Users\Habte\AppData\Local\Programs\Python\Python311\Lib\socket.py", line 962, in getaddrinfo
    for res in _socket.getaddrinfo(host, port, family, type, proto, flags):
               ^^^^^^^^^^^^^^^^^^^^^^^^^^^^^^^^^^^^^^^^^^^^^^^^^^^^^^^^^^^
socket.gaierror: [Errno 11001] getaddrinfo failed

During handling of the above exception, another exception occurred:

Traceback (most recent call last):
  File "C:\Users\Habte\AppData\Local\Programs\Python\Python311\Lib\site-packages\telegram\vendor\ptb_urllib3\urllib3\connectionpool.py", line 614, in urlopen
    httplib_response = self._make_request(conn, method, url,
                       ^^^^^^^^^^^^^^^^^^^^^^^^^^^^^^^^^^^^^
  File "C:\Users\Habte\AppData\Local\Programs\Python\Python311\Lib\site-packages\telegram\vendor\ptb_urllib3\urllib3\connectionpool.py", line 360, in _make_request
    self._validate_conn(conn)
  File "C:\Users\Habte\AppData\Local\Programs\Python\Python311\Lib\site-packages\telegram\vendor\ptb_urllib3\urllib3\connectionpool.py", line 857, in _validate_conn
    super(HTTPSConnectionPool, self)._validate_conn(conn)
  File "C:\Users\Habte\AppData\Local\Programs\Python\Python311\Lib\site-packages\telegram\vendor\ptb_urllib3\urllib3\connectionpool.py", line 289, in _validate_conn
    conn.connect()
  File "C:\Users\Habte\AppData\Local\Programs\Python\Python311\Lib\site-packages\telegram\vendor\ptb_urllib3\urllib3\connection.py", line 284, in connect
    conn = self._new_conn()
           ^^^^^^^^^^^^^^^^
  File "C:\Users\Habte\AppData\Local\Programs\Python\Python311\Lib\site-packages\telegram\vendor\ptb_urllib3\urllib3\connection.py", line 149, in _new_conn
    raise NewConnectionError(
telegram.vendor.ptb_urllib3.urllib3.exceptions.NewConnectionError: <telegram.vendor.ptb_urllib3.urllib3.connection.VerifiedHTTPSConnection object at 0x000002A2DAE1B190>: Failed to establish a new connection: [Errno 11001] getaddrinfo failed

During handling of the above exception, another exception occurred:

Traceback (most recent call last):
  File "C:\Users\Habte\AppData\Local\Programs\Python\Python311\Lib\site-packages\telegram\utils\request.py", line 259, in _request_wrapper
    resp = self._con_pool.request(*args, **kwargs)
           ^^^^^^^^^^^^^^^^^^^^^^^^^^^^^^^^^^^^^^^
  File "C:\Users\Habte\AppData\Local\Programs\Python\Python311\Lib\site-packages\telegram\vendor\ptb_urllib3\urllib3\request.py", line 68, in request
    return self.request_encode_body(method, url, fields=fields,
           ^^^^^^^^^^^^^^^^^^^^^^^^^^^^^^^^^^^^^^^^^^^^^^^^^^^^
  File "C:\Users\Habte\AppData\Local\Programs\Python\Python311\Lib\site-packages\telegram\vendor\ptb_urllib3\urllib3\request.py", line 148, in request_encode_body
    return self.urlopen(method, url, **extra_kw)
           ^^^^^^^^^^^^^^^^^^^^^^^^^^^^^^^^^^^^^
  File "C:\Users\Habte\AppData\Local\Programs\Python\Python311\Lib\site-packages\telegram\vendor\ptb_urllib3\urllib3\poolmanager.py", line 244, in urlopen
    response = conn.urlopen(method, u.request_uri, **kw)
               ^^^^^^^^^^^^^^^^^^^^^^^^^^^^^^^^^^^^^^^^^
  File "C:\Users\Habte\AppData\Local\Programs\Python\Python311\Lib\site-packages\telegram\vendor\ptb_urllib3\urllib3\connectionpool.py", line 691, in urlopen
    return self.urlopen(method, url, body, headers, retries,
           ^^^^^^^^^^^^^^^^^^^^^^^^^^^^^^^^^^^^^^^^^^^^^^^^^
  File "C:\Users\Habte\AppData\Local\Programs\Python\Python311\Lib\site-packages\telegram\vendor\ptb_urllib3\urllib3\connectionpool.py", line 691, in urlopen
    return self.urlopen(method, url, body, headers, retries,
           ^^^^^^^^^^^^^^^^^^^^^^^^^^^^^^^^^^^^^^^^^^^^^^^^^
  File "C:\Users\Habte\AppData\Local\Programs\Python\Python311\Lib\site-packages\telegram\vendor\ptb_urllib3\urllib3\connectionpool.py", line 691, in urlopen
    return self.urlopen(method, url, body, headers, retries,
           ^^^^^^^^^^^^^^^^^^^^^^^^^^^^^^^^^^^^^^^^^^^^^^^^^
  File "C:\Users\Habte\AppData\Local\Programs\Python\Python311\Lib\site-packages\telegram\vendor\ptb_urllib3\urllib3\connectionpool.py", line 665, in urlopen
    retries = retries.increment(method, url, error=e, _pool=self,
              ^^^^^^^^^^^^^^^^^^^^^^^^^^^^^^^^^^^^^^^^^^^^^^^^^^^
  File "C:\Users\Habte\AppData\Local\Programs\Python\Python311\Lib\site-packages\telegram\vendor\ptb_urllib3\urllib3\util\retry.py", line 376, in increment
    raise MaxRetryError(_pool, url, error or ResponseError(cause))
telegram.vendor.ptb_urllib3.urllib3.exceptions.MaxRetryError: HTTPSConnectionPool(host='api.telegram.org', port=443): Max retries exceeded with url: /bot6685183482:AAH6q7gWdUm5ZYYAbhoqDh0tqHIXcrjGSPw/sendMessage (Caused by NewConnectionError('<telegram.vendor.ptb_urllib3.urllib3.connection.VerifiedHTTPSConnection object at 0x000002A2DAE1B190>: Failed to establish a new connection: [Errno 11001] getaddrinfo failed'))

The above exception was the direct cause of the following exception:

Traceback (most recent call last):
  File "C:\Users\Habte\AppData\Local\Programs\Python\Python311\Lib\site-packages\telegram\ext\dispatcher.py", line 538, in process_update
    self.dispatch_error(None, update)
  File "C:\Users\Habte\AppData\Local\Programs\Python\Python311\Lib\site-packages\telegram\ext\dispatcher.py", line 813, in dispatch_error
    callback(update, context)
  File "c:\Users\Habte\Desktop\IssueNotified\app.py", line 356, in handle_error
    updater.bot.send_message(chat_id=DEVELOPER_ID, text='An error occurred in the IssueNotified bot: \n{}'.format(context.error))
  File "C:\Users\Habte\AppData\Local\Programs\Python\Python311\Lib\site-packages\telegram\bot.py", line 133, in decorator
    result = func(*args, **kwargs)
             ^^^^^^^^^^^^^^^^^^^^^
  File "C:\Users\Habte\AppData\Local\Programs\Python\Python311\Lib\site-packages\telegram\bot.py", line 525, in send_message
    return self._message(  # type: ignore[return-value]
           ^^^^^^^^^^^^^^^^^^^^^^^^^^^^^^^^^^^^^^^^^^^^
  File "C:\Users\Habte\AppData\Local\Programs\Python\Python311\Lib\site-packages\telegram\ext\extbot.py", line 202, in _message
    result = super()._message(
             ^^^^^^^^^^^^^^^^^
  File "C:\Users\Habte\AppData\Local\Programs\Python\Python311\Lib\site-packages\telegram\bot.py", line 339, in _message
    result = self._post(endpoint, data, timeout=timeout, api_kwargs=api_kwargs)
             ^^^^^^^^^^^^^^^^^^^^^^^^^^^^^^^^^^^^^^^^^^^^^^^^^^^^^^^^^^^^^^^^^^
  File "C:\Users\Habte\AppData\Local\Programs\Python\Python311\Lib\site-packages\telegram\bot.py", line 298, in _post
    return self.request.post(
           ^^^^^^^^^^^^^^^^^^
  File "C:\Users\Habte\AppData\Local\Programs\Python\Python311\Lib\site-packages\telegram\utils\request.py", line 361, in post
    result = self._request_wrapper(
             ^^^^^^^^^^^^^^^^^^^^^^
  File "C:\Users\Habte\AppData\Local\Programs\Python\Python311\Lib\site-packages\telegram\utils\request.py", line 265, in _request_wrapper
    raise NetworkError(f'urllib3 HTTPError {error}') from error
telegram.error.NetworkError: urllib3 HTTPError HTTPSConnectionPool(host='api.telegram.org', port=443): Max retries exceeded with url: /bot6685183482:AAH6q7gWdUm5ZYYAbhoqDh0tqHIXcrjGSPw/sendMessage (Caused by NewConnectionError('<telegram.vendor.ptb_urllib3.urllib3.connection.VerifiedHTTPSConnection object at 0x000002A2DAE1B190>: Failed to establish a new connection: [Errno 11001] getaddrinfo failed'))
2023-10-07 00:01:38,187:telegram.bot:DEBUG:  Entering: get_updates
2023-10-07 00:01:38,187:telegram.vendor.ptb_urllib3.urllib3.connectionpool:WARNING:  Retrying (Retry(total=2, connect=None, read=None, redirect=None)) after connection broken by 'NewConnectionError('<telegram.vendor.ptb_urllib3.urllib3.connection.VerifiedHTTPSConnection object at 0x000002A2D9CC1450>: Failed to establish a new connection: [Errno 11001] getaddrinfo failed')': /bot6685183482:AAH6q7gWdUm5ZYYAbhoqDh0tqHIXcrjGSPw/getUpdates
2023-10-07 00:01:38,187:telegram.vendor.ptb_urllib3.urllib3.connectionpool:WARNING:  Retrying (Retry(total=1, connect=None, read=None, redirect=None)) after connection broken by 'NewConnectionError('<telegram.vendor.ptb_urllib3.urllib3.connection.VerifiedHTTPSConnection object at 0x000002A2D9BE11D0>: Failed to establish a new connection: [Errno 11001] getaddrinfo failed')': /bot6685183482:AAH6q7gWdUm5ZYYAbhoqDh0tqHIXcrjGSPw/getUpdates
2023-10-07 00:01:38,203:telegram.vendor.ptb_urllib3.urllib3.connectionpool:WARNING:  Retrying (Retry(total=0, connect=None, read=None, redirect=None)) after connection broken by 'NewConnectionError('<telegram.vendor.ptb_urllib3.urllib3.connection.VerifiedHTTPSConnection object at 0x000002A2DAE12A50>: Failed to establish a new connection: [Errno 11001] getaddrinfo failed')': /bot6685183482:AAH6q7gWdUm5ZYYAbhoqDh0tqHIXcrjGSPw/getUpdates
2023-10-07 00:01:38,203:telegram.ext.updater:ERROR:  Error while getting Updates: urllib3 HTTPError HTTPSConnectionPool(host='api.telegram.org', port=443): Max retries exceeded with url: /bot6685183482:AAH6q7gWdUm5ZYYAbhoqDh0tqHIXcrjGSPw/getUpdates (Caused by NewConnectionError('<telegram.vendor.ptb_urllib3.urllib3.connection.VerifiedHTTPSConnection object at 0x000002A2DAE12350>: Failed to establish a new connection: [Errno 11001] getaddrinfo failed'))
2023-10-07 00:01:38,203:telegram.ext.dispatcher:DEBUG:  Processing Update: urllib3 HTTPError HTTPSConnectionPool(host='api.telegram.org', port=443): Max retries exceeded with url: /bot6685183482:AAH6q7gWdUm5ZYYAbhoqDh0tqHIXcrjGSPw/getUpdates (Caused by NewConnectionError('<telegram.vendor.ptb_urllib3.urllib3.connection.VerifiedHTTPSConnection object at 0x000002A2DAE12350>: Failed to establish a new connection: [Errno 11001] getaddrinfo failed'))
2023-10-07 00:01:38,203:__main__:ERROR:  urllib3 HTTPError HTTPSConnectionPool(host='api.telegram.org', port=443): Max retries exceeded with url: /bot6685183482:AAH6q7gWdUm5ZYYAbhoqDh0tqHIXcrjGSPw/getUpdates (Caused by NewConnectionError('<telegram.vendor.ptb_urllib3.urllib3.connection.VerifiedHTTPSConnection object at 0x000002A2DAE12350>: Failed to establish a new connection: [Errno 11001] getaddrinfo failed'))
NoneType: None
2023-10-07 00:01:38,203:telegram.bot:DEBUG:  Entering: send_message
2023-10-07 00:01:38,219:telegram.vendor.ptb_urllib3.urllib3.connectionpool:WARNING:  Retrying (Retry(total=2, connect=None, read=None, redirect=None)) after connection broken by 'NewConnectionError('<telegram.vendor.ptb_urllib3.urllib3.connection.VerifiedHTTPSConnection object at 0x000002A2DAE11C50>: Failed to establish a new connection: [Errno 11001] getaddrinfo failed')': /bot6685183482:AAH6q7gWdUm5ZYYAbhoqDh0tqHIXcrjGSPw/sendMessage
2023-10-07 00:01:38,219:telegram.vendor.ptb_urllib3.urllib3.connectionpool:WARNING:  Retrying (Retry(total=1, connect=None, read=None, redirect=None)) after connection broken by 'NewConnectionError('<telegram.vendor.ptb_urllib3.urllib3.connection.VerifiedHTTPSConnection object at 0x000002A2DAE11510>: Failed to establish a new connection: [Errno 11001] getaddrinfo failed')': /bot6685183482:AAH6q7gWdUm5ZYYAbhoqDh0tqHIXcrjGSPw/sendMessage
2023-10-07 00:01:38,219:telegram.vendor.ptb_urllib3.urllib3.connectionpool:WARNING:  Retrying (Retry(total=0, connect=None, read=None, redirect=None)) after connection broken by 'NewConnectionError('<telegram.vendor.ptb_urllib3.urllib3.connection.VerifiedHTTPSConnection object at 0x000002A2DAE106D0>: Failed to establish a new connection: [Errno 11001] getaddrinfo failed')': /bot6685183482:AAH6q7gWdUm5ZYYAbhoqDh0tqHIXcrjGSPw/sendMessage
2023-10-07 00:01:38,219:telegram.ext.dispatcher:ERROR:  An uncaught error was raised while handling the error.
Traceback (most recent call last):
  File "C:\Users\Habte\AppData\Local\Programs\Python\Python311\Lib\site-packages\telegram\vendor\ptb_urllib3\urllib3\connection.py", line 140, in _new_conn
    conn = connection.create_connection(
           ^^^^^^^^^^^^^^^^^^^^^^^^^^^^^
  File "C:\Users\Habte\AppData\Local\Programs\Python\Python311\Lib\site-packages\telegram\vendor\ptb_urllib3\urllib3\util\connection.py", line 60, in create_connection
    for res in socket.getaddrinfo(host, port, family, socket.SOCK_STREAM):
               ^^^^^^^^^^^^^^^^^^^^^^^^^^^^^^^^^^^^^^^^^^^^^^^^^^^^^^^^^^
  File "C:\Users\Habte\AppData\Local\Programs\Python\Python311\Lib\socket.py", line 962, in getaddrinfo
    for res in _socket.getaddrinfo(host, port, family, type, proto, flags):
               ^^^^^^^^^^^^^^^^^^^^^^^^^^^^^^^^^^^^^^^^^^^^^^^^^^^^^^^^^^^
socket.gaierror: [Errno 11001] getaddrinfo failed

During handling of the above exception, another exception occurred:

Traceback (most recent call last):
  File "C:\Users\Habte\AppData\Local\Programs\Python\Python311\Lib\site-packages\telegram\vendor\ptb_urllib3\urllib3\connectionpool.py", line 614, in urlopen
    httplib_response = self._make_request(conn, method, url,
                       ^^^^^^^^^^^^^^^^^^^^^^^^^^^^^^^^^^^^^
  File "C:\Users\Habte\AppData\Local\Programs\Python\Python311\Lib\site-packages\telegram\vendor\ptb_urllib3\urllib3\connectionpool.py", line 360, in _make_request
    self._validate_conn(conn)
  File "C:\Users\Habte\AppData\Local\Programs\Python\Python311\Lib\site-packages\telegram\vendor\ptb_urllib3\urllib3\connectionpool.py", line 857, in _validate_conn
    super(HTTPSConnectionPool, self)._validate_conn(conn)
  File "C:\Users\Habte\AppData\Local\Programs\Python\Python311\Lib\site-packages\telegram\vendor\ptb_urllib3\urllib3\connectionpool.py", line 289, in _validate_conn
    conn.connect()
  File "C:\Users\Habte\AppData\Local\Programs\Python\Python311\Lib\site-packages\telegram\vendor\ptb_urllib3\urllib3\connection.py", line 284, in connect
    conn = self._new_conn()
           ^^^^^^^^^^^^^^^^
  File "C:\Users\Habte\AppData\Local\Programs\Python\Python311\Lib\site-packages\telegram\vendor\ptb_urllib3\urllib3\connection.py", line 149, in _new_conn
    raise NewConnectionError(
telegram.vendor.ptb_urllib3.urllib3.exceptions.NewConnectionError: <telegram.vendor.ptb_urllib3.urllib3.connection.VerifiedHTTPSConnection object at 0x000002A2D9C4F110>: Failed to establish a new connection: [Errno 11001] getaddrinfo failed

During handling of the above exception, another exception occurred:

Traceback (most recent call last):
  File "C:\Users\Habte\AppData\Local\Programs\Python\Python311\Lib\site-packages\telegram\utils\request.py", line 259, in _request_wrapper
    resp = self._con_pool.request(*args, **kwargs)
           ^^^^^^^^^^^^^^^^^^^^^^^^^^^^^^^^^^^^^^^
  File "C:\Users\Habte\AppData\Local\Programs\Python\Python311\Lib\site-packages\telegram\vendor\ptb_urllib3\urllib3\request.py", line 68, in request
    return self.request_encode_body(method, url, fields=fields,
           ^^^^^^^^^^^^^^^^^^^^^^^^^^^^^^^^^^^^^^^^^^^^^^^^^^^^
  File "C:\Users\Habte\AppData\Local\Programs\Python\Python311\Lib\site-packages\telegram\vendor\ptb_urllib3\urllib3\request.py", line 148, in request_encode_body
    return self.urlopen(method, url, **extra_kw)
           ^^^^^^^^^^^^^^^^^^^^^^^^^^^^^^^^^^^^^
  File "C:\Users\Habte\AppData\Local\Programs\Python\Python311\Lib\site-packages\telegram\vendor\ptb_urllib3\urllib3\poolmanager.py", line 244, in urlopen
    response = conn.urlopen(method, u.request_uri, **kw)
               ^^^^^^^^^^^^^^^^^^^^^^^^^^^^^^^^^^^^^^^^^
  File "C:\Users\Habte\AppData\Local\Programs\Python\Python311\Lib\site-packages\telegram\vendor\ptb_urllib3\urllib3\connectionpool.py", line 691, in urlopen
    return self.urlopen(method, url, body, headers, retries,
           ^^^^^^^^^^^^^^^^^^^^^^^^^^^^^^^^^^^^^^^^^^^^^^^^^
  File "C:\Users\Habte\AppData\Local\Programs\Python\Python311\Lib\site-packages\telegram\vendor\ptb_urllib3\urllib3\connectionpool.py", line 691, in urlopen
    return self.urlopen(method, url, body, headers, retries,
           ^^^^^^^^^^^^^^^^^^^^^^^^^^^^^^^^^^^^^^^^^^^^^^^^^
  File "C:\Users\Habte\AppData\Local\Programs\Python\Python311\Lib\site-packages\telegram\vendor\ptb_urllib3\urllib3\connectionpool.py", line 691, in urlopen
    return self.urlopen(method, url, body, headers, retries,
           ^^^^^^^^^^^^^^^^^^^^^^^^^^^^^^^^^^^^^^^^^^^^^^^^^
  File "C:\Users\Habte\AppData\Local\Programs\Python\Python311\Lib\site-packages\telegram\vendor\ptb_urllib3\urllib3\connectionpool.py", line 665, in urlopen
    retries = retries.increment(method, url, error=e, _pool=self,
              ^^^^^^^^^^^^^^^^^^^^^^^^^^^^^^^^^^^^^^^^^^^^^^^^^^^
  File "C:\Users\Habte\AppData\Local\Programs\Python\Python311\Lib\site-packages\telegram\vendor\ptb_urllib3\urllib3\util\retry.py", line 376, in increment
    raise MaxRetryError(_pool, url, error or ResponseError(cause))
telegram.vendor.ptb_urllib3.urllib3.exceptions.MaxRetryError: HTTPSConnectionPool(host='api.telegram.org', port=443): Max retries exceeded with url: /bot6685183482:AAH6q7gWdUm5ZYYAbhoqDh0tqHIXcrjGSPw/sendMessage (Caused by NewConnectionError('<telegram.vendor.ptb_urllib3.urllib3.connection.VerifiedHTTPSConnection object at 0x000002A2D9C4F110>: Failed to establish a new connection: [Errno 11001] getaddrinfo failed'))

The above exception was the direct cause of the following exception:

Traceback (most recent call last):
  File "C:\Users\Habte\AppData\Local\Programs\Python\Python311\Lib\site-packages\telegram\ext\dispatcher.py", line 538, in process_update
    self.dispatch_error(None, update)
  File "C:\Users\Habte\AppData\Local\Programs\Python\Python311\Lib\site-packages\telegram\ext\dispatcher.py", line 813, in dispatch_error
    callback(update, context)
  File "c:\Users\Habte\Desktop\IssueNotified\app.py", line 356, in handle_error
    updater.bot.send_message(chat_id=DEVELOPER_ID, text='An error occurred in the IssueNotified bot: \n{}'.format(context.error))
  File "C:\Users\Habte\AppData\Local\Programs\Python\Python311\Lib\site-packages\telegram\bot.py", line 133, in decorator
    result = func(*args, **kwargs)
             ^^^^^^^^^^^^^^^^^^^^^
  File "C:\Users\Habte\AppData\Local\Programs\Python\Python311\Lib\site-packages\telegram\bot.py", line 525, in send_message
    return self._message(  # type: ignore[return-value]
           ^^^^^^^^^^^^^^^^^^^^^^^^^^^^^^^^^^^^^^^^^^^^
  File "C:\Users\Habte\AppData\Local\Programs\Python\Python311\Lib\site-packages\telegram\ext\extbot.py", line 202, in _message
    result = super()._message(
             ^^^^^^^^^^^^^^^^^
  File "C:\Users\Habte\AppData\Local\Programs\Python\Python311\Lib\site-packages\telegram\bot.py", line 339, in _message
    result = self._post(endpoint, data, timeout=timeout, api_kwargs=api_kwargs)
             ^^^^^^^^^^^^^^^^^^^^^^^^^^^^^^^^^^^^^^^^^^^^^^^^^^^^^^^^^^^^^^^^^^
  File "C:\Users\Habte\AppData\Local\Programs\Python\Python311\Lib\site-packages\telegram\bot.py", line 298, in _post
    return self.request.post(
           ^^^^^^^^^^^^^^^^^^
  File "C:\Users\Habte\AppData\Local\Programs\Python\Python311\Lib\site-packages\telegram\utils\request.py", line 361, in post
    result = self._request_wrapper(
             ^^^^^^^^^^^^^^^^^^^^^^
  File "C:\Users\Habte\AppData\Local\Programs\Python\Python311\Lib\site-packages\telegram\utils\request.py", line 265, in _request_wrapper
    raise NetworkError(f'urllib3 HTTPError {error}') from error
telegram.error.NetworkError: urllib3 HTTPError HTTPSConnectionPool(host='api.telegram.org', port=443): Max retries exceeded with url: /bot6685183482:AAH6q7gWdUm5ZYYAbhoqDh0tqHIXcrjGSPw/sendMessage (Caused by NewConnectionError('<telegram.vendor.ptb_urllib3.urllib3.connection.VerifiedHTTPSConnection object at 0x000002A2D9C4F110>: Failed to establish a new connection: [Errno 11001] getaddrinfo failed'))
2023-10-07 00:01:43,272:telegram.bot:DEBUG:  Entering: get_updates
2023-10-07 00:01:43,272:telegram.vendor.ptb_urllib3.urllib3.connectionpool:WARNING:  Retrying (Retry(total=2, connect=None, read=None, redirect=None)) after connection broken by 'NewConnectionError('<telegram.vendor.ptb_urllib3.urllib3.connection.VerifiedHTTPSConnection object at 0x000002A2D9C4D510>: Failed to establish a new connection: [Errno 11001] getaddrinfo failed')': /bot6685183482:AAH6q7gWdUm5ZYYAbhoqDh0tqHIXcrjGSPw/getUpdates
2023-10-07 00:01:43,272:telegram.vendor.ptb_urllib3.urllib3.connectionpool:WARNING:  Retrying (Retry(total=1, connect=None, read=None, redirect=None)) after connection broken by 'NewConnectionError('<telegram.vendor.ptb_urllib3.urllib3.connection.VerifiedHTTPSConnection object at 0x000002A2D9C4F950>: Failed to establish a new connection: [Errno 11001] getaddrinfo failed')': /bot6685183482:AAH6q7gWdUm5ZYYAbhoqDh0tqHIXcrjGSPw/getUpdates
2023-10-07 00:01:43,272:telegram.vendor.ptb_urllib3.urllib3.connectionpool:WARNING:  Retrying (Retry(total=0, connect=None, read=None, redirect=None)) after connection broken by 'NewConnectionError('<telegram.vendor.ptb_urllib3.urllib3.connection.VerifiedHTTPSConnection object at 0x000002A2DAE1B2D0>: Failed to establish a new connection: [Errno 11001] getaddrinfo failed')': /bot6685183482:AAH6q7gWdUm5ZYYAbhoqDh0tqHIXcrjGSPw/getUpdates
2023-10-07 00:01:43,272:telegram.ext.updater:ERROR:  Error while getting Updates: urllib3 HTTPError HTTPSConnectionPool(host='api.telegram.org', port=443): Max retries exceeded with url: /bot6685183482:AAH6q7gWdUm5ZYYAbhoqDh0tqHIXcrjGSPw/getUpdates (Caused by NewConnectionError('<telegram.vendor.ptb_urllib3.urllib3.connection.VerifiedHTTPSConnection object at 0x000002A2DAE1B710>: Failed to establish a new connection: [Errno 11001] getaddrinfo failed'))
2023-10-07 00:01:43,272:telegram.ext.dispatcher:DEBUG:  Processing Update: urllib3 HTTPError HTTPSConnectionPool(host='api.telegram.org', port=443): Max retries exceeded with url: /bot6685183482:AAH6q7gWdUm5ZYYAbhoqDh0tqHIXcrjGSPw/getUpdates (Caused by NewConnectionError('<telegram.vendor.ptb_urllib3.urllib3.connection.VerifiedHTTPSConnection object at 0x000002A2DAE1B710>: Failed to establish a new connection: [Errno 11001] getaddrinfo failed'))
2023-10-07 00:01:43,272:__main__:ERROR:  urllib3 HTTPError HTTPSConnectionPool(host='api.telegram.org', port=443): Max retries exceeded with url: /bot6685183482:AAH6q7gWdUm5ZYYAbhoqDh0tqHIXcrjGSPw/getUpdates (Caused by NewConnectionError('<telegram.vendor.ptb_urllib3.urllib3.connection.VerifiedHTTPSConnection object at 0x000002A2DAE1B710>: Failed to establish a new connection: [Errno 11001] getaddrinfo failed'))
NoneType: None
2023-10-07 00:01:43,272:telegram.bot:DEBUG:  Entering: send_message
2023-10-07 00:01:43,272:telegram.vendor.ptb_urllib3.urllib3.connectionpool:WARNING:  Retrying (Retry(total=2, connect=None, read=None, redirect=None)) after connection broken by 'NewConnectionError('<telegram.vendor.ptb_urllib3.urllib3.connection.VerifiedHTTPSConnection object at 0x000002A2DAE2C210>: Failed to establish a new connection: [Errno 11001] getaddrinfo failed')': /bot6685183482:AAH6q7gWdUm5ZYYAbhoqDh0tqHIXcrjGSPw/sendMessage
2023-10-07 00:01:43,272:telegram.vendor.ptb_urllib3.urllib3.connectionpool:WARNING:  Retrying (Retry(total=1, connect=None, read=None, redirect=None)) after connection broken by 'NewConnectionError('<telegram.vendor.ptb_urllib3.urllib3.connection.VerifiedHTTPSConnection object at 0x000002A2DAE2C790>: Failed to establish a new connection: [Errno 11001] getaddrinfo failed')': /bot6685183482:AAH6q7gWdUm5ZYYAbhoqDh0tqHIXcrjGSPw/sendMessage
2023-10-07 00:01:43,272:telegram.vendor.ptb_urllib3.urllib3.connectionpool:WARNING:  Retrying (Retry(total=0, connect=None, read=None, redirect=None)) after connection broken by 'NewConnectionError('<telegram.vendor.ptb_urllib3.urllib3.connection.VerifiedHTTPSConnection object at 0x000002A2DAE2CDD0>: Failed to establish a new connection: [Errno 11001] getaddrinfo failed')': /bot6685183482:AAH6q7gWdUm5ZYYAbhoqDh0tqHIXcrjGSPw/sendMessage
2023-10-07 00:01:43,272:telegram.ext.dispatcher:ERROR:  An uncaught error was raised while handling the error.
Traceback (most recent call last):
  File "C:\Users\Habte\AppData\Local\Programs\Python\Python311\Lib\site-packages\telegram\vendor\ptb_urllib3\urllib3\connection.py", line 140, in _new_conn
    conn = connection.create_connection(
           ^^^^^^^^^^^^^^^^^^^^^^^^^^^^^
  File "C:\Users\Habte\AppData\Local\Programs\Python\Python311\Lib\site-packages\telegram\vendor\ptb_urllib3\urllib3\util\connection.py", line 60, in create_connection
    for res in socket.getaddrinfo(host, port, family, socket.SOCK_STREAM):
               ^^^^^^^^^^^^^^^^^^^^^^^^^^^^^^^^^^^^^^^^^^^^^^^^^^^^^^^^^^
  File "C:\Users\Habte\AppData\Local\Programs\Python\Python311\Lib\socket.py", line 962, in getaddrinfo
    for res in _socket.getaddrinfo(host, port, family, type, proto, flags):
               ^^^^^^^^^^^^^^^^^^^^^^^^^^^^^^^^^^^^^^^^^^^^^^^^^^^^^^^^^^^
socket.gaierror: [Errno 11001] getaddrinfo failed

During handling of the above exception, another exception occurred:

Traceback (most recent call last):
  File "C:\Users\Habte\AppData\Local\Programs\Python\Python311\Lib\site-packages\telegram\vendor\ptb_urllib3\urllib3\connectionpool.py", line 614, in urlopen
    httplib_response = self._make_request(conn, method, url,
                       ^^^^^^^^^^^^^^^^^^^^^^^^^^^^^^^^^^^^^
  File "C:\Users\Habte\AppData\Local\Programs\Python\Python311\Lib\site-packages\telegram\vendor\ptb_urllib3\urllib3\connectionpool.py", line 360, in _make_request
    self._validate_conn(conn)
  File "C:\Users\Habte\AppData\Local\Programs\Python\Python311\Lib\site-packages\telegram\vendor\ptb_urllib3\urllib3\connectionpool.py", line 857, in _validate_conn
    super(HTTPSConnectionPool, self)._validate_conn(conn)
  File "C:\Users\Habte\AppData\Local\Programs\Python\Python311\Lib\site-packages\telegram\vendor\ptb_urllib3\urllib3\connectionpool.py", line 289, in _validate_conn
    conn.connect()
  File "C:\Users\Habte\AppData\Local\Programs\Python\Python311\Lib\site-packages\telegram\vendor\ptb_urllib3\urllib3\connection.py", line 284, in connect
    conn = self._new_conn()
           ^^^^^^^^^^^^^^^^
  File "C:\Users\Habte\AppData\Local\Programs\Python\Python311\Lib\site-packages\telegram\vendor\ptb_urllib3\urllib3\connection.py", line 149, in _new_conn
    raise NewConnectionError(
telegram.vendor.ptb_urllib3.urllib3.exceptions.NewConnectionError: <telegram.vendor.ptb_urllib3.urllib3.connection.VerifiedHTTPSConnection object at 0x000002A2DAE2D450>: Failed to establish a new connection: [Errno 11001] getaddrinfo failed

During handling of the above exception, another exception occurred:

Traceback (most recent call last):
  File "C:\Users\Habte\AppData\Local\Programs\Python\Python311\Lib\site-packages\telegram\utils\request.py", line 259, in _request_wrapper
    resp = self._con_pool.request(*args, **kwargs)
           ^^^^^^^^^^^^^^^^^^^^^^^^^^^^^^^^^^^^^^^
  File "C:\Users\Habte\AppData\Local\Programs\Python\Python311\Lib\site-packages\telegram\vendor\ptb_urllib3\urllib3\request.py", line 68, in request
    return self.request_encode_body(method, url, fields=fields,
           ^^^^^^^^^^^^^^^^^^^^^^^^^^^^^^^^^^^^^^^^^^^^^^^^^^^^
  File "C:\Users\Habte\AppData\Local\Programs\Python\Python311\Lib\site-packages\telegram\vendor\ptb_urllib3\urllib3\request.py", line 148, in request_encode_body
    return self.urlopen(method, url, **extra_kw)
           ^^^^^^^^^^^^^^^^^^^^^^^^^^^^^^^^^^^^^
  File "C:\Users\Habte\AppData\Local\Programs\Python\Python311\Lib\site-packages\telegram\vendor\ptb_urllib3\urllib3\poolmanager.py", line 244, in urlopen
    response = conn.urlopen(method, u.request_uri, **kw)
               ^^^^^^^^^^^^^^^^^^^^^^^^^^^^^^^^^^^^^^^^^
  File "C:\Users\Habte\AppData\Local\Programs\Python\Python311\Lib\site-packages\telegram\vendor\ptb_urllib3\urllib3\connectionpool.py", line 691, in urlopen
    return self.urlopen(method, url, body, headers, retries,
           ^^^^^^^^^^^^^^^^^^^^^^^^^^^^^^^^^^^^^^^^^^^^^^^^^
  File "C:\Users\Habte\AppData\Local\Programs\Python\Python311\Lib\site-packages\telegram\vendor\ptb_urllib3\urllib3\connectionpool.py", line 691, in urlopen
    return self.urlopen(method, url, body, headers, retries,
           ^^^^^^^^^^^^^^^^^^^^^^^^^^^^^^^^^^^^^^^^^^^^^^^^^
  File "C:\Users\Habte\AppData\Local\Programs\Python\Python311\Lib\site-packages\telegram\vendor\ptb_urllib3\urllib3\connectionpool.py", line 691, in urlopen
    return self.urlopen(method, url, body, headers, retries,
           ^^^^^^^^^^^^^^^^^^^^^^^^^^^^^^^^^^^^^^^^^^^^^^^^^
  File "C:\Users\Habte\AppData\Local\Programs\Python\Python311\Lib\site-packages\telegram\vendor\ptb_urllib3\urllib3\connectionpool.py", line 665, in urlopen
    retries = retries.increment(method, url, error=e, _pool=self,
              ^^^^^^^^^^^^^^^^^^^^^^^^^^^^^^^^^^^^^^^^^^^^^^^^^^^
  File "C:\Users\Habte\AppData\Local\Programs\Python\Python311\Lib\site-packages\telegram\vendor\ptb_urllib3\urllib3\util\retry.py", line 376, in increment
    raise MaxRetryError(_pool, url, error or ResponseError(cause))
telegram.vendor.ptb_urllib3.urllib3.exceptions.MaxRetryError: HTTPSConnectionPool(host='api.telegram.org', port=443): Max retries exceeded with url: /bot6685183482:AAH6q7gWdUm5ZYYAbhoqDh0tqHIXcrjGSPw/sendMessage (Caused by NewConnectionError('<telegram.vendor.ptb_urllib3.urllib3.connection.VerifiedHTTPSConnection object at 0x000002A2DAE2D450>: Failed to establish a new connection: [Errno 11001] getaddrinfo failed'))

The above exception was the direct cause of the following exception:

Traceback (most recent call last):
  File "C:\Users\Habte\AppData\Local\Programs\Python\Python311\Lib\site-packages\telegram\ext\dispatcher.py", line 538, in process_update
    self.dispatch_error(None, update)
  File "C:\Users\Habte\AppData\Local\Programs\Python\Python311\Lib\site-packages\telegram\ext\dispatcher.py", line 813, in dispatch_error
    callback(update, context)
  File "c:\Users\Habte\Desktop\IssueNotified\app.py", line 356, in handle_error
    updater.bot.send_message(chat_id=DEVELOPER_ID, text='An error occurred in the IssueNotified bot: \n{}'.format(context.error))
  File "C:\Users\Habte\AppData\Local\Programs\Python\Python311\Lib\site-packages\telegram\bot.py", line 133, in decorator
    result = func(*args, **kwargs)
             ^^^^^^^^^^^^^^^^^^^^^
  File "C:\Users\Habte\AppData\Local\Programs\Python\Python311\Lib\site-packages\telegram\bot.py", line 525, in send_message
    return self._message(  # type: ignore[return-value]
           ^^^^^^^^^^^^^^^^^^^^^^^^^^^^^^^^^^^^^^^^^^^^
  File "C:\Users\Habte\AppData\Local\Programs\Python\Python311\Lib\site-packages\telegram\ext\extbot.py", line 202, in _message
    result = super()._message(
             ^^^^^^^^^^^^^^^^^
  File "C:\Users\Habte\AppData\Local\Programs\Python\Python311\Lib\site-packages\telegram\bot.py", line 339, in _message
    result = self._post(endpoint, data, timeout=timeout, api_kwargs=api_kwargs)
             ^^^^^^^^^^^^^^^^^^^^^^^^^^^^^^^^^^^^^^^^^^^^^^^^^^^^^^^^^^^^^^^^^^
  File "C:\Users\Habte\AppData\Local\Programs\Python\Python311\Lib\site-packages\telegram\bot.py", line 298, in _post
    return self.request.post(
           ^^^^^^^^^^^^^^^^^^
  File "C:\Users\Habte\AppData\Local\Programs\Python\Python311\Lib\site-packages\telegram\utils\request.py", line 361, in post
    result = self._request_wrapper(
             ^^^^^^^^^^^^^^^^^^^^^^
  File "C:\Users\Habte\AppData\Local\Programs\Python\Python311\Lib\site-packages\telegram\utils\request.py", line 265, in _request_wrapper
    raise NetworkError(f'urllib3 HTTPError {error}') from error
telegram.error.NetworkError: urllib3 HTTPError HTTPSConnectionPool(host='api.telegram.org', port=443): Max retries exceeded with url: /bot6685183482:AAH6q7gWdUm5ZYYAbhoqDh0tqHIXcrjGSPw/sendMessage (Caused by NewConnectionError('<telegram.vendor.ptb_urllib3.urllib3.connection.VerifiedHTTPSConnection object at 0x000002A2DAE2D450>: Failed to establish a new connection: [Errno 11001] getaddrinfo failed'))
2023-10-07 00:01:50,872:telegram.bot:DEBUG:  Entering: get_updates
2023-10-07 00:01:50,872:telegram.vendor.ptb_urllib3.urllib3.connectionpool:WARNING:  Retrying (Retry(total=2, connect=None, read=None, redirect=None)) after connection broken by 'NewConnectionError('<telegram.vendor.ptb_urllib3.urllib3.connection.VerifiedHTTPSConnection object at 0x000002A2DAE2D750>: Failed to establish a new connection: [Errno 11001] getaddrinfo failed')': /bot6685183482:AAH6q7gWdUm5ZYYAbhoqDh0tqHIXcrjGSPw/getUpdates
2023-10-07 00:01:50,872:telegram.vendor.ptb_urllib3.urllib3.connectionpool:WARNING:  Retrying (Retry(total=1, connect=None, read=None, redirect=None)) after connection broken by 'NewConnectionError('<telegram.vendor.ptb_urllib3.urllib3.connection.VerifiedHTTPSConnection object at 0x000002A2DAE2DD50>: Failed to establish a new connection: [Errno 11001] getaddrinfo failed')': /bot6685183482:AAH6q7gWdUm5ZYYAbhoqDh0tqHIXcrjGSPw/getUpdates
2023-10-07 00:01:50,872:telegram.vendor.ptb_urllib3.urllib3.connectionpool:WARNING:  Retrying (Retry(total=0, connect=None, read=None, redirect=None)) after connection broken by 'NewConnectionError('<telegram.vendor.ptb_urllib3.urllib3.connection.VerifiedHTTPSConnection object at 0x000002A2DAE2E850>: Failed to establish a new connection: [Errno 11001] getaddrinfo failed')': /bot6685183482:AAH6q7gWdUm5ZYYAbhoqDh0tqHIXcrjGSPw/getUpdates
2023-10-07 00:01:50,872:telegram.ext.updater:ERROR:  Error while getting Updates: urllib3 HTTPError HTTPSConnectionPool(host='api.telegram.org', port=443): Max retries exceeded with url: /bot6685183482:AAH6q7gWdUm5ZYYAbhoqDh0tqHIXcrjGSPw/getUpdates (Caused by NewConnectionError('<telegram.vendor.ptb_urllib3.urllib3.connection.VerifiedHTTPSConnection object at 0x000002A2DAE2EF10>: Failed to establish a new connection: [Errno 11001] getaddrinfo failed'))
2023-10-07 00:01:50,872:telegram.ext.dispatcher:DEBUG:  Processing Update: urllib3 HTTPError HTTPSConnectionPool(host='api.telegram.org', port=443): Max retries exceeded with url: /bot6685183482:AAH6q7gWdUm5ZYYAbhoqDh0tqHIXcrjGSPw/getUpdates (Caused by NewConnectionError('<telegram.vendor.ptb_urllib3.urllib3.connection.VerifiedHTTPSConnection object at 0x000002A2DAE2EF10>: Failed to establish a new connection: [Errno 11001] getaddrinfo failed'))
2023-10-07 00:01:50,872:__main__:ERROR:  urllib3 HTTPError HTTPSConnectionPool(host='api.telegram.org', port=443): Max retries exceeded with url: /bot6685183482:AAH6q7gWdUm5ZYYAbhoqDh0tqHIXcrjGSPw/getUpdates (Caused by NewConnectionError('<telegram.vendor.ptb_urllib3.urllib3.connection.VerifiedHTTPSConnection object at 0x000002A2DAE2EF10>: Failed to establish a new connection: [Errno 11001] getaddrinfo failed'))
NoneType: None
2023-10-07 00:01:50,872:telegram.bot:DEBUG:  Entering: send_message
2023-10-07 00:01:50,872:telegram.vendor.ptb_urllib3.urllib3.connectionpool:WARNING:  Retrying (Retry(total=2, connect=None, read=None, redirect=None)) after connection broken by 'NewConnectionError('<telegram.vendor.ptb_urllib3.urllib3.connection.VerifiedHTTPSConnection object at 0x000002A2DAE1BAD0>: Failed to establish a new connection: [Errno 11001] getaddrinfo failed')': /bot6685183482:AAH6q7gWdUm5ZYYAbhoqDh0tqHIXcrjGSPw/sendMessage
2023-10-07 00:01:50,872:telegram.vendor.ptb_urllib3.urllib3.connectionpool:WARNING:  Retrying (Retry(total=1, connect=None, read=None, redirect=None)) after connection broken by 'NewConnectionError('<telegram.vendor.ptb_urllib3.urllib3.connection.VerifiedHTTPSConnection object at 0x000002A2DAE1BBD0>: Failed to establish a new connection: [Errno 11001] getaddrinfo failed')': /bot6685183482:AAH6q7gWdUm5ZYYAbhoqDh0tqHIXcrjGSPw/sendMessage
2023-10-07 00:01:50,872:telegram.vendor.ptb_urllib3.urllib3.connectionpool:WARNING:  Retrying (Retry(total=0, connect=None, read=None, redirect=None)) after connection broken by 'NewConnectionError('<telegram.vendor.ptb_urllib3.urllib3.connection.VerifiedHTTPSConnection object at 0x000002A2D9CAB0D0>: Failed to establish a new connection: [Errno 11001] getaddrinfo failed')': /bot6685183482:AAH6q7gWdUm5ZYYAbhoqDh0tqHIXcrjGSPw/sendMessage
2023-10-07 00:01:50,872:telegram.ext.dispatcher:ERROR:  An uncaught error was raised while handling the error.
Traceback (most recent call last):
  File "C:\Users\Habte\AppData\Local\Programs\Python\Python311\Lib\site-packages\telegram\vendor\ptb_urllib3\urllib3\connection.py", line 140, in _new_conn
    conn = connection.create_connection(
           ^^^^^^^^^^^^^^^^^^^^^^^^^^^^^
  File "C:\Users\Habte\AppData\Local\Programs\Python\Python311\Lib\site-packages\telegram\vendor\ptb_urllib3\urllib3\util\connection.py", line 60, in create_connection
    for res in socket.getaddrinfo(host, port, family, socket.SOCK_STREAM):
               ^^^^^^^^^^^^^^^^^^^^^^^^^^^^^^^^^^^^^^^^^^^^^^^^^^^^^^^^^^
  File "C:\Users\Habte\AppData\Local\Programs\Python\Python311\Lib\socket.py", line 962, in getaddrinfo
    for res in _socket.getaddrinfo(host, port, family, type, proto, flags):
               ^^^^^^^^^^^^^^^^^^^^^^^^^^^^^^^^^^^^^^^^^^^^^^^^^^^^^^^^^^^
socket.gaierror: [Errno 11001] getaddrinfo failed

During handling of the above exception, another exception occurred:

Traceback (most recent call last):
  File "C:\Users\Habte\AppData\Local\Programs\Python\Python311\Lib\site-packages\telegram\vendor\ptb_urllib3\urllib3\connectionpool.py", line 614, in urlopen
    httplib_response = self._make_request(conn, method, url,
                       ^^^^^^^^^^^^^^^^^^^^^^^^^^^^^^^^^^^^^
  File "C:\Users\Habte\AppData\Local\Programs\Python\Python311\Lib\site-packages\telegram\vendor\ptb_urllib3\urllib3\connectionpool.py", line 360, in _make_request
    self._validate_conn(conn)
  File "C:\Users\Habte\AppData\Local\Programs\Python\Python311\Lib\site-packages\telegram\vendor\ptb_urllib3\urllib3\connectionpool.py", line 857, in _validate_conn
    super(HTTPSConnectionPool, self)._validate_conn(conn)
  File "C:\Users\Habte\AppData\Local\Programs\Python\Python311\Lib\site-packages\telegram\vendor\ptb_urllib3\urllib3\connectionpool.py", line 289, in _validate_conn
    conn.connect()
  File "C:\Users\Habte\AppData\Local\Programs\Python\Python311\Lib\site-packages\telegram\vendor\ptb_urllib3\urllib3\connection.py", line 284, in connect
    conn = self._new_conn()
           ^^^^^^^^^^^^^^^^
  File "C:\Users\Habte\AppData\Local\Programs\Python\Python311\Lib\site-packages\telegram\vendor\ptb_urllib3\urllib3\connection.py", line 149, in _new_conn
    raise NewConnectionError(
telegram.vendor.ptb_urllib3.urllib3.exceptions.NewConnectionError: <telegram.vendor.ptb_urllib3.urllib3.connection.VerifiedHTTPSConnection object at 0x000002A2DAE1B210>: Failed to establish a new connection: [Errno 11001] getaddrinfo failed

During handling of the above exception, another exception occurred:

Traceback (most recent call last):
  File "C:\Users\Habte\AppData\Local\Programs\Python\Python311\Lib\site-packages\telegram\utils\request.py", line 259, in _request_wrapper
    resp = self._con_pool.request(*args, **kwargs)
           ^^^^^^^^^^^^^^^^^^^^^^^^^^^^^^^^^^^^^^^
  File "C:\Users\Habte\AppData\Local\Programs\Python\Python311\Lib\site-packages\telegram\vendor\ptb_urllib3\urllib3\request.py", line 68, in request
    return self.request_encode_body(method, url, fields=fields,
           ^^^^^^^^^^^^^^^^^^^^^^^^^^^^^^^^^^^^^^^^^^^^^^^^^^^^
  File "C:\Users\Habte\AppData\Local\Programs\Python\Python311\Lib\site-packages\telegram\vendor\ptb_urllib3\urllib3\request.py", line 148, in request_encode_body
    return self.urlopen(method, url, **extra_kw)
           ^^^^^^^^^^^^^^^^^^^^^^^^^^^^^^^^^^^^^
  File "C:\Users\Habte\AppData\Local\Programs\Python\Python311\Lib\site-packages\telegram\vendor\ptb_urllib3\urllib3\poolmanager.py", line 244, in urlopen
    response = conn.urlopen(method, u.request_uri, **kw)
               ^^^^^^^^^^^^^^^^^^^^^^^^^^^^^^^^^^^^^^^^^
  File "C:\Users\Habte\AppData\Local\Programs\Python\Python311\Lib\site-packages\telegram\vendor\ptb_urllib3\urllib3\connectionpool.py", line 691, in urlopen
    return self.urlopen(method, url, body, headers, retries,
           ^^^^^^^^^^^^^^^^^^^^^^^^^^^^^^^^^^^^^^^^^^^^^^^^^
  File "C:\Users\Habte\AppData\Local\Programs\Python\Python311\Lib\site-packages\telegram\vendor\ptb_urllib3\urllib3\connectionpool.py", line 691, in urlopen
    return self.urlopen(method, url, body, headers, retries,
           ^^^^^^^^^^^^^^^^^^^^^^^^^^^^^^^^^^^^^^^^^^^^^^^^^
  File "C:\Users\Habte\AppData\Local\Programs\Python\Python311\Lib\site-packages\telegram\vendor\ptb_urllib3\urllib3\connectionpool.py", line 691, in urlopen
    return self.urlopen(method, url, body, headers, retries,
           ^^^^^^^^^^^^^^^^^^^^^^^^^^^^^^^^^^^^^^^^^^^^^^^^^
  File "C:\Users\Habte\AppData\Local\Programs\Python\Python311\Lib\site-packages\telegram\vendor\ptb_urllib3\urllib3\connectionpool.py", line 665, in urlopen
    retries = retries.increment(method, url, error=e, _pool=self,
              ^^^^^^^^^^^^^^^^^^^^^^^^^^^^^^^^^^^^^^^^^^^^^^^^^^^
  File "C:\Users\Habte\AppData\Local\Programs\Python\Python311\Lib\site-packages\telegram\vendor\ptb_urllib3\urllib3\util\retry.py", line 376, in increment
    raise MaxRetryError(_pool, url, error or ResponseError(cause))
telegram.vendor.ptb_urllib3.urllib3.exceptions.MaxRetryError: HTTPSConnectionPool(host='api.telegram.org', port=443): Max retries exceeded with url: /bot6685183482:AAH6q7gWdUm5ZYYAbhoqDh0tqHIXcrjGSPw/sendMessage (Caused by NewConnectionError('<telegram.vendor.ptb_urllib3.urllib3.connection.VerifiedHTTPSConnection object at 0x000002A2DAE1B210>: Failed to establish a new connection: [Errno 11001] getaddrinfo failed'))

The above exception was the direct cause of the following exception:

Traceback (most recent call last):
  File "C:\Users\Habte\AppData\Local\Programs\Python\Python311\Lib\site-packages\telegram\ext\dispatcher.py", line 538, in process_update
    self.dispatch_error(None, update)
  File "C:\Users\Habte\AppData\Local\Programs\Python\Python311\Lib\site-packages\telegram\ext\dispatcher.py", line 813, in dispatch_error
    callback(update, context)
  File "c:\Users\Habte\Desktop\IssueNotified\app.py", line 356, in handle_error
    updater.bot.send_message(chat_id=DEVELOPER_ID, text='An error occurred in the IssueNotified bot: \n{}'.format(context.error))
  File "C:\Users\Habte\AppData\Local\Programs\Python\Python311\Lib\site-packages\telegram\bot.py", line 133, in decorator
    result = func(*args, **kwargs)
             ^^^^^^^^^^^^^^^^^^^^^
  File "C:\Users\Habte\AppData\Local\Programs\Python\Python311\Lib\site-packages\telegram\bot.py", line 525, in send_message
    return self._message(  # type: ignore[return-value]
           ^^^^^^^^^^^^^^^^^^^^^^^^^^^^^^^^^^^^^^^^^^^^
  File "C:\Users\Habte\AppData\Local\Programs\Python\Python311\Lib\site-packages\telegram\ext\extbot.py", line 202, in _message
    result = super()._message(
             ^^^^^^^^^^^^^^^^^
  File "C:\Users\Habte\AppData\Local\Programs\Python\Python311\Lib\site-packages\telegram\bot.py", line 339, in _message
    result = self._post(endpoint, data, timeout=timeout, api_kwargs=api_kwargs)
             ^^^^^^^^^^^^^^^^^^^^^^^^^^^^^^^^^^^^^^^^^^^^^^^^^^^^^^^^^^^^^^^^^^
  File "C:\Users\Habte\AppData\Local\Programs\Python\Python311\Lib\site-packages\telegram\bot.py", line 298, in _post
    return self.request.post(
           ^^^^^^^^^^^^^^^^^^
  File "C:\Users\Habte\AppData\Local\Programs\Python\Python311\Lib\site-packages\telegram\utils\request.py", line 361, in post
    result = self._request_wrapper(
             ^^^^^^^^^^^^^^^^^^^^^^
  File "C:\Users\Habte\AppData\Local\Programs\Python\Python311\Lib\site-packages\telegram\utils\request.py", line 265, in _request_wrapper
    raise NetworkError(f'urllib3 HTTPError {error}') from error
telegram.error.NetworkError: urllib3 HTTPError HTTPSConnectionPool(host='api.telegram.org', port=443): Max retries exceeded with url: /bot6685183482:AAH6q7gWdUm5ZYYAbhoqDh0tqHIXcrjGSPw/sendMessage (Caused by NewConnectionError('<telegram.vendor.ptb_urllib3.urllib3.connection.VerifiedHTTPSConnection object at 0x000002A2DAE1B210>: Failed to establish a new connection: [Errno 11001] getaddrinfo failed'))
2023-10-07 00:02:02,270:telegram.bot:DEBUG:  Entering: get_updates
2023-10-07 00:02:02,270:telegram.vendor.ptb_urllib3.urllib3.connectionpool:WARNING:  Retrying (Retry(total=2, connect=None, read=None, redirect=None)) after connection broken by 'NewConnectionError('<telegram.vendor.ptb_urllib3.urllib3.connection.VerifiedHTTPSConnection object at 0x000002A2DAE1B990>: Failed to establish a new connection: [Errno 11001] getaddrinfo failed')': /bot6685183482:AAH6q7gWdUm5ZYYAbhoqDh0tqHIXcrjGSPw/getUpdates
2023-10-07 00:02:02,270:telegram.vendor.ptb_urllib3.urllib3.connectionpool:WARNING:  Retrying (Retry(total=1, connect=None, read=None, redirect=None)) after connection broken by 'NewConnectionError('<telegram.vendor.ptb_urllib3.urllib3.connection.VerifiedHTTPSConnection object at 0x000002A2DAE10710>: Failed to establish a new connection: [Errno 11001] getaddrinfo failed')': /bot6685183482:AAH6q7gWdUm5ZYYAbhoqDh0tqHIXcrjGSPw/getUpdates
2023-10-07 00:02:02,270:telegram.vendor.ptb_urllib3.urllib3.connectionpool:WARNING:  Retrying (Retry(total=0, connect=None, read=None, redirect=None)) after connection broken by 'NewConnectionError('<telegram.vendor.ptb_urllib3.urllib3.connection.VerifiedHTTPSConnection object at 0x000002A2DAE110D0>: Failed to establish a new connection: [Errno 11001] getaddrinfo failed')': /bot6685183482:AAH6q7gWdUm5ZYYAbhoqDh0tqHIXcrjGSPw/getUpdates
2023-10-07 00:02:02,270:telegram.ext.updater:ERROR:  Error while getting Updates: urllib3 HTTPError HTTPSConnectionPool(host='api.telegram.org', port=443): Max retries exceeded with url: /bot6685183482:AAH6q7gWdUm5ZYYAbhoqDh0tqHIXcrjGSPw/getUpdates (Caused by NewConnectionError('<telegram.vendor.ptb_urllib3.urllib3.connection.VerifiedHTTPSConnection object at 0x000002A2DAE12510>: Failed to establish a new connection: [Errno 11001] getaddrinfo failed'))
2023-10-07 00:02:02,270:telegram.ext.dispatcher:DEBUG:  Processing Update: urllib3 HTTPError HTTPSConnectionPool(host='api.telegram.org', port=443): Max retries exceeded with url: /bot6685183482:AAH6q7gWdUm5ZYYAbhoqDh0tqHIXcrjGSPw/getUpdates (Caused by NewConnectionError('<telegram.vendor.ptb_urllib3.urllib3.connection.VerifiedHTTPSConnection object at 0x000002A2DAE12510>: Failed to establish a new connection: [Errno 11001] getaddrinfo failed'))
2023-10-07 00:02:02,270:__main__:ERROR:  urllib3 HTTPError HTTPSConnectionPool(host='api.telegram.org', port=443): Max retries exceeded with url: /bot6685183482:AAH6q7gWdUm5ZYYAbhoqDh0tqHIXcrjGSPw/getUpdates (Caused by NewConnectionError('<telegram.vendor.ptb_urllib3.urllib3.connection.VerifiedHTTPSConnection object at 0x000002A2DAE12510>: Failed to establish a new connection: [Errno 11001] getaddrinfo failed'))
NoneType: None
2023-10-07 00:02:02,270:telegram.bot:DEBUG:  Entering: send_message
2023-10-07 00:02:02,270:telegram.vendor.ptb_urllib3.urllib3.connectionpool:WARNING:  Retrying (Retry(total=2, connect=None, read=None, redirect=None)) after connection broken by 'NewConnectionError('<telegram.vendor.ptb_urllib3.urllib3.connection.VerifiedHTTPSConnection object at 0x000002A2DAE13690>: Failed to establish a new connection: [Errno 11001] getaddrinfo failed')': /bot6685183482:AAH6q7gWdUm5ZYYAbhoqDh0tqHIXcrjGSPw/sendMessage
2023-10-07 00:02:02,270:telegram.vendor.ptb_urllib3.urllib3.connectionpool:WARNING:  Retrying (Retry(total=1, connect=None, read=None, redirect=None)) after connection broken by 'NewConnectionError('<telegram.vendor.ptb_urllib3.urllib3.connection.VerifiedHTTPSConnection object at 0x000002A2DAE2CCD0>: Failed to establish a new connection: [Errno 11001] getaddrinfo failed')': /bot6685183482:AAH6q7gWdUm5ZYYAbhoqDh0tqHIXcrjGSPw/sendMessage
2023-10-07 00:02:02,270:telegram.vendor.ptb_urllib3.urllib3.connectionpool:WARNING:  Retrying (Retry(total=0, connect=None, read=None, redirect=None)) after connection broken by 'NewConnectionError('<telegram.vendor.ptb_urllib3.urllib3.connection.VerifiedHTTPSConnection object at 0x000002A2DAE2CB50>: Failed to establish a new connection: [Errno 11001] getaddrinfo failed')': /bot6685183482:AAH6q7gWdUm5ZYYAbhoqDh0tqHIXcrjGSPw/sendMessage
2023-10-07 00:02:02,270:telegram.ext.dispatcher:ERROR:  An uncaught error was raised while handling the error.
Traceback (most recent call last):
  File "C:\Users\Habte\AppData\Local\Programs\Python\Python311\Lib\site-packages\telegram\vendor\ptb_urllib3\urllib3\connection.py", line 140, in _new_conn
    conn = connection.create_connection(
           ^^^^^^^^^^^^^^^^^^^^^^^^^^^^^
  File "C:\Users\Habte\AppData\Local\Programs\Python\Python311\Lib\site-packages\telegram\vendor\ptb_urllib3\urllib3\util\connection.py", line 60, in create_connection
    for res in socket.getaddrinfo(host, port, family, socket.SOCK_STREAM):
               ^^^^^^^^^^^^^^^^^^^^^^^^^^^^^^^^^^^^^^^^^^^^^^^^^^^^^^^^^^
  File "C:\Users\Habte\AppData\Local\Programs\Python\Python311\Lib\socket.py", line 962, in getaddrinfo
    for res in _socket.getaddrinfo(host, port, family, type, proto, flags):
               ^^^^^^^^^^^^^^^^^^^^^^^^^^^^^^^^^^^^^^^^^^^^^^^^^^^^^^^^^^^
socket.gaierror: [Errno 11001] getaddrinfo failed

During handling of the above exception, another exception occurred:

Traceback (most recent call last):
  File "C:\Users\Habte\AppData\Local\Programs\Python\Python311\Lib\site-packages\telegram\vendor\ptb_urllib3\urllib3\connectionpool.py", line 614, in urlopen
    httplib_response = self._make_request(conn, method, url,
                       ^^^^^^^^^^^^^^^^^^^^^^^^^^^^^^^^^^^^^
  File "C:\Users\Habte\AppData\Local\Programs\Python\Python311\Lib\site-packages\telegram\vendor\ptb_urllib3\urllib3\connectionpool.py", line 360, in _make_request
    self._validate_conn(conn)
  File "C:\Users\Habte\AppData\Local\Programs\Python\Python311\Lib\site-packages\telegram\vendor\ptb_urllib3\urllib3\connectionpool.py", line 857, in _validate_conn
    super(HTTPSConnectionPool, self)._validate_conn(conn)
  File "C:\Users\Habte\AppData\Local\Programs\Python\Python311\Lib\site-packages\telegram\vendor\ptb_urllib3\urllib3\connectionpool.py", line 289, in _validate_conn
    conn.connect()
  File "C:\Users\Habte\AppData\Local\Programs\Python\Python311\Lib\site-packages\telegram\vendor\ptb_urllib3\urllib3\connection.py", line 284, in connect
    conn = self._new_conn()
           ^^^^^^^^^^^^^^^^
  File "C:\Users\Habte\AppData\Local\Programs\Python\Python311\Lib\site-packages\telegram\vendor\ptb_urllib3\urllib3\connection.py", line 149, in _new_conn
    raise NewConnectionError(
telegram.vendor.ptb_urllib3.urllib3.exceptions.NewConnectionError: <telegram.vendor.ptb_urllib3.urllib3.connection.VerifiedHTTPSConnection object at 0x000002A2DAE2F610>: Failed to establish a new connection: [Errno 11001] getaddrinfo failed

During handling of the above exception, another exception occurred:

Traceback (most recent call last):
  File "C:\Users\Habte\AppData\Local\Programs\Python\Python311\Lib\site-packages\telegram\utils\request.py", line 259, in _request_wrapper
    resp = self._con_pool.request(*args, **kwargs)
           ^^^^^^^^^^^^^^^^^^^^^^^^^^^^^^^^^^^^^^^
  File "C:\Users\Habte\AppData\Local\Programs\Python\Python311\Lib\site-packages\telegram\vendor\ptb_urllib3\urllib3\request.py", line 68, in request
    return self.request_encode_body(method, url, fields=fields,
           ^^^^^^^^^^^^^^^^^^^^^^^^^^^^^^^^^^^^^^^^^^^^^^^^^^^^
  File "C:\Users\Habte\AppData\Local\Programs\Python\Python311\Lib\site-packages\telegram\vendor\ptb_urllib3\urllib3\request.py", line 148, in request_encode_body
    return self.urlopen(method, url, **extra_kw)
           ^^^^^^^^^^^^^^^^^^^^^^^^^^^^^^^^^^^^^
  File "C:\Users\Habte\AppData\Local\Programs\Python\Python311\Lib\site-packages\telegram\vendor\ptb_urllib3\urllib3\poolmanager.py", line 244, in urlopen
    response = conn.urlopen(method, u.request_uri, **kw)
               ^^^^^^^^^^^^^^^^^^^^^^^^^^^^^^^^^^^^^^^^^
  File "C:\Users\Habte\AppData\Local\Programs\Python\Python311\Lib\site-packages\telegram\vendor\ptb_urllib3\urllib3\connectionpool.py", line 691, in urlopen
    return self.urlopen(method, url, body, headers, retries,
           ^^^^^^^^^^^^^^^^^^^^^^^^^^^^^^^^^^^^^^^^^^^^^^^^^
  File "C:\Users\Habte\AppData\Local\Programs\Python\Python311\Lib\site-packages\telegram\vendor\ptb_urllib3\urllib3\connectionpool.py", line 691, in urlopen
    return self.urlopen(method, url, body, headers, retries,
           ^^^^^^^^^^^^^^^^^^^^^^^^^^^^^^^^^^^^^^^^^^^^^^^^^
  File "C:\Users\Habte\AppData\Local\Programs\Python\Python311\Lib\site-packages\telegram\vendor\ptb_urllib3\urllib3\connectionpool.py", line 691, in urlopen
    return self.urlopen(method, url, body, headers, retries,
           ^^^^^^^^^^^^^^^^^^^^^^^^^^^^^^^^^^^^^^^^^^^^^^^^^
  File "C:\Users\Habte\AppData\Local\Programs\Python\Python311\Lib\site-packages\telegram\vendor\ptb_urllib3\urllib3\connectionpool.py", line 665, in urlopen
    retries = retries.increment(method, url, error=e, _pool=self,
              ^^^^^^^^^^^^^^^^^^^^^^^^^^^^^^^^^^^^^^^^^^^^^^^^^^^
  File "C:\Users\Habte\AppData\Local\Programs\Python\Python311\Lib\site-packages\telegram\vendor\ptb_urllib3\urllib3\util\retry.py", line 376, in increment
    raise MaxRetryError(_pool, url, error or ResponseError(cause))
telegram.vendor.ptb_urllib3.urllib3.exceptions.MaxRetryError: HTTPSConnectionPool(host='api.telegram.org', port=443): Max retries exceeded with url: /bot6685183482:AAH6q7gWdUm5ZYYAbhoqDh0tqHIXcrjGSPw/sendMessage (Caused by NewConnectionError('<telegram.vendor.ptb_urllib3.urllib3.connection.VerifiedHTTPSConnection object at 0x000002A2DAE2F610>: Failed to establish a new connection: [Errno 11001] getaddrinfo failed'))

The above exception was the direct cause of the following exception:

Traceback (most recent call last):
  File "C:\Users\Habte\AppData\Local\Programs\Python\Python311\Lib\site-packages\telegram\ext\dispatcher.py", line 538, in process_update
    self.dispatch_error(None, update)
  File "C:\Users\Habte\AppData\Local\Programs\Python\Python311\Lib\site-packages\telegram\ext\dispatcher.py", line 813, in dispatch_error
    callback(update, context)
  File "c:\Users\Habte\Desktop\IssueNotified\app.py", line 356, in handle_error
    updater.bot.send_message(chat_id=DEVELOPER_ID, text='An error occurred in the IssueNotified bot: \n{}'.format(context.error))
  File "C:\Users\Habte\AppData\Local\Programs\Python\Python311\Lib\site-packages\telegram\bot.py", line 133, in decorator
    result = func(*args, **kwargs)
             ^^^^^^^^^^^^^^^^^^^^^
  File "C:\Users\Habte\AppData\Local\Programs\Python\Python311\Lib\site-packages\telegram\bot.py", line 525, in send_message
    return self._message(  # type: ignore[return-value]
           ^^^^^^^^^^^^^^^^^^^^^^^^^^^^^^^^^^^^^^^^^^^^
  File "C:\Users\Habte\AppData\Local\Programs\Python\Python311\Lib\site-packages\telegram\ext\extbot.py", line 202, in _message
    result = super()._message(
             ^^^^^^^^^^^^^^^^^
  File "C:\Users\Habte\AppData\Local\Programs\Python\Python311\Lib\site-packages\telegram\bot.py", line 339, in _message
    result = self._post(endpoint, data, timeout=timeout, api_kwargs=api_kwargs)
             ^^^^^^^^^^^^^^^^^^^^^^^^^^^^^^^^^^^^^^^^^^^^^^^^^^^^^^^^^^^^^^^^^^
  File "C:\Users\Habte\AppData\Local\Programs\Python\Python311\Lib\site-packages\telegram\bot.py", line 298, in _post
    return self.request.post(
           ^^^^^^^^^^^^^^^^^^
  File "C:\Users\Habte\AppData\Local\Programs\Python\Python311\Lib\site-packages\telegram\utils\request.py", line 361, in post
    result = self._request_wrapper(
             ^^^^^^^^^^^^^^^^^^^^^^
  File "C:\Users\Habte\AppData\Local\Programs\Python\Python311\Lib\site-packages\telegram\utils\request.py", line 265, in _request_wrapper
    raise NetworkError(f'urllib3 HTTPError {error}') from error
telegram.error.NetworkError: urllib3 HTTPError HTTPSConnectionPool(host='api.telegram.org', port=443): Max retries exceeded with url: /bot6685183482:AAH6q7gWdUm5ZYYAbhoqDh0tqHIXcrjGSPw/sendMessage (Caused by NewConnectionError('<telegram.vendor.ptb_urllib3.urllib3.connection.VerifiedHTTPSConnection object at 0x000002A2DAE2F610>: Failed to establish a new connection: [Errno 11001] getaddrinfo failed'))
2023-10-07 00:02:19,364:telegram.bot:DEBUG:  Entering: get_updates
2023-10-07 00:02:19,364:telegram.vendor.ptb_urllib3.urllib3.connectionpool:WARNING:  Retrying (Retry(total=2, connect=None, read=None, redirect=None)) after connection broken by 'NewConnectionError('<telegram.vendor.ptb_urllib3.urllib3.connection.VerifiedHTTPSConnection object at 0x000002A2DAE2F850>: Failed to establish a new connection: [Errno 11001] getaddrinfo failed')': /bot6685183482:AAH6q7gWdUm5ZYYAbhoqDh0tqHIXcrjGSPw/getUpdates
2023-10-07 00:02:19,364:telegram.vendor.ptb_urllib3.urllib3.connectionpool:WARNING:  Retrying (Retry(total=1, connect=None, read=None, redirect=None)) after connection broken by 'NewConnectionError('<telegram.vendor.ptb_urllib3.urllib3.connection.VerifiedHTTPSConnection object at 0x000002A2DAE2FF10>: Failed to establish a new connection: [Errno 11001] getaddrinfo failed')': /bot6685183482:AAH6q7gWdUm5ZYYAbhoqDh0tqHIXcrjGSPw/getUpdates
2023-10-07 00:02:19,380:telegram.vendor.ptb_urllib3.urllib3.connectionpool:WARNING:  Retrying (Retry(total=0, connect=None, read=None, redirect=None)) after connection broken by 'NewConnectionError('<telegram.vendor.ptb_urllib3.urllib3.connection.VerifiedHTTPSConnection object at 0x000002A2DAE34950>: Failed to establish a new connection: [Errno 11001] getaddrinfo failed')': /bot6685183482:AAH6q7gWdUm5ZYYAbhoqDh0tqHIXcrjGSPw/getUpdates
2023-10-07 00:02:19,380:telegram.ext.updater:ERROR:  Error while getting Updates: urllib3 HTTPError HTTPSConnectionPool(host='api.telegram.org', port=443): Max retries exceeded with url: /bot6685183482:AAH6q7gWdUm5ZYYAbhoqDh0tqHIXcrjGSPw/getUpdates (Caused by NewConnectionError('<telegram.vendor.ptb_urllib3.urllib3.connection.VerifiedHTTPSConnection object at 0x000002A2DAE34FD0>: Failed to establish a new connection: [Errno 11001] getaddrinfo failed'))
2023-10-07 00:02:19,380:telegram.ext.dispatcher:DEBUG:  Processing Update: urllib3 HTTPError HTTPSConnectionPool(host='api.telegram.org', port=443): Max retries exceeded with url: /bot6685183482:AAH6q7gWdUm5ZYYAbhoqDh0tqHIXcrjGSPw/getUpdates (Caused by NewConnectionError('<telegram.vendor.ptb_urllib3.urllib3.connection.VerifiedHTTPSConnection object at 0x000002A2DAE34FD0>: Failed to establish a new connection: [Errno 11001] getaddrinfo failed'))
2023-10-07 00:02:19,380:__main__:ERROR:  urllib3 HTTPError HTTPSConnectionPool(host='api.telegram.org', port=443): Max retries exceeded with url: /bot6685183482:AAH6q7gWdUm5ZYYAbhoqDh0tqHIXcrjGSPw/getUpdates (Caused by NewConnectionError('<telegram.vendor.ptb_urllib3.urllib3.connection.VerifiedHTTPSConnection object at 0x000002A2DAE34FD0>: Failed to establish a new connection: [Errno 11001] getaddrinfo failed'))
NoneType: None
2023-10-07 00:02:19,380:telegram.bot:DEBUG:  Entering: send_message
2023-10-07 00:02:19,396:telegram.vendor.ptb_urllib3.urllib3.connectionpool:WARNING:  Retrying (Retry(total=2, connect=None, read=None, redirect=None)) after connection broken by 'NewConnectionError('<telegram.vendor.ptb_urllib3.urllib3.connection.VerifiedHTTPSConnection object at 0x000002A2DAE35A10>: Failed to establish a new connection: [Errno 11001] getaddrinfo failed')': /bot6685183482:AAH6q7gWdUm5ZYYAbhoqDh0tqHIXcrjGSPw/sendMessage
2023-10-07 00:02:19,396:telegram.vendor.ptb_urllib3.urllib3.connectionpool:WARNING:  Retrying (Retry(total=1, connect=None, read=None, redirect=None)) after connection broken by 'NewConnectionError('<telegram.vendor.ptb_urllib3.urllib3.connection.VerifiedHTTPSConnection object at 0x000002A2DAE36050>: Failed to establish a new connection: [Errno 11001] getaddrinfo failed')': /bot6685183482:AAH6q7gWdUm5ZYYAbhoqDh0tqHIXcrjGSPw/sendMessage
2023-10-07 00:02:19,396:telegram.vendor.ptb_urllib3.urllib3.connectionpool:WARNING:  Retrying (Retry(total=0, connect=None, read=None, redirect=None)) after connection broken by 'NewConnectionError('<telegram.vendor.ptb_urllib3.urllib3.connection.VerifiedHTTPSConnection object at 0x000002A2DAE365D0>: Failed to establish a new connection: [Errno 11001] getaddrinfo failed')': /bot6685183482:AAH6q7gWdUm5ZYYAbhoqDh0tqHIXcrjGSPw/sendMessage
2023-10-07 00:02:19,396:telegram.ext.dispatcher:ERROR:  An uncaught error was raised while handling the error.
Traceback (most recent call last):
  File "C:\Users\Habte\AppData\Local\Programs\Python\Python311\Lib\site-packages\telegram\vendor\ptb_urllib3\urllib3\connection.py", line 140, in _new_conn
    conn = connection.create_connection(
           ^^^^^^^^^^^^^^^^^^^^^^^^^^^^^
  File "C:\Users\Habte\AppData\Local\Programs\Python\Python311\Lib\site-packages\telegram\vendor\ptb_urllib3\urllib3\util\connection.py", line 60, in create_connection
    for res in socket.getaddrinfo(host, port, family, socket.SOCK_STREAM):
               ^^^^^^^^^^^^^^^^^^^^^^^^^^^^^^^^^^^^^^^^^^^^^^^^^^^^^^^^^^
  File "C:\Users\Habte\AppData\Local\Programs\Python\Python311\Lib\socket.py", line 962, in getaddrinfo
    for res in _socket.getaddrinfo(host, port, family, type, proto, flags):
               ^^^^^^^^^^^^^^^^^^^^^^^^^^^^^^^^^^^^^^^^^^^^^^^^^^^^^^^^^^^
socket.gaierror: [Errno 11001] getaddrinfo failed

During handling of the above exception, another exception occurred:

Traceback (most recent call last):
  File "C:\Users\Habte\AppData\Local\Programs\Python\Python311\Lib\site-packages\telegram\vendor\ptb_urllib3\urllib3\connectionpool.py", line 614, in urlopen
    httplib_response = self._make_request(conn, method, url,
                       ^^^^^^^^^^^^^^^^^^^^^^^^^^^^^^^^^^^^^
  File "C:\Users\Habte\AppData\Local\Programs\Python\Python311\Lib\site-packages\telegram\vendor\ptb_urllib3\urllib3\connectionpool.py", line 360, in _make_request
    self._validate_conn(conn)
  File "C:\Users\Habte\AppData\Local\Programs\Python\Python311\Lib\site-packages\telegram\vendor\ptb_urllib3\urllib3\connectionpool.py", line 857, in _validate_conn
    super(HTTPSConnectionPool, self)._validate_conn(conn)
  File "C:\Users\Habte\AppData\Local\Programs\Python\Python311\Lib\site-packages\telegram\vendor\ptb_urllib3\urllib3\connectionpool.py", line 289, in _validate_conn
    conn.connect()
  File "C:\Users\Habte\AppData\Local\Programs\Python\Python311\Lib\site-packages\telegram\vendor\ptb_urllib3\urllib3\connection.py", line 284, in connect
    conn = self._new_conn()
           ^^^^^^^^^^^^^^^^
  File "C:\Users\Habte\AppData\Local\Programs\Python\Python311\Lib\site-packages\telegram\vendor\ptb_urllib3\urllib3\connection.py", line 149, in _new_conn
    raise NewConnectionError(
telegram.vendor.ptb_urllib3.urllib3.exceptions.NewConnectionError: <telegram.vendor.ptb_urllib3.urllib3.connection.VerifiedHTTPSConnection object at 0x000002A2DAE36C50>: Failed to establish a new connection: [Errno 11001] getaddrinfo failed

During handling of the above exception, another exception occurred:

Traceback (most recent call last):
  File "C:\Users\Habte\AppData\Local\Programs\Python\Python311\Lib\site-packages\telegram\utils\request.py", line 259, in _request_wrapper
    resp = self._con_pool.request(*args, **kwargs)
           ^^^^^^^^^^^^^^^^^^^^^^^^^^^^^^^^^^^^^^^
  File "C:\Users\Habte\AppData\Local\Programs\Python\Python311\Lib\site-packages\telegram\vendor\ptb_urllib3\urllib3\request.py", line 68, in request
    return self.request_encode_body(method, url, fields=fields,
           ^^^^^^^^^^^^^^^^^^^^^^^^^^^^^^^^^^^^^^^^^^^^^^^^^^^^
  File "C:\Users\Habte\AppData\Local\Programs\Python\Python311\Lib\site-packages\telegram\vendor\ptb_urllib3\urllib3\request.py", line 148, in request_encode_body
    return self.urlopen(method, url, **extra_kw)
           ^^^^^^^^^^^^^^^^^^^^^^^^^^^^^^^^^^^^^
  File "C:\Users\Habte\AppData\Local\Programs\Python\Python311\Lib\site-packages\telegram\vendor\ptb_urllib3\urllib3\poolmanager.py", line 244, in urlopen
    response = conn.urlopen(method, u.request_uri, **kw)
               ^^^^^^^^^^^^^^^^^^^^^^^^^^^^^^^^^^^^^^^^^
  File "C:\Users\Habte\AppData\Local\Programs\Python\Python311\Lib\site-packages\telegram\vendor\ptb_urllib3\urllib3\connectionpool.py", line 691, in urlopen
    return self.urlopen(method, url, body, headers, retries,
           ^^^^^^^^^^^^^^^^^^^^^^^^^^^^^^^^^^^^^^^^^^^^^^^^^
  File "C:\Users\Habte\AppData\Local\Programs\Python\Python311\Lib\site-packages\telegram\vendor\ptb_urllib3\urllib3\connectionpool.py", line 691, in urlopen
    return self.urlopen(method, url, body, headers, retries,
           ^^^^^^^^^^^^^^^^^^^^^^^^^^^^^^^^^^^^^^^^^^^^^^^^^
  File "C:\Users\Habte\AppData\Local\Programs\Python\Python311\Lib\site-packages\telegram\vendor\ptb_urllib3\urllib3\connectionpool.py", line 691, in urlopen
    return self.urlopen(method, url, body, headers, retries,
           ^^^^^^^^^^^^^^^^^^^^^^^^^^^^^^^^^^^^^^^^^^^^^^^^^
  File "C:\Users\Habte\AppData\Local\Programs\Python\Python311\Lib\site-packages\telegram\vendor\ptb_urllib3\urllib3\connectionpool.py", line 665, in urlopen
    retries = retries.increment(method, url, error=e, _pool=self,
              ^^^^^^^^^^^^^^^^^^^^^^^^^^^^^^^^^^^^^^^^^^^^^^^^^^^
  File "C:\Users\Habte\AppData\Local\Programs\Python\Python311\Lib\site-packages\telegram\vendor\ptb_urllib3\urllib3\util\retry.py", line 376, in increment
    raise MaxRetryError(_pool, url, error or ResponseError(cause))
telegram.vendor.ptb_urllib3.urllib3.exceptions.MaxRetryError: HTTPSConnectionPool(host='api.telegram.org', port=443): Max retries exceeded with url: /bot6685183482:AAH6q7gWdUm5ZYYAbhoqDh0tqHIXcrjGSPw/sendMessage (Caused by NewConnectionError('<telegram.vendor.ptb_urllib3.urllib3.connection.VerifiedHTTPSConnection object at 0x000002A2DAE36C50>: Failed to establish a new connection: [Errno 11001] getaddrinfo failed'))

The above exception was the direct cause of the following exception:

Traceback (most recent call last):
  File "C:\Users\Habte\AppData\Local\Programs\Python\Python311\Lib\site-packages\telegram\ext\dispatcher.py", line 538, in process_update
    self.dispatch_error(None, update)
  File "C:\Users\Habte\AppData\Local\Programs\Python\Python311\Lib\site-packages\telegram\ext\dispatcher.py", line 813, in dispatch_error
    callback(update, context)
  File "c:\Users\Habte\Desktop\IssueNotified\app.py", line 356, in handle_error
    updater.bot.send_message(chat_id=DEVELOPER_ID, text='An error occurred in the IssueNotified bot: \n{}'.format(context.error))
  File "C:\Users\Habte\AppData\Local\Programs\Python\Python311\Lib\site-packages\telegram\bot.py", line 133, in decorator
    result = func(*args, **kwargs)
             ^^^^^^^^^^^^^^^^^^^^^
  File "C:\Users\Habte\AppData\Local\Programs\Python\Python311\Lib\site-packages\telegram\bot.py", line 525, in send_message
    return self._message(  # type: ignore[return-value]
           ^^^^^^^^^^^^^^^^^^^^^^^^^^^^^^^^^^^^^^^^^^^^
  File "C:\Users\Habte\AppData\Local\Programs\Python\Python311\Lib\site-packages\telegram\ext\extbot.py", line 202, in _message
    result = super()._message(
             ^^^^^^^^^^^^^^^^^
  File "C:\Users\Habte\AppData\Local\Programs\Python\Python311\Lib\site-packages\telegram\bot.py", line 339, in _message
    result = self._post(endpoint, data, timeout=timeout, api_kwargs=api_kwargs)
             ^^^^^^^^^^^^^^^^^^^^^^^^^^^^^^^^^^^^^^^^^^^^^^^^^^^^^^^^^^^^^^^^^^
  File "C:\Users\Habte\AppData\Local\Programs\Python\Python311\Lib\site-packages\telegram\bot.py", line 298, in _post
    return self.request.post(
           ^^^^^^^^^^^^^^^^^^
  File "C:\Users\Habte\AppData\Local\Programs\Python\Python311\Lib\site-packages\telegram\utils\request.py", line 361, in post
    result = self._request_wrapper(
             ^^^^^^^^^^^^^^^^^^^^^^
  File "C:\Users\Habte\AppData\Local\Programs\Python\Python311\Lib\site-packages\telegram\utils\request.py", line 265, in _request_wrapper
    raise NetworkError(f'urllib3 HTTPError {error}') from error
telegram.error.NetworkError: urllib3 HTTPError HTTPSConnectionPool(host='api.telegram.org', port=443): Max retries exceeded with url: /bot6685183482:AAH6q7gWdUm5ZYYAbhoqDh0tqHIXcrjGSPw/sendMessage (Caused by NewConnectionError('<telegram.vendor.ptb_urllib3.urllib3.connection.VerifiedHTTPSConnection object at 0x000002A2DAE36C50>: Failed to establish a new connection: [Errno 11001] getaddrinfo failed'))
2023-10-07 00:02:45,012:telegram.bot:DEBUG:  Entering: get_updates
2023-10-07 00:02:45,012:telegram.vendor.ptb_urllib3.urllib3.connectionpool:WARNING:  Retrying (Retry(total=2, connect=None, read=None, redirect=None)) after connection broken by 'NewConnectionError('<telegram.vendor.ptb_urllib3.urllib3.connection.VerifiedHTTPSConnection object at 0x000002A2DAE12A90>: Failed to establish a new connection: [Errno 11001] getaddrinfo failed')': /bot6685183482:AAH6q7gWdUm5ZYYAbhoqDh0tqHIXcrjGSPw/getUpdates
2023-10-07 00:02:45,012:telegram.vendor.ptb_urllib3.urllib3.connectionpool:WARNING:  Retrying (Retry(total=1, connect=None, read=None, redirect=None)) after connection broken by 'NewConnectionError('<telegram.vendor.ptb_urllib3.urllib3.connection.VerifiedHTTPSConnection object at 0x000002A2DAE11D90>: Failed to establish a new connection: [Errno 11001] getaddrinfo failed')': /bot6685183482:AAH6q7gWdUm5ZYYAbhoqDh0tqHIXcrjGSPw/getUpdates
2023-10-07 00:02:45,012:telegram.vendor.ptb_urllib3.urllib3.connectionpool:WARNING:  Retrying (Retry(total=0, connect=None, read=None, redirect=None)) after connection broken by 'NewConnectionError('<telegram.vendor.ptb_urllib3.urllib3.connection.VerifiedHTTPSConnection object at 0x000002A2DAE10610>: Failed to establish a new connection: [Errno 11001] getaddrinfo failed')': /bot6685183482:AAH6q7gWdUm5ZYYAbhoqDh0tqHIXcrjGSPw/getUpdates
2023-10-07 00:02:45,012:telegram.ext.updater:ERROR:  Error while getting Updates: urllib3 HTTPError HTTPSConnectionPool(host='api.telegram.org', port=443): Max retries exceeded with url: /bot6685183482:AAH6q7gWdUm5ZYYAbhoqDh0tqHIXcrjGSPw/getUpdates (Caused by NewConnectionError('<telegram.vendor.ptb_urllib3.urllib3.connection.VerifiedHTTPSConnection object at 0x000002A2DAE2E550>: Failed to establish a new connection: [Errno 11001] getaddrinfo failed'))
2023-10-07 00:02:45,012:telegram.ext.dispatcher:DEBUG:  Processing Update: urllib3 HTTPError HTTPSConnectionPool(host='api.telegram.org', port=443): Max retries exceeded with url: /bot6685183482:AAH6q7gWdUm5ZYYAbhoqDh0tqHIXcrjGSPw/getUpdates (Caused by NewConnectionError('<telegram.vendor.ptb_urllib3.urllib3.connection.VerifiedHTTPSConnection object at 0x000002A2DAE2E550>: Failed to establish a new connection: [Errno 11001] getaddrinfo failed'))
2023-10-07 00:02:45,012:__main__:ERROR:  urllib3 HTTPError HTTPSConnectionPool(host='api.telegram.org', port=443): Max retries exceeded with url: /bot6685183482:AAH6q7gWdUm5ZYYAbhoqDh0tqHIXcrjGSPw/getUpdates (Caused by NewConnectionError('<telegram.vendor.ptb_urllib3.urllib3.connection.VerifiedHTTPSConnection object at 0x000002A2DAE2E550>: Failed to establish a new connection: [Errno 11001] getaddrinfo failed'))
NoneType: None
2023-10-07 00:02:45,012:telegram.bot:DEBUG:  Entering: send_message
2023-10-07 00:02:45,012:telegram.vendor.ptb_urllib3.urllib3.connectionpool:WARNING:  Retrying (Retry(total=2, connect=None, read=None, redirect=None)) after connection broken by 'NewConnectionError('<telegram.vendor.ptb_urllib3.urllib3.connection.VerifiedHTTPSConnection object at 0x000002A2DAE2D150>: Failed to establish a new connection: [Errno 11001] getaddrinfo failed')': /bot6685183482:AAH6q7gWdUm5ZYYAbhoqDh0tqHIXcrjGSPw/sendMessage
2023-10-07 00:02:45,012:telegram.vendor.ptb_urllib3.urllib3.connectionpool:WARNING:  Retrying (Retry(total=1, connect=None, read=None, redirect=None)) after connection broken by 'NewConnectionError('<telegram.vendor.ptb_urllib3.urllib3.connection.VerifiedHTTPSConnection object at 0x000002A2DAE2D550>: Failed to establish a new connection: [Errno 11001] getaddrinfo failed')': /bot6685183482:AAH6q7gWdUm5ZYYAbhoqDh0tqHIXcrjGSPw/sendMessage
2023-10-07 00:02:45,012:telegram.vendor.ptb_urllib3.urllib3.connectionpool:WARNING:  Retrying (Retry(total=0, connect=None, read=None, redirect=None)) after connection broken by 'NewConnectionError('<telegram.vendor.ptb_urllib3.urllib3.connection.VerifiedHTTPSConnection object at 0x000002A2D9BF9F90>: Failed to establish a new connection: [Errno 11001] getaddrinfo failed')': /bot6685183482:AAH6q7gWdUm5ZYYAbhoqDh0tqHIXcrjGSPw/sendMessage
2023-10-07 00:02:45,012:telegram.ext.dispatcher:ERROR:  An uncaught error was raised while handling the error.
Traceback (most recent call last):
  File "C:\Users\Habte\AppData\Local\Programs\Python\Python311\Lib\site-packages\telegram\vendor\ptb_urllib3\urllib3\connection.py", line 140, in _new_conn
    conn = connection.create_connection(
           ^^^^^^^^^^^^^^^^^^^^^^^^^^^^^
  File "C:\Users\Habte\AppData\Local\Programs\Python\Python311\Lib\site-packages\telegram\vendor\ptb_urllib3\urllib3\util\connection.py", line 60, in create_connection
    for res in socket.getaddrinfo(host, port, family, socket.SOCK_STREAM):
               ^^^^^^^^^^^^^^^^^^^^^^^^^^^^^^^^^^^^^^^^^^^^^^^^^^^^^^^^^^
  File "C:\Users\Habte\AppData\Local\Programs\Python\Python311\Lib\socket.py", line 962, in getaddrinfo
    for res in _socket.getaddrinfo(host, port, family, type, proto, flags):
               ^^^^^^^^^^^^^^^^^^^^^^^^^^^^^^^^^^^^^^^^^^^^^^^^^^^^^^^^^^^
socket.gaierror: [Errno 11001] getaddrinfo failed

During handling of the above exception, another exception occurred:

Traceback (most recent call last):
  File "C:\Users\Habte\AppData\Local\Programs\Python\Python311\Lib\site-packages\telegram\vendor\ptb_urllib3\urllib3\connectionpool.py", line 614, in urlopen
    httplib_response = self._make_request(conn, method, url,
                       ^^^^^^^^^^^^^^^^^^^^^^^^^^^^^^^^^^^^^
  File "C:\Users\Habte\AppData\Local\Programs\Python\Python311\Lib\site-packages\telegram\vendor\ptb_urllib3\urllib3\connectionpool.py", line 360, in _make_request
    self._validate_conn(conn)
  File "C:\Users\Habte\AppData\Local\Programs\Python\Python311\Lib\site-packages\telegram\vendor\ptb_urllib3\urllib3\connectionpool.py", line 857, in _validate_conn
    super(HTTPSConnectionPool, self)._validate_conn(conn)
  File "C:\Users\Habte\AppData\Local\Programs\Python\Python311\Lib\site-packages\telegram\vendor\ptb_urllib3\urllib3\connectionpool.py", line 289, in _validate_conn
    conn.connect()
  File "C:\Users\Habte\AppData\Local\Programs\Python\Python311\Lib\site-packages\telegram\vendor\ptb_urllib3\urllib3\connection.py", line 284, in connect
    conn = self._new_conn()
           ^^^^^^^^^^^^^^^^
  File "C:\Users\Habte\AppData\Local\Programs\Python\Python311\Lib\site-packages\telegram\vendor\ptb_urllib3\urllib3\connection.py", line 149, in _new_conn
    raise NewConnectionError(
telegram.vendor.ptb_urllib3.urllib3.exceptions.NewConnectionError: <telegram.vendor.ptb_urllib3.urllib3.connection.VerifiedHTTPSConnection object at 0x000002A2DAE2F150>: Failed to establish a new connection: [Errno 11001] getaddrinfo failed

During handling of the above exception, another exception occurred:

Traceback (most recent call last):
  File "C:\Users\Habte\AppData\Local\Programs\Python\Python311\Lib\site-packages\telegram\utils\request.py", line 259, in _request_wrapper
    resp = self._con_pool.request(*args, **kwargs)
           ^^^^^^^^^^^^^^^^^^^^^^^^^^^^^^^^^^^^^^^
  File "C:\Users\Habte\AppData\Local\Programs\Python\Python311\Lib\site-packages\telegram\vendor\ptb_urllib3\urllib3\request.py", line 68, in request
    return self.request_encode_body(method, url, fields=fields,
           ^^^^^^^^^^^^^^^^^^^^^^^^^^^^^^^^^^^^^^^^^^^^^^^^^^^^
  File "C:\Users\Habte\AppData\Local\Programs\Python\Python311\Lib\site-packages\telegram\vendor\ptb_urllib3\urllib3\request.py", line 148, in request_encode_body
    return self.urlopen(method, url, **extra_kw)
           ^^^^^^^^^^^^^^^^^^^^^^^^^^^^^^^^^^^^^
  File "C:\Users\Habte\AppData\Local\Programs\Python\Python311\Lib\site-packages\telegram\vendor\ptb_urllib3\urllib3\poolmanager.py", line 244, in urlopen
    response = conn.urlopen(method, u.request_uri, **kw)
               ^^^^^^^^^^^^^^^^^^^^^^^^^^^^^^^^^^^^^^^^^
  File "C:\Users\Habte\AppData\Local\Programs\Python\Python311\Lib\site-packages\telegram\vendor\ptb_urllib3\urllib3\connectionpool.py", line 691, in urlopen
    return self.urlopen(method, url, body, headers, retries,
           ^^^^^^^^^^^^^^^^^^^^^^^^^^^^^^^^^^^^^^^^^^^^^^^^^
  File "C:\Users\Habte\AppData\Local\Programs\Python\Python311\Lib\site-packages\telegram\vendor\ptb_urllib3\urllib3\connectionpool.py", line 691, in urlopen
    return self.urlopen(method, url, body, headers, retries,
           ^^^^^^^^^^^^^^^^^^^^^^^^^^^^^^^^^^^^^^^^^^^^^^^^^
  File "C:\Users\Habte\AppData\Local\Programs\Python\Python311\Lib\site-packages\telegram\vendor\ptb_urllib3\urllib3\connectionpool.py", line 691, in urlopen
    return self.urlopen(method, url, body, headers, retries,
           ^^^^^^^^^^^^^^^^^^^^^^^^^^^^^^^^^^^^^^^^^^^^^^^^^
  File "C:\Users\Habte\AppData\Local\Programs\Python\Python311\Lib\site-packages\telegram\vendor\ptb_urllib3\urllib3\connectionpool.py", line 665, in urlopen
    retries = retries.increment(method, url, error=e, _pool=self,
              ^^^^^^^^^^^^^^^^^^^^^^^^^^^^^^^^^^^^^^^^^^^^^^^^^^^
  File "C:\Users\Habte\AppData\Local\Programs\Python\Python311\Lib\site-packages\telegram\vendor\ptb_urllib3\urllib3\util\retry.py", line 376, in increment
    raise MaxRetryError(_pool, url, error or ResponseError(cause))
telegram.vendor.ptb_urllib3.urllib3.exceptions.MaxRetryError: HTTPSConnectionPool(host='api.telegram.org', port=443): Max retries exceeded with url: /bot6685183482:AAH6q7gWdUm5ZYYAbhoqDh0tqHIXcrjGSPw/sendMessage (Caused by NewConnectionError('<telegram.vendor.ptb_urllib3.urllib3.connection.VerifiedHTTPSConnection object at 0x000002A2DAE2F150>: Failed to establish a new connection: [Errno 11001] getaddrinfo failed'))

The above exception was the direct cause of the following exception:

Traceback (most recent call last):
  File "C:\Users\Habte\AppData\Local\Programs\Python\Python311\Lib\site-packages\telegram\ext\dispatcher.py", line 538, in process_update
    self.dispatch_error(None, update)
  File "C:\Users\Habte\AppData\Local\Programs\Python\Python311\Lib\site-packages\telegram\ext\dispatcher.py", line 813, in dispatch_error
    callback(update, context)
  File "c:\Users\Habte\Desktop\IssueNotified\app.py", line 356, in handle_error
    updater.bot.send_message(chat_id=DEVELOPER_ID, text='An error occurred in the IssueNotified bot: \n{}'.format(context.error))
  File "C:\Users\Habte\AppData\Local\Programs\Python\Python311\Lib\site-packages\telegram\bot.py", line 133, in decorator
    result = func(*args, **kwargs)
             ^^^^^^^^^^^^^^^^^^^^^
  File "C:\Users\Habte\AppData\Local\Programs\Python\Python311\Lib\site-packages\telegram\bot.py", line 525, in send_message
    return self._message(  # type: ignore[return-value]
           ^^^^^^^^^^^^^^^^^^^^^^^^^^^^^^^^^^^^^^^^^^^^
  File "C:\Users\Habte\AppData\Local\Programs\Python\Python311\Lib\site-packages\telegram\ext\extbot.py", line 202, in _message
    result = super()._message(
             ^^^^^^^^^^^^^^^^^
  File "C:\Users\Habte\AppData\Local\Programs\Python\Python311\Lib\site-packages\telegram\bot.py", line 339, in _message
    result = self._post(endpoint, data, timeout=timeout, api_kwargs=api_kwargs)
             ^^^^^^^^^^^^^^^^^^^^^^^^^^^^^^^^^^^^^^^^^^^^^^^^^^^^^^^^^^^^^^^^^^
  File "C:\Users\Habte\AppData\Local\Programs\Python\Python311\Lib\site-packages\telegram\bot.py", line 298, in _post
    return self.request.post(
           ^^^^^^^^^^^^^^^^^^
  File "C:\Users\Habte\AppData\Local\Programs\Python\Python311\Lib\site-packages\telegram\utils\request.py", line 361, in post
    result = self._request_wrapper(
             ^^^^^^^^^^^^^^^^^^^^^^
  File "C:\Users\Habte\AppData\Local\Programs\Python\Python311\Lib\site-packages\telegram\utils\request.py", line 265, in _request_wrapper
    raise NetworkError(f'urllib3 HTTPError {error}') from error
telegram.error.NetworkError: urllib3 HTTPError HTTPSConnectionPool(host='api.telegram.org', port=443): Max retries exceeded with url: /bot6685183482:AAH6q7gWdUm5ZYYAbhoqDh0tqHIXcrjGSPw/sendMessage (Caused by NewConnectionError('<telegram.vendor.ptb_urllib3.urllib3.connection.VerifiedHTTPSConnection object at 0x000002A2DAE2F150>: Failed to establish a new connection: [Errno 11001] getaddrinfo failed'))
2023-10-07 00:03:23,462:telegram.bot:DEBUG:  Entering: get_updates
2023-10-07 00:03:23,462:telegram.vendor.ptb_urllib3.urllib3.connectionpool:WARNING:  Retrying (Retry(total=2, connect=None, read=None, redirect=None)) after connection broken by 'NewConnectionError('<telegram.vendor.ptb_urllib3.urllib3.connection.VerifiedHTTPSConnection object at 0x000002A2D9C4E1D0>: Failed to establish a new connection: [Errno 11001] getaddrinfo failed')': /bot6685183482:AAH6q7gWdUm5ZYYAbhoqDh0tqHIXcrjGSPw/getUpdates
2023-10-07 00:03:23,477:telegram.vendor.ptb_urllib3.urllib3.connectionpool:WARNING:  Retrying (Retry(total=1, connect=None, read=None, redirect=None)) after connection broken by 'NewConnectionError('<telegram.vendor.ptb_urllib3.urllib3.connection.VerifiedHTTPSConnection object at 0x000002A2DAE1B910>: Failed to establish a new connection: [Errno 11001] getaddrinfo failed')': /bot6685183482:AAH6q7gWdUm5ZYYAbhoqDh0tqHIXcrjGSPw/getUpdates
2023-10-07 00:03:23,477:telegram.vendor.ptb_urllib3.urllib3.connectionpool:WARNING:  Retrying (Retry(total=0, connect=None, read=None, redirect=None)) after connection broken by 'NewConnectionError('<telegram.vendor.ptb_urllib3.urllib3.connection.VerifiedHTTPSConnection object at 0x000002A2DAE1BA50>: Failed to establish a new connection: [Errno 11001] getaddrinfo failed')': /bot6685183482:AAH6q7gWdUm5ZYYAbhoqDh0tqHIXcrjGSPw/getUpdates
2023-10-07 00:03:23,477:telegram.ext.updater:ERROR:  Error while getting Updates: urllib3 HTTPError HTTPSConnectionPool(host='api.telegram.org', port=443): Max retries exceeded with url: /bot6685183482:AAH6q7gWdUm5ZYYAbhoqDh0tqHIXcrjGSPw/getUpdates (Caused by NewConnectionError('<telegram.vendor.ptb_urllib3.urllib3.connection.VerifiedHTTPSConnection object at 0x000002A2DAE371D0>: Failed to establish a new connection: [Errno 11001] getaddrinfo failed'))
2023-10-07 00:03:23,477:telegram.ext.dispatcher:DEBUG:  Processing Update: urllib3 HTTPError HTTPSConnectionPool(host='api.telegram.org', port=443): Max retries exceeded with url: /bot6685183482:AAH6q7gWdUm5ZYYAbhoqDh0tqHIXcrjGSPw/getUpdates (Caused by NewConnectionError('<telegram.vendor.ptb_urllib3.urllib3.connection.VerifiedHTTPSConnection object at 0x000002A2DAE371D0>: Failed to establish a new connection: [Errno 11001] getaddrinfo failed'))
2023-10-07 00:03:23,477:__main__:ERROR:  urllib3 HTTPError HTTPSConnectionPool(host='api.telegram.org', port=443): Max retries exceeded with url: /bot6685183482:AAH6q7gWdUm5ZYYAbhoqDh0tqHIXcrjGSPw/getUpdates (Caused by NewConnectionError('<telegram.vendor.ptb_urllib3.urllib3.connection.VerifiedHTTPSConnection object at 0x000002A2DAE371D0>: Failed to establish a new connection: [Errno 11001] getaddrinfo failed'))
NoneType: None
2023-10-07 00:03:23,477:telegram.bot:DEBUG:  Entering: send_message
2023-10-07 00:03:23,477:telegram.vendor.ptb_urllib3.urllib3.connectionpool:WARNING:  Retrying (Retry(total=2, connect=None, read=None, redirect=None)) after connection broken by 'NewConnectionError('<telegram.vendor.ptb_urllib3.urllib3.connection.VerifiedHTTPSConnection object at 0x000002A2DAE37B10>: Failed to establish a new connection: [Errno 11001] getaddrinfo failed')': /bot6685183482:AAH6q7gWdUm5ZYYAbhoqDh0tqHIXcrjGSPw/sendMessage
2023-10-07 00:03:23,477:telegram.vendor.ptb_urllib3.urllib3.connectionpool:WARNING:  Retrying (Retry(total=1, connect=None, read=None, redirect=None)) after connection broken by 'NewConnectionError('<telegram.vendor.ptb_urllib3.urllib3.connection.VerifiedHTTPSConnection object at 0x000002A2DAE401D0>: Failed to establish a new connection: [Errno 11001] getaddrinfo failed')': /bot6685183482:AAH6q7gWdUm5ZYYAbhoqDh0tqHIXcrjGSPw/sendMessage
2023-10-07 00:03:23,477:telegram.vendor.ptb_urllib3.urllib3.connectionpool:WARNING:  Retrying (Retry(total=0, connect=None, read=None, redirect=None)) after connection broken by 'NewConnectionError('<telegram.vendor.ptb_urllib3.urllib3.connection.VerifiedHTTPSConnection object at 0x000002A2DAE40750>: Failed to establish a new connection: [Errno 11001] getaddrinfo failed')': /bot6685183482:AAH6q7gWdUm5ZYYAbhoqDh0tqHIXcrjGSPw/sendMessage
2023-10-07 00:03:23,477:telegram.ext.dispatcher:ERROR:  An uncaught error was raised while handling the error.
Traceback (most recent call last):
  File "C:\Users\Habte\AppData\Local\Programs\Python\Python311\Lib\site-packages\telegram\vendor\ptb_urllib3\urllib3\connection.py", line 140, in _new_conn
    conn = connection.create_connection(
           ^^^^^^^^^^^^^^^^^^^^^^^^^^^^^
  File "C:\Users\Habte\AppData\Local\Programs\Python\Python311\Lib\site-packages\telegram\vendor\ptb_urllib3\urllib3\util\connection.py", line 60, in create_connection
    for res in socket.getaddrinfo(host, port, family, socket.SOCK_STREAM):
               ^^^^^^^^^^^^^^^^^^^^^^^^^^^^^^^^^^^^^^^^^^^^^^^^^^^^^^^^^^
  File "C:\Users\Habte\AppData\Local\Programs\Python\Python311\Lib\socket.py", line 962, in getaddrinfo
    for res in _socket.getaddrinfo(host, port, family, type, proto, flags):
               ^^^^^^^^^^^^^^^^^^^^^^^^^^^^^^^^^^^^^^^^^^^^^^^^^^^^^^^^^^^
socket.gaierror: [Errno 11001] getaddrinfo failed

During handling of the above exception, another exception occurred:

Traceback (most recent call last):
  File "C:\Users\Habte\AppData\Local\Programs\Python\Python311\Lib\site-packages\telegram\vendor\ptb_urllib3\urllib3\connectionpool.py", line 614, in urlopen
    httplib_response = self._make_request(conn, method, url,
                       ^^^^^^^^^^^^^^^^^^^^^^^^^^^^^^^^^^^^^
  File "C:\Users\Habte\AppData\Local\Programs\Python\Python311\Lib\site-packages\telegram\vendor\ptb_urllib3\urllib3\connectionpool.py", line 360, in _make_request
    self._validate_conn(conn)
  File "C:\Users\Habte\AppData\Local\Programs\Python\Python311\Lib\site-packages\telegram\vendor\ptb_urllib3\urllib3\connectionpool.py", line 857, in _validate_conn
    super(HTTPSConnectionPool, self)._validate_conn(conn)
  File "C:\Users\Habte\AppData\Local\Programs\Python\Python311\Lib\site-packages\telegram\vendor\ptb_urllib3\urllib3\connectionpool.py", line 289, in _validate_conn
    conn.connect()
  File "C:\Users\Habte\AppData\Local\Programs\Python\Python311\Lib\site-packages\telegram\vendor\ptb_urllib3\urllib3\connection.py", line 284, in connect
    conn = self._new_conn()
           ^^^^^^^^^^^^^^^^
  File "C:\Users\Habte\AppData\Local\Programs\Python\Python311\Lib\site-packages\telegram\vendor\ptb_urllib3\urllib3\connection.py", line 149, in _new_conn
    raise NewConnectionError(
telegram.vendor.ptb_urllib3.urllib3.exceptions.NewConnectionError: <telegram.vendor.ptb_urllib3.urllib3.connection.VerifiedHTTPSConnection object at 0x000002A2DAE40DD0>: Failed to establish a new connection: [Errno 11001] getaddrinfo failed

During handling of the above exception, another exception occurred:

Traceback (most recent call last):
  File "C:\Users\Habte\AppData\Local\Programs\Python\Python311\Lib\site-packages\telegram\utils\request.py", line 259, in _request_wrapper
    resp = self._con_pool.request(*args, **kwargs)
           ^^^^^^^^^^^^^^^^^^^^^^^^^^^^^^^^^^^^^^^
  File "C:\Users\Habte\AppData\Local\Programs\Python\Python311\Lib\site-packages\telegram\vendor\ptb_urllib3\urllib3\request.py", line 68, in request
    return self.request_encode_body(method, url, fields=fields,
           ^^^^^^^^^^^^^^^^^^^^^^^^^^^^^^^^^^^^^^^^^^^^^^^^^^^^
  File "C:\Users\Habte\AppData\Local\Programs\Python\Python311\Lib\site-packages\telegram\vendor\ptb_urllib3\urllib3\request.py", line 148, in request_encode_body
    return self.urlopen(method, url, **extra_kw)
           ^^^^^^^^^^^^^^^^^^^^^^^^^^^^^^^^^^^^^
  File "C:\Users\Habte\AppData\Local\Programs\Python\Python311\Lib\site-packages\telegram\vendor\ptb_urllib3\urllib3\poolmanager.py", line 244, in urlopen
    response = conn.urlopen(method, u.request_uri, **kw)
               ^^^^^^^^^^^^^^^^^^^^^^^^^^^^^^^^^^^^^^^^^
  File "C:\Users\Habte\AppData\Local\Programs\Python\Python311\Lib\site-packages\telegram\vendor\ptb_urllib3\urllib3\connectionpool.py", line 691, in urlopen
    return self.urlopen(method, url, body, headers, retries,
           ^^^^^^^^^^^^^^^^^^^^^^^^^^^^^^^^^^^^^^^^^^^^^^^^^
  File "C:\Users\Habte\AppData\Local\Programs\Python\Python311\Lib\site-packages\telegram\vendor\ptb_urllib3\urllib3\connectionpool.py", line 691, in urlopen
    return self.urlopen(method, url, body, headers, retries,
           ^^^^^^^^^^^^^^^^^^^^^^^^^^^^^^^^^^^^^^^^^^^^^^^^^
  File "C:\Users\Habte\AppData\Local\Programs\Python\Python311\Lib\site-packages\telegram\vendor\ptb_urllib3\urllib3\connectionpool.py", line 691, in urlopen
    return self.urlopen(method, url, body, headers, retries,
           ^^^^^^^^^^^^^^^^^^^^^^^^^^^^^^^^^^^^^^^^^^^^^^^^^
  File "C:\Users\Habte\AppData\Local\Programs\Python\Python311\Lib\site-packages\telegram\vendor\ptb_urllib3\urllib3\connectionpool.py", line 665, in urlopen
    retries = retries.increment(method, url, error=e, _pool=self,
              ^^^^^^^^^^^^^^^^^^^^^^^^^^^^^^^^^^^^^^^^^^^^^^^^^^^
  File "C:\Users\Habte\AppData\Local\Programs\Python\Python311\Lib\site-packages\telegram\vendor\ptb_urllib3\urllib3\util\retry.py", line 376, in increment
    raise MaxRetryError(_pool, url, error or ResponseError(cause))
telegram.vendor.ptb_urllib3.urllib3.exceptions.MaxRetryError: HTTPSConnectionPool(host='api.telegram.org', port=443): Max retries exceeded with url: /bot6685183482:AAH6q7gWdUm5ZYYAbhoqDh0tqHIXcrjGSPw/sendMessage (Caused by NewConnectionError('<telegram.vendor.ptb_urllib3.urllib3.connection.VerifiedHTTPSConnection object at 0x000002A2DAE40DD0>: Failed to establish a new connection: [Errno 11001] getaddrinfo failed'))

The above exception was the direct cause of the following exception:

Traceback (most recent call last):
  File "C:\Users\Habte\AppData\Local\Programs\Python\Python311\Lib\site-packages\telegram\ext\dispatcher.py", line 538, in process_update
    self.dispatch_error(None, update)
  File "C:\Users\Habte\AppData\Local\Programs\Python\Python311\Lib\site-packages\telegram\ext\dispatcher.py", line 813, in dispatch_error
    callback(update, context)
  File "c:\Users\Habte\Desktop\IssueNotified\app.py", line 356, in handle_error
    updater.bot.send_message(chat_id=DEVELOPER_ID, text='An error occurred in the IssueNotified bot: \n{}'.format(context.error))
  File "C:\Users\Habte\AppData\Local\Programs\Python\Python311\Lib\site-packages\telegram\bot.py", line 133, in decorator
    result = func(*args, **kwargs)
             ^^^^^^^^^^^^^^^^^^^^^
  File "C:\Users\Habte\AppData\Local\Programs\Python\Python311\Lib\site-packages\telegram\bot.py", line 525, in send_message
    return self._message(  # type: ignore[return-value]
           ^^^^^^^^^^^^^^^^^^^^^^^^^^^^^^^^^^^^^^^^^^^^
  File "C:\Users\Habte\AppData\Local\Programs\Python\Python311\Lib\site-packages\telegram\ext\extbot.py", line 202, in _message
    result = super()._message(
             ^^^^^^^^^^^^^^^^^
  File "C:\Users\Habte\AppData\Local\Programs\Python\Python311\Lib\site-packages\telegram\bot.py", line 339, in _message
    result = self._post(endpoint, data, timeout=timeout, api_kwargs=api_kwargs)
             ^^^^^^^^^^^^^^^^^^^^^^^^^^^^^^^^^^^^^^^^^^^^^^^^^^^^^^^^^^^^^^^^^^
  File "C:\Users\Habte\AppData\Local\Programs\Python\Python311\Lib\site-packages\telegram\bot.py", line 298, in _post
    return self.request.post(
           ^^^^^^^^^^^^^^^^^^
  File "C:\Users\Habte\AppData\Local\Programs\Python\Python311\Lib\site-packages\telegram\utils\request.py", line 361, in post
    result = self._request_wrapper(
             ^^^^^^^^^^^^^^^^^^^^^^
  File "C:\Users\Habte\AppData\Local\Programs\Python\Python311\Lib\site-packages\telegram\utils\request.py", line 265, in _request_wrapper
    raise NetworkError(f'urllib3 HTTPError {error}') from error
telegram.error.NetworkError: urllib3 HTTPError HTTPSConnectionPool(host='api.telegram.org', port=443): Max retries exceeded with url: /bot6685183482:AAH6q7gWdUm5ZYYAbhoqDh0tqHIXcrjGSPw/sendMessage (Caused by NewConnectionError('<telegram.vendor.ptb_urllib3.urllib3.connection.VerifiedHTTPSConnection object at 0x000002A2DAE40DD0>: Failed to establish a new connection: [Errno 11001] getaddrinfo failed'))
2023-10-07 00:03:53,546:telegram.bot:DEBUG:  Entering: get_updates
2023-10-07 00:03:54,130:telegram.vendor.ptb_urllib3.urllib3.connectionpool:WARNING:  Retrying (Retry(total=2, connect=None, read=None, redirect=None)) after connection broken by 'NewConnectionError('<telegram.vendor.ptb_urllib3.urllib3.connection.VerifiedHTTPSConnection object at 0x000002A2DAE41090>: Failed to establish a new connection: [Errno 11001] getaddrinfo failed')': /bot6685183482:AAH6q7gWdUm5ZYYAbhoqDh0tqHIXcrjGSPw/getUpdates
2023-10-07 00:03:54,536:telegram.vendor.ptb_urllib3.urllib3.connectionpool:WARNING:  Retrying (Retry(total=1, connect=None, read=None, redirect=None)) after connection broken by 'NewConnectionError('<telegram.vendor.ptb_urllib3.urllib3.connection.VerifiedHTTPSConnection object at 0x000002A2DAE41550>: Failed to establish a new connection: [Errno 11001] getaddrinfo failed')': /bot6685183482:AAH6q7gWdUm5ZYYAbhoqDh0tqHIXcrjGSPw/getUpdates
2023-10-07 00:03:54,676:telegram.vendor.ptb_urllib3.urllib3.connectionpool:WARNING:  Retrying (Retry(total=0, connect=None, read=None, redirect=None)) after connection broken by 'NewConnectionError('<telegram.vendor.ptb_urllib3.urllib3.connection.VerifiedHTTPSConnection object at 0x000002A2DAE41F90>: Failed to establish a new connection: [Errno 11001] getaddrinfo failed')': /bot6685183482:AAH6q7gWdUm5ZYYAbhoqDh0tqHIXcrjGSPw/getUpdates
2023-10-07 00:03:54,942:telegram.ext.updater:ERROR:  Error while getting Updates: urllib3 HTTPError HTTPSConnectionPool(host='api.telegram.org', port=443): Max retries exceeded with url: /bot6685183482:AAH6q7gWdUm5ZYYAbhoqDh0tqHIXcrjGSPw/getUpdates (Caused by NewConnectionError('<telegram.vendor.ptb_urllib3.urllib3.connection.VerifiedHTTPSConnection object at 0x000002A2DAE42550>: Failed to establish a new connection: [Errno 11001] getaddrinfo failed'))
2023-10-07 00:03:54,942:telegram.ext.dispatcher:DEBUG:  Processing Update: urllib3 HTTPError HTTPSConnectionPool(host='api.telegram.org', port=443): Max retries exceeded with url: /bot6685183482:AAH6q7gWdUm5ZYYAbhoqDh0tqHIXcrjGSPw/getUpdates (Caused by NewConnectionError('<telegram.vendor.ptb_urllib3.urllib3.connection.VerifiedHTTPSConnection object at 0x000002A2DAE42550>: Failed to establish a new connection: [Errno 11001] getaddrinfo failed'))
2023-10-07 00:03:54,942:__main__:ERROR:  urllib3 HTTPError HTTPSConnectionPool(host='api.telegram.org', port=443): Max retries exceeded with url: /bot6685183482:AAH6q7gWdUm5ZYYAbhoqDh0tqHIXcrjGSPw/getUpdates (Caused by NewConnectionError('<telegram.vendor.ptb_urllib3.urllib3.connection.VerifiedHTTPSConnection object at 0x000002A2DAE42550>: Failed to establish a new connection: [Errno 11001] getaddrinfo failed'))
NoneType: None
2023-10-07 00:03:54,942:telegram.bot:DEBUG:  Entering: send_message
2023-10-07 00:03:54,958:telegram.vendor.ptb_urllib3.urllib3.connectionpool:WARNING:  Retrying (Retry(total=2, connect=None, read=None, redirect=None)) after connection broken by 'NewConnectionError('<telegram.vendor.ptb_urllib3.urllib3.connection.VerifiedHTTPSConnection object at 0x000002A2D9BE0650>: Failed to establish a new connection: [Errno 11001] getaddrinfo failed')': /bot6685183482:AAH6q7gWdUm5ZYYAbhoqDh0tqHIXcrjGSPw/sendMessage
2023-10-07 00:03:55,249:telegram.vendor.ptb_urllib3.urllib3.connectionpool:WARNING:  Retrying (Retry(total=1, connect=None, read=None, redirect=None)) after connection broken by 'NewConnectionError('<telegram.vendor.ptb_urllib3.urllib3.connection.VerifiedHTTPSConnection object at 0x000002A2DAE37010>: Failed to establish a new connection: [Errno 11001] getaddrinfo failed')': /bot6685183482:AAH6q7gWdUm5ZYYAbhoqDh0tqHIXcrjGSPw/sendMessage
2023-10-07 00:03:55,296:telegram.vendor.ptb_urllib3.urllib3.connectionpool:WARNING:  Retrying (Retry(total=0, connect=None, read=None, redirect=None)) after connection broken by 'NewConnectionError('<telegram.vendor.ptb_urllib3.urllib3.connection.VerifiedHTTPSConnection object at 0x000002A2DAE37790>: Failed to establish a new connection: [Errno 11001] getaddrinfo failed')': /bot6685183482:AAH6q7gWdUm5ZYYAbhoqDh0tqHIXcrjGSPw/sendMessage
2023-10-07 00:03:55,390:telegram.ext.dispatcher:ERROR:  An uncaught error was raised while handling the error.
Traceback (most recent call last):
  File "C:\Users\Habte\AppData\Local\Programs\Python\Python311\Lib\site-packages\telegram\vendor\ptb_urllib3\urllib3\connection.py", line 140, in _new_conn
    conn = connection.create_connection(
           ^^^^^^^^^^^^^^^^^^^^^^^^^^^^^
  File "C:\Users\Habte\AppData\Local\Programs\Python\Python311\Lib\site-packages\telegram\vendor\ptb_urllib3\urllib3\util\connection.py", line 60, in create_connection
    for res in socket.getaddrinfo(host, port, family, socket.SOCK_STREAM):
               ^^^^^^^^^^^^^^^^^^^^^^^^^^^^^^^^^^^^^^^^^^^^^^^^^^^^^^^^^^
  File "C:\Users\Habte\AppData\Local\Programs\Python\Python311\Lib\socket.py", line 962, in getaddrinfo
    for res in _socket.getaddrinfo(host, port, family, type, proto, flags):
               ^^^^^^^^^^^^^^^^^^^^^^^^^^^^^^^^^^^^^^^^^^^^^^^^^^^^^^^^^^^
socket.gaierror: [Errno 11001] getaddrinfo failed

During handling of the above exception, another exception occurred:

Traceback (most recent call last):
  File "C:\Users\Habte\AppData\Local\Programs\Python\Python311\Lib\site-packages\telegram\vendor\ptb_urllib3\urllib3\connectionpool.py", line 614, in urlopen
    httplib_response = self._make_request(conn, method, url,
                       ^^^^^^^^^^^^^^^^^^^^^^^^^^^^^^^^^^^^^
  File "C:\Users\Habte\AppData\Local\Programs\Python\Python311\Lib\site-packages\telegram\vendor\ptb_urllib3\urllib3\connectionpool.py", line 360, in _make_request
    self._validate_conn(conn)
  File "C:\Users\Habte\AppData\Local\Programs\Python\Python311\Lib\site-packages\telegram\vendor\ptb_urllib3\urllib3\connectionpool.py", line 857, in _validate_conn
    super(HTTPSConnectionPool, self)._validate_conn(conn)
  File "C:\Users\Habte\AppData\Local\Programs\Python\Python311\Lib\site-packages\telegram\vendor\ptb_urllib3\urllib3\connectionpool.py", line 289, in _validate_conn
    conn.connect()
  File "C:\Users\Habte\AppData\Local\Programs\Python\Python311\Lib\site-packages\telegram\vendor\ptb_urllib3\urllib3\connection.py", line 284, in connect
    conn = self._new_conn()
           ^^^^^^^^^^^^^^^^
  File "C:\Users\Habte\AppData\Local\Programs\Python\Python311\Lib\site-packages\telegram\vendor\ptb_urllib3\urllib3\connection.py", line 149, in _new_conn
    raise NewConnectionError(
telegram.vendor.ptb_urllib3.urllib3.exceptions.NewConnectionError: <telegram.vendor.ptb_urllib3.urllib3.connection.VerifiedHTTPSConnection object at 0x000002A2DAE37CD0>: Failed to establish a new connection: [Errno 11001] getaddrinfo failed

During handling of the above exception, another exception occurred:

Traceback (most recent call last):
  File "C:\Users\Habte\AppData\Local\Programs\Python\Python311\Lib\site-packages\telegram\utils\request.py", line 259, in _request_wrapper
    resp = self._con_pool.request(*args, **kwargs)
           ^^^^^^^^^^^^^^^^^^^^^^^^^^^^^^^^^^^^^^^
  File "C:\Users\Habte\AppData\Local\Programs\Python\Python311\Lib\site-packages\telegram\vendor\ptb_urllib3\urllib3\request.py", line 68, in request
    return self.request_encode_body(method, url, fields=fields,
           ^^^^^^^^^^^^^^^^^^^^^^^^^^^^^^^^^^^^^^^^^^^^^^^^^^^^
  File "C:\Users\Habte\AppData\Local\Programs\Python\Python311\Lib\site-packages\telegram\vendor\ptb_urllib3\urllib3\request.py", line 148, in request_encode_body
    return self.urlopen(method, url, **extra_kw)
           ^^^^^^^^^^^^^^^^^^^^^^^^^^^^^^^^^^^^^
  File "C:\Users\Habte\AppData\Local\Programs\Python\Python311\Lib\site-packages\telegram\vendor\ptb_urllib3\urllib3\poolmanager.py", line 244, in urlopen
    response = conn.urlopen(method, u.request_uri, **kw)
               ^^^^^^^^^^^^^^^^^^^^^^^^^^^^^^^^^^^^^^^^^
  File "C:\Users\Habte\AppData\Local\Programs\Python\Python311\Lib\site-packages\telegram\vendor\ptb_urllib3\urllib3\connectionpool.py", line 691, in urlopen
    return self.urlopen(method, url, body, headers, retries,
           ^^^^^^^^^^^^^^^^^^^^^^^^^^^^^^^^^^^^^^^^^^^^^^^^^
  File "C:\Users\Habte\AppData\Local\Programs\Python\Python311\Lib\site-packages\telegram\vendor\ptb_urllib3\urllib3\connectionpool.py", line 691, in urlopen
    return self.urlopen(method, url, body, headers, retries,
           ^^^^^^^^^^^^^^^^^^^^^^^^^^^^^^^^^^^^^^^^^^^^^^^^^
  File "C:\Users\Habte\AppData\Local\Programs\Python\Python311\Lib\site-packages\telegram\vendor\ptb_urllib3\urllib3\connectionpool.py", line 691, in urlopen
    return self.urlopen(method, url, body, headers, retries,
           ^^^^^^^^^^^^^^^^^^^^^^^^^^^^^^^^^^^^^^^^^^^^^^^^^
  File "C:\Users\Habte\AppData\Local\Programs\Python\Python311\Lib\site-packages\telegram\vendor\ptb_urllib3\urllib3\connectionpool.py", line 665, in urlopen
    retries = retries.increment(method, url, error=e, _pool=self,
              ^^^^^^^^^^^^^^^^^^^^^^^^^^^^^^^^^^^^^^^^^^^^^^^^^^^
  File "C:\Users\Habte\AppData\Local\Programs\Python\Python311\Lib\site-packages\telegram\vendor\ptb_urllib3\urllib3\util\retry.py", line 376, in increment
    raise MaxRetryError(_pool, url, error or ResponseError(cause))
telegram.vendor.ptb_urllib3.urllib3.exceptions.MaxRetryError: HTTPSConnectionPool(host='api.telegram.org', port=443): Max retries exceeded with url: /bot6685183482:AAH6q7gWdUm5ZYYAbhoqDh0tqHIXcrjGSPw/sendMessage (Caused by NewConnectionError('<telegram.vendor.ptb_urllib3.urllib3.connection.VerifiedHTTPSConnection object at 0x000002A2DAE37CD0>: Failed to establish a new connection: [Errno 11001] getaddrinfo failed'))

The above exception was the direct cause of the following exception:

Traceback (most recent call last):
  File "C:\Users\Habte\AppData\Local\Programs\Python\Python311\Lib\site-packages\telegram\ext\dispatcher.py", line 538, in process_update
    self.dispatch_error(None, update)
  File "C:\Users\Habte\AppData\Local\Programs\Python\Python311\Lib\site-packages\telegram\ext\dispatcher.py", line 813, in dispatch_error
    callback(update, context)
  File "c:\Users\Habte\Desktop\IssueNotified\app.py", line 356, in handle_error
    updater.bot.send_message(chat_id=DEVELOPER_ID, text='An error occurred in the IssueNotified bot: \n{}'.format(context.error))
  File "C:\Users\Habte\AppData\Local\Programs\Python\Python311\Lib\site-packages\telegram\bot.py", line 133, in decorator
    result = func(*args, **kwargs)
             ^^^^^^^^^^^^^^^^^^^^^
  File "C:\Users\Habte\AppData\Local\Programs\Python\Python311\Lib\site-packages\telegram\bot.py", line 525, in send_message
    return self._message(  # type: ignore[return-value]
           ^^^^^^^^^^^^^^^^^^^^^^^^^^^^^^^^^^^^^^^^^^^^
  File "C:\Users\Habte\AppData\Local\Programs\Python\Python311\Lib\site-packages\telegram\ext\extbot.py", line 202, in _message
    result = super()._message(
             ^^^^^^^^^^^^^^^^^
  File "C:\Users\Habte\AppData\Local\Programs\Python\Python311\Lib\site-packages\telegram\bot.py", line 339, in _message
    result = self._post(endpoint, data, timeout=timeout, api_kwargs=api_kwargs)
             ^^^^^^^^^^^^^^^^^^^^^^^^^^^^^^^^^^^^^^^^^^^^^^^^^^^^^^^^^^^^^^^^^^
  File "C:\Users\Habte\AppData\Local\Programs\Python\Python311\Lib\site-packages\telegram\bot.py", line 298, in _post
    return self.request.post(
           ^^^^^^^^^^^^^^^^^^
  File "C:\Users\Habte\AppData\Local\Programs\Python\Python311\Lib\site-packages\telegram\utils\request.py", line 361, in post
    result = self._request_wrapper(
             ^^^^^^^^^^^^^^^^^^^^^^
  File "C:\Users\Habte\AppData\Local\Programs\Python\Python311\Lib\site-packages\telegram\utils\request.py", line 265, in _request_wrapper
    raise NetworkError(f'urllib3 HTTPError {error}') from error
telegram.error.NetworkError: urllib3 HTTPError HTTPSConnectionPool(host='api.telegram.org', port=443): Max retries exceeded with url: /bot6685183482:AAH6q7gWdUm5ZYYAbhoqDh0tqHIXcrjGSPw/sendMessage (Caused by NewConnectionError('<telegram.vendor.ptb_urllib3.urllib3.connection.VerifiedHTTPSConnection object at 0x000002A2DAE37CD0>: Failed to establish a new connection: [Errno 11001] getaddrinfo failed'))
2023-10-07 00:04:24,946:telegram.bot:DEBUG:  Entering: get_updates
2023-10-07 00:04:41,127:telegram.bot:DEBUG:  No new updates found.
2023-10-07 00:04:41,128:telegram.bot:DEBUG:  []
2023-10-07 00:04:41,128:telegram.bot:DEBUG:  Exiting: get_updates
2023-10-07 00:04:41,128:telegram.bot:DEBUG:  Entering: get_updates
2023-10-07 00:04:51,280:telegram.bot:DEBUG:  No new updates found.
2023-10-07 00:04:51,281:telegram.bot:DEBUG:  []
2023-10-07 00:04:51,281:telegram.bot:DEBUG:  Exiting: get_updates
2023-10-07 00:04:51,281:telegram.bot:DEBUG:  Entering: get_updates
2023-10-07 00:05:01,759:telegram.bot:DEBUG:  No new updates found.
2023-10-07 00:05:01,759:telegram.bot:DEBUG:  []
2023-10-07 00:05:01,759:telegram.bot:DEBUG:  Exiting: get_updates
2023-10-07 00:05:01,759:telegram.bot:DEBUG:  Entering: get_updates
2023-10-07 00:05:11,921:telegram.bot:DEBUG:  No new updates found.
2023-10-07 00:05:11,921:telegram.bot:DEBUG:  []
2023-10-07 00:05:11,921:telegram.bot:DEBUG:  Exiting: get_updates
2023-10-07 00:05:11,921:telegram.bot:DEBUG:  Entering: get_updates
2023-10-07 00:05:22,080:telegram.bot:DEBUG:  No new updates found.
2023-10-07 00:05:22,081:telegram.bot:DEBUG:  []
2023-10-07 00:05:22,081:telegram.bot:DEBUG:  Exiting: get_updates
2023-10-07 00:05:22,081:telegram.bot:DEBUG:  Entering: get_updates
2023-10-07 00:05:32,641:telegram.bot:DEBUG:  No new updates found.
2023-10-07 00:05:32,641:telegram.bot:DEBUG:  []
2023-10-07 00:05:32,642:telegram.bot:DEBUG:  Exiting: get_updates
2023-10-07 00:05:32,642:telegram.bot:DEBUG:  Entering: get_updates
2023-10-07 00:05:42,766:telegram.bot:DEBUG:  No new updates found.
2023-10-07 00:05:42,766:telegram.bot:DEBUG:  []
2023-10-07 00:05:42,767:telegram.bot:DEBUG:  Exiting: get_updates
2023-10-07 00:05:42,767:telegram.bot:DEBUG:  Entering: get_updates
2023-10-07 00:05:52,961:telegram.bot:DEBUG:  No new updates found.
2023-10-07 00:05:52,961:telegram.bot:DEBUG:  []
2023-10-07 00:05:52,962:telegram.bot:DEBUG:  Exiting: get_updates
2023-10-07 00:05:52,962:telegram.bot:DEBUG:  Entering: get_updates
2023-10-07 00:06:03,122:telegram.bot:DEBUG:  No new updates found.
2023-10-07 00:06:03,123:telegram.bot:DEBUG:  []
2023-10-07 00:06:03,123:telegram.bot:DEBUG:  Exiting: get_updates
2023-10-07 00:06:03,123:telegram.bot:DEBUG:  Entering: get_updates
2023-10-07 00:06:13,632:telegram.bot:DEBUG:  No new updates found.
2023-10-07 00:06:13,632:telegram.bot:DEBUG:  []
2023-10-07 00:06:13,632:telegram.bot:DEBUG:  Exiting: get_updates
2023-10-07 00:06:13,632:telegram.bot:DEBUG:  Entering: get_updates
2023-10-07 00:06:17,957:telegram.ext.updater:ERROR:  Error while getting Updates: urllib3 HTTPError ('Connection aborted.', RemoteDisconnected('Remote end closed connection without response'))
2023-10-07 00:06:17,982:telegram.ext.dispatcher:DEBUG:  Processing Update: urllib3 HTTPError ('Connection aborted.', RemoteDisconnected('Remote end closed connection without response'))
2023-10-07 00:06:17,982:__main__:ERROR:  urllib3 HTTPError ('Connection aborted.', RemoteDisconnected('Remote end closed connection without response'))
NoneType: None
2023-10-07 00:06:17,983:telegram.bot:DEBUG:  Entering: send_message
2023-10-07 00:06:18,033:telegram.vendor.ptb_urllib3.urllib3.connectionpool:WARNING:  Retrying (Retry(total=2, connect=None, read=None, redirect=None)) after connection broken by 'NewConnectionError('<telegram.vendor.ptb_urllib3.urllib3.connection.VerifiedHTTPSConnection object at 0x000002A2DAE2CDD0>: Failed to establish a new connection: [Errno 11001] getaddrinfo failed')': /bot6685183482:AAH6q7gWdUm5ZYYAbhoqDh0tqHIXcrjGSPw/sendMessage
2023-10-07 00:06:18,216:telegram.vendor.ptb_urllib3.urllib3.connectionpool:WARNING:  Retrying (Retry(total=1, connect=None, read=None, redirect=None)) after connection broken by 'NewConnectionError('<telegram.vendor.ptb_urllib3.urllib3.connection.VerifiedHTTPSConnection object at 0x000002A2DAE2C250>: Failed to establish a new connection: [Errno 11001] getaddrinfo failed')': /bot6685183482:AAH6q7gWdUm5ZYYAbhoqDh0tqHIXcrjGSPw/sendMessage
2023-10-07 00:06:18,367:telegram.vendor.ptb_urllib3.urllib3.connectionpool:WARNING:  Retrying (Retry(total=0, connect=None, read=None, redirect=None)) after connection broken by 'NewConnectionError('<telegram.vendor.ptb_urllib3.urllib3.connection.VerifiedHTTPSConnection object at 0x000002A2DAE13990>: Failed to establish a new connection: [Errno 11001] getaddrinfo failed')': /bot6685183482:AAH6q7gWdUm5ZYYAbhoqDh0tqHIXcrjGSPw/sendMessage
2023-10-07 00:06:18,479:telegram.ext.dispatcher:ERROR:  An uncaught error was raised while handling the error.
Traceback (most recent call last):
  File "C:\Users\Habte\AppData\Local\Programs\Python\Python311\Lib\site-packages\telegram\vendor\ptb_urllib3\urllib3\connection.py", line 140, in _new_conn
    conn = connection.create_connection(
           ^^^^^^^^^^^^^^^^^^^^^^^^^^^^^
  File "C:\Users\Habte\AppData\Local\Programs\Python\Python311\Lib\site-packages\telegram\vendor\ptb_urllib3\urllib3\util\connection.py", line 60, in create_connection
    for res in socket.getaddrinfo(host, port, family, socket.SOCK_STREAM):
               ^^^^^^^^^^^^^^^^^^^^^^^^^^^^^^^^^^^^^^^^^^^^^^^^^^^^^^^^^^
  File "C:\Users\Habte\AppData\Local\Programs\Python\Python311\Lib\socket.py", line 962, in getaddrinfo
    for res in _socket.getaddrinfo(host, port, family, type, proto, flags):
               ^^^^^^^^^^^^^^^^^^^^^^^^^^^^^^^^^^^^^^^^^^^^^^^^^^^^^^^^^^^
socket.gaierror: [Errno 11001] getaddrinfo failed

During handling of the above exception, another exception occurred:

Traceback (most recent call last):
  File "C:\Users\Habte\AppData\Local\Programs\Python\Python311\Lib\site-packages\telegram\vendor\ptb_urllib3\urllib3\connectionpool.py", line 614, in urlopen
    httplib_response = self._make_request(conn, method, url,
                       ^^^^^^^^^^^^^^^^^^^^^^^^^^^^^^^^^^^^^
  File "C:\Users\Habte\AppData\Local\Programs\Python\Python311\Lib\site-packages\telegram\vendor\ptb_urllib3\urllib3\connectionpool.py", line 360, in _make_request
    self._validate_conn(conn)
  File "C:\Users\Habte\AppData\Local\Programs\Python\Python311\Lib\site-packages\telegram\vendor\ptb_urllib3\urllib3\connectionpool.py", line 857, in _validate_conn
    super(HTTPSConnectionPool, self)._validate_conn(conn)
  File "C:\Users\Habte\AppData\Local\Programs\Python\Python311\Lib\site-packages\telegram\vendor\ptb_urllib3\urllib3\connectionpool.py", line 289, in _validate_conn
    conn.connect()
  File "C:\Users\Habte\AppData\Local\Programs\Python\Python311\Lib\site-packages\telegram\vendor\ptb_urllib3\urllib3\connection.py", line 284, in connect
    conn = self._new_conn()
           ^^^^^^^^^^^^^^^^
  File "C:\Users\Habte\AppData\Local\Programs\Python\Python311\Lib\site-packages\telegram\vendor\ptb_urllib3\urllib3\connection.py", line 149, in _new_conn
    raise NewConnectionError(
telegram.vendor.ptb_urllib3.urllib3.exceptions.NewConnectionError: <telegram.vendor.ptb_urllib3.urllib3.connection.VerifiedHTTPSConnection object at 0x000002A2DAE103D0>: Failed to establish a new connection: [Errno 11001] getaddrinfo failed

During handling of the above exception, another exception occurred:

Traceback (most recent call last):
  File "C:\Users\Habte\AppData\Local\Programs\Python\Python311\Lib\site-packages\telegram\utils\request.py", line 259, in _request_wrapper
    resp = self._con_pool.request(*args, **kwargs)
           ^^^^^^^^^^^^^^^^^^^^^^^^^^^^^^^^^^^^^^^
  File "C:\Users\Habte\AppData\Local\Programs\Python\Python311\Lib\site-packages\telegram\vendor\ptb_urllib3\urllib3\request.py", line 68, in request
    return self.request_encode_body(method, url, fields=fields,
           ^^^^^^^^^^^^^^^^^^^^^^^^^^^^^^^^^^^^^^^^^^^^^^^^^^^^
  File "C:\Users\Habte\AppData\Local\Programs\Python\Python311\Lib\site-packages\telegram\vendor\ptb_urllib3\urllib3\request.py", line 148, in request_encode_body
    return self.urlopen(method, url, **extra_kw)
           ^^^^^^^^^^^^^^^^^^^^^^^^^^^^^^^^^^^^^
  File "C:\Users\Habte\AppData\Local\Programs\Python\Python311\Lib\site-packages\telegram\vendor\ptb_urllib3\urllib3\poolmanager.py", line 244, in urlopen
    response = conn.urlopen(method, u.request_uri, **kw)
               ^^^^^^^^^^^^^^^^^^^^^^^^^^^^^^^^^^^^^^^^^
  File "C:\Users\Habte\AppData\Local\Programs\Python\Python311\Lib\site-packages\telegram\vendor\ptb_urllib3\urllib3\connectionpool.py", line 691, in urlopen
    return self.urlopen(method, url, body, headers, retries,
           ^^^^^^^^^^^^^^^^^^^^^^^^^^^^^^^^^^^^^^^^^^^^^^^^^
  File "C:\Users\Habte\AppData\Local\Programs\Python\Python311\Lib\site-packages\telegram\vendor\ptb_urllib3\urllib3\connectionpool.py", line 691, in urlopen
    return self.urlopen(method, url, body, headers, retries,
           ^^^^^^^^^^^^^^^^^^^^^^^^^^^^^^^^^^^^^^^^^^^^^^^^^
  File "C:\Users\Habte\AppData\Local\Programs\Python\Python311\Lib\site-packages\telegram\vendor\ptb_urllib3\urllib3\connectionpool.py", line 691, in urlopen
    return self.urlopen(method, url, body, headers, retries,
           ^^^^^^^^^^^^^^^^^^^^^^^^^^^^^^^^^^^^^^^^^^^^^^^^^
  File "C:\Users\Habte\AppData\Local\Programs\Python\Python311\Lib\site-packages\telegram\vendor\ptb_urllib3\urllib3\connectionpool.py", line 665, in urlopen
    retries = retries.increment(method, url, error=e, _pool=self,
              ^^^^^^^^^^^^^^^^^^^^^^^^^^^^^^^^^^^^^^^^^^^^^^^^^^^
  File "C:\Users\Habte\AppData\Local\Programs\Python\Python311\Lib\site-packages\telegram\vendor\ptb_urllib3\urllib3\util\retry.py", line 376, in increment
    raise MaxRetryError(_pool, url, error or ResponseError(cause))
telegram.vendor.ptb_urllib3.urllib3.exceptions.MaxRetryError: HTTPSConnectionPool(host='api.telegram.org', port=443): Max retries exceeded with url: /bot6685183482:AAH6q7gWdUm5ZYYAbhoqDh0tqHIXcrjGSPw/sendMessage (Caused by NewConnectionError('<telegram.vendor.ptb_urllib3.urllib3.connection.VerifiedHTTPSConnection object at 0x000002A2DAE103D0>: Failed to establish a new connection: [Errno 11001] getaddrinfo failed'))

The above exception was the direct cause of the following exception:

Traceback (most recent call last):
  File "C:\Users\Habte\AppData\Local\Programs\Python\Python311\Lib\site-packages\telegram\ext\dispatcher.py", line 538, in process_update
    self.dispatch_error(None, update)
  File "C:\Users\Habte\AppData\Local\Programs\Python\Python311\Lib\site-packages\telegram\ext\dispatcher.py", line 813, in dispatch_error
    callback(update, context)
  File "c:\Users\Habte\Desktop\IssueNotified\app.py", line 356, in handle_error
    updater.bot.send_message(chat_id=DEVELOPER_ID, text='An error occurred in the IssueNotified bot: \n{}'.format(context.error))
  File "C:\Users\Habte\AppData\Local\Programs\Python\Python311\Lib\site-packages\telegram\bot.py", line 133, in decorator
    result = func(*args, **kwargs)
             ^^^^^^^^^^^^^^^^^^^^^
  File "C:\Users\Habte\AppData\Local\Programs\Python\Python311\Lib\site-packages\telegram\bot.py", line 525, in send_message
    return self._message(  # type: ignore[return-value]
           ^^^^^^^^^^^^^^^^^^^^^^^^^^^^^^^^^^^^^^^^^^^^
  File "C:\Users\Habte\AppData\Local\Programs\Python\Python311\Lib\site-packages\telegram\ext\extbot.py", line 202, in _message
    result = super()._message(
             ^^^^^^^^^^^^^^^^^
  File "C:\Users\Habte\AppData\Local\Programs\Python\Python311\Lib\site-packages\telegram\bot.py", line 339, in _message
    result = self._post(endpoint, data, timeout=timeout, api_kwargs=api_kwargs)
             ^^^^^^^^^^^^^^^^^^^^^^^^^^^^^^^^^^^^^^^^^^^^^^^^^^^^^^^^^^^^^^^^^^
  File "C:\Users\Habte\AppData\Local\Programs\Python\Python311\Lib\site-packages\telegram\bot.py", line 298, in _post
    return self.request.post(
           ^^^^^^^^^^^^^^^^^^
  File "C:\Users\Habte\AppData\Local\Programs\Python\Python311\Lib\site-packages\telegram\utils\request.py", line 361, in post
    result = self._request_wrapper(
             ^^^^^^^^^^^^^^^^^^^^^^
  File "C:\Users\Habte\AppData\Local\Programs\Python\Python311\Lib\site-packages\telegram\utils\request.py", line 265, in _request_wrapper
    raise NetworkError(f'urllib3 HTTPError {error}') from error
telegram.error.NetworkError: urllib3 HTTPError HTTPSConnectionPool(host='api.telegram.org', port=443): Max retries exceeded with url: /bot6685183482:AAH6q7gWdUm5ZYYAbhoqDh0tqHIXcrjGSPw/sendMessage (Caused by NewConnectionError('<telegram.vendor.ptb_urllib3.urllib3.connection.VerifiedHTTPSConnection object at 0x000002A2DAE103D0>: Failed to establish a new connection: [Errno 11001] getaddrinfo failed'))
2023-10-07 00:06:18,962:telegram.bot:DEBUG:  Entering: get_updates
2023-10-07 00:06:18,982:telegram.vendor.ptb_urllib3.urllib3.connectionpool:WARNING:  Retrying (Retry(total=2, connect=None, read=None, redirect=None)) after connection broken by 'NewConnectionError('<telegram.vendor.ptb_urllib3.urllib3.connection.VerifiedHTTPSConnection object at 0x000002A2DAE11E10>: Failed to establish a new connection: [Errno 11001] getaddrinfo failed')': /bot6685183482:AAH6q7gWdUm5ZYYAbhoqDh0tqHIXcrjGSPw/getUpdates
2023-10-07 00:06:18,982:telegram.vendor.ptb_urllib3.urllib3.connectionpool:WARNING:  Retrying (Retry(total=1, connect=None, read=None, redirect=None)) after connection broken by 'NewConnectionError('<telegram.vendor.ptb_urllib3.urllib3.connection.VerifiedHTTPSConnection object at 0x000002A2DAE10310>: Failed to establish a new connection: [Errno 11001] getaddrinfo failed')': /bot6685183482:AAH6q7gWdUm5ZYYAbhoqDh0tqHIXcrjGSPw/getUpdates
2023-10-07 00:06:18,982:telegram.vendor.ptb_urllib3.urllib3.connectionpool:WARNING:  Retrying (Retry(total=0, connect=None, read=None, redirect=None)) after connection broken by 'NewConnectionError('<telegram.vendor.ptb_urllib3.urllib3.connection.VerifiedHTTPSConnection object at 0x000002A2DAE40A10>: Failed to establish a new connection: [Errno 11001] getaddrinfo failed')': /bot6685183482:AAH6q7gWdUm5ZYYAbhoqDh0tqHIXcrjGSPw/getUpdates
2023-10-07 00:06:18,982:telegram.ext.updater:ERROR:  Error while getting Updates: urllib3 HTTPError HTTPSConnectionPool(host='api.telegram.org', port=443): Max retries exceeded with url: /bot6685183482:AAH6q7gWdUm5ZYYAbhoqDh0tqHIXcrjGSPw/getUpdates (Caused by NewConnectionError('<telegram.vendor.ptb_urllib3.urllib3.connection.VerifiedHTTPSConnection object at 0x000002A2DAE42CD0>: Failed to establish a new connection: [Errno 11001] getaddrinfo failed'))
2023-10-07 00:06:18,982:telegram.ext.dispatcher:DEBUG:  Processing Update: urllib3 HTTPError HTTPSConnectionPool(host='api.telegram.org', port=443): Max retries exceeded with url: /bot6685183482:AAH6q7gWdUm5ZYYAbhoqDh0tqHIXcrjGSPw/getUpdates (Caused by NewConnectionError('<telegram.vendor.ptb_urllib3.urllib3.connection.VerifiedHTTPSConnection object at 0x000002A2DAE42CD0>: Failed to establish a new connection: [Errno 11001] getaddrinfo failed'))
2023-10-07 00:06:18,982:__main__:ERROR:  urllib3 HTTPError HTTPSConnectionPool(host='api.telegram.org', port=443): Max retries exceeded with url: /bot6685183482:AAH6q7gWdUm5ZYYAbhoqDh0tqHIXcrjGSPw/getUpdates (Caused by NewConnectionError('<telegram.vendor.ptb_urllib3.urllib3.connection.VerifiedHTTPSConnection object at 0x000002A2DAE42CD0>: Failed to establish a new connection: [Errno 11001] getaddrinfo failed'))
NoneType: None
2023-10-07 00:06:18,982:telegram.bot:DEBUG:  Entering: send_message
2023-10-07 00:06:18,982:telegram.vendor.ptb_urllib3.urllib3.connectionpool:WARNING:  Retrying (Retry(total=2, connect=None, read=None, redirect=None)) after connection broken by 'NewConnectionError('<telegram.vendor.ptb_urllib3.urllib3.connection.VerifiedHTTPSConnection object at 0x000002A2DAE43810>: Failed to establish a new connection: [Errno 11001] getaddrinfo failed')': /bot6685183482:AAH6q7gWdUm5ZYYAbhoqDh0tqHIXcrjGSPw/sendMessage
2023-10-07 00:06:19,003:telegram.vendor.ptb_urllib3.urllib3.connectionpool:WARNING:  Retrying (Retry(total=1, connect=None, read=None, redirect=None)) after connection broken by 'NewConnectionError('<telegram.vendor.ptb_urllib3.urllib3.connection.VerifiedHTTPSConnection object at 0x000002A2DAE43E50>: Failed to establish a new connection: [Errno 11001] getaddrinfo failed')': /bot6685183482:AAH6q7gWdUm5ZYYAbhoqDh0tqHIXcrjGSPw/sendMessage
2023-10-07 00:06:19,005:telegram.vendor.ptb_urllib3.urllib3.connectionpool:WARNING:  Retrying (Retry(total=0, connect=None, read=None, redirect=None)) after connection broken by 'NewConnectionError('<telegram.vendor.ptb_urllib3.urllib3.connection.VerifiedHTTPSConnection object at 0x000002A2DAE4C410>: Failed to establish a new connection: [Errno 11001] getaddrinfo failed')': /bot6685183482:AAH6q7gWdUm5ZYYAbhoqDh0tqHIXcrjGSPw/sendMessage
2023-10-07 00:06:19,030:telegram.ext.dispatcher:ERROR:  An uncaught error was raised while handling the error.
Traceback (most recent call last):
  File "C:\Users\Habte\AppData\Local\Programs\Python\Python311\Lib\site-packages\telegram\vendor\ptb_urllib3\urllib3\connection.py", line 140, in _new_conn
    conn = connection.create_connection(
           ^^^^^^^^^^^^^^^^^^^^^^^^^^^^^
  File "C:\Users\Habte\AppData\Local\Programs\Python\Python311\Lib\site-packages\telegram\vendor\ptb_urllib3\urllib3\util\connection.py", line 60, in create_connection
    for res in socket.getaddrinfo(host, port, family, socket.SOCK_STREAM):
               ^^^^^^^^^^^^^^^^^^^^^^^^^^^^^^^^^^^^^^^^^^^^^^^^^^^^^^^^^^
  File "C:\Users\Habte\AppData\Local\Programs\Python\Python311\Lib\socket.py", line 962, in getaddrinfo
    for res in _socket.getaddrinfo(host, port, family, type, proto, flags):
               ^^^^^^^^^^^^^^^^^^^^^^^^^^^^^^^^^^^^^^^^^^^^^^^^^^^^^^^^^^^
socket.gaierror: [Errno 11001] getaddrinfo failed

During handling of the above exception, another exception occurred:

Traceback (most recent call last):
  File "C:\Users\Habte\AppData\Local\Programs\Python\Python311\Lib\site-packages\telegram\vendor\ptb_urllib3\urllib3\connectionpool.py", line 614, in urlopen
    httplib_response = self._make_request(conn, method, url,
                       ^^^^^^^^^^^^^^^^^^^^^^^^^^^^^^^^^^^^^
  File "C:\Users\Habte\AppData\Local\Programs\Python\Python311\Lib\site-packages\telegram\vendor\ptb_urllib3\urllib3\connectionpool.py", line 360, in _make_request
    self._validate_conn(conn)
  File "C:\Users\Habte\AppData\Local\Programs\Python\Python311\Lib\site-packages\telegram\vendor\ptb_urllib3\urllib3\connectionpool.py", line 857, in _validate_conn
    super(HTTPSConnectionPool, self)._validate_conn(conn)
  File "C:\Users\Habte\AppData\Local\Programs\Python\Python311\Lib\site-packages\telegram\vendor\ptb_urllib3\urllib3\connectionpool.py", line 289, in _validate_conn
    conn.connect()
  File "C:\Users\Habte\AppData\Local\Programs\Python\Python311\Lib\site-packages\telegram\vendor\ptb_urllib3\urllib3\connection.py", line 284, in connect
    conn = self._new_conn()
           ^^^^^^^^^^^^^^^^
  File "C:\Users\Habte\AppData\Local\Programs\Python\Python311\Lib\site-packages\telegram\vendor\ptb_urllib3\urllib3\connection.py", line 149, in _new_conn
    raise NewConnectionError(
telegram.vendor.ptb_urllib3.urllib3.exceptions.NewConnectionError: <telegram.vendor.ptb_urllib3.urllib3.connection.VerifiedHTTPSConnection object at 0x000002A2DAE4CAD0>: Failed to establish a new connection: [Errno 11001] getaddrinfo failed

During handling of the above exception, another exception occurred:

Traceback (most recent call last):
  File "C:\Users\Habte\AppData\Local\Programs\Python\Python311\Lib\site-packages\telegram\utils\request.py", line 259, in _request_wrapper
    resp = self._con_pool.request(*args, **kwargs)
           ^^^^^^^^^^^^^^^^^^^^^^^^^^^^^^^^^^^^^^^
  File "C:\Users\Habte\AppData\Local\Programs\Python\Python311\Lib\site-packages\telegram\vendor\ptb_urllib3\urllib3\request.py", line 68, in request
    return self.request_encode_body(method, url, fields=fields,
           ^^^^^^^^^^^^^^^^^^^^^^^^^^^^^^^^^^^^^^^^^^^^^^^^^^^^
  File "C:\Users\Habte\AppData\Local\Programs\Python\Python311\Lib\site-packages\telegram\vendor\ptb_urllib3\urllib3\request.py", line 148, in request_encode_body
    return self.urlopen(method, url, **extra_kw)
           ^^^^^^^^^^^^^^^^^^^^^^^^^^^^^^^^^^^^^
  File "C:\Users\Habte\AppData\Local\Programs\Python\Python311\Lib\site-packages\telegram\vendor\ptb_urllib3\urllib3\poolmanager.py", line 244, in urlopen
    response = conn.urlopen(method, u.request_uri, **kw)
               ^^^^^^^^^^^^^^^^^^^^^^^^^^^^^^^^^^^^^^^^^
  File "C:\Users\Habte\AppData\Local\Programs\Python\Python311\Lib\site-packages\telegram\vendor\ptb_urllib3\urllib3\connectionpool.py", line 691, in urlopen
    return self.urlopen(method, url, body, headers, retries,
           ^^^^^^^^^^^^^^^^^^^^^^^^^^^^^^^^^^^^^^^^^^^^^^^^^
  File "C:\Users\Habte\AppData\Local\Programs\Python\Python311\Lib\site-packages\telegram\vendor\ptb_urllib3\urllib3\connectionpool.py", line 691, in urlopen
    return self.urlopen(method, url, body, headers, retries,
           ^^^^^^^^^^^^^^^^^^^^^^^^^^^^^^^^^^^^^^^^^^^^^^^^^
  File "C:\Users\Habte\AppData\Local\Programs\Python\Python311\Lib\site-packages\telegram\vendor\ptb_urllib3\urllib3\connectionpool.py", line 691, in urlopen
    return self.urlopen(method, url, body, headers, retries,
           ^^^^^^^^^^^^^^^^^^^^^^^^^^^^^^^^^^^^^^^^^^^^^^^^^
  File "C:\Users\Habte\AppData\Local\Programs\Python\Python311\Lib\site-packages\telegram\vendor\ptb_urllib3\urllib3\connectionpool.py", line 665, in urlopen
    retries = retries.increment(method, url, error=e, _pool=self,
              ^^^^^^^^^^^^^^^^^^^^^^^^^^^^^^^^^^^^^^^^^^^^^^^^^^^
  File "C:\Users\Habte\AppData\Local\Programs\Python\Python311\Lib\site-packages\telegram\vendor\ptb_urllib3\urllib3\util\retry.py", line 376, in increment
    raise MaxRetryError(_pool, url, error or ResponseError(cause))
telegram.vendor.ptb_urllib3.urllib3.exceptions.MaxRetryError: HTTPSConnectionPool(host='api.telegram.org', port=443): Max retries exceeded with url: /bot6685183482:AAH6q7gWdUm5ZYYAbhoqDh0tqHIXcrjGSPw/sendMessage (Caused by NewConnectionError('<telegram.vendor.ptb_urllib3.urllib3.connection.VerifiedHTTPSConnection object at 0x000002A2DAE4CAD0>: Failed to establish a new connection: [Errno 11001] getaddrinfo failed'))

The above exception was the direct cause of the following exception:

Traceback (most recent call last):
  File "C:\Users\Habte\AppData\Local\Programs\Python\Python311\Lib\site-packages\telegram\ext\dispatcher.py", line 538, in process_update
    self.dispatch_error(None, update)
  File "C:\Users\Habte\AppData\Local\Programs\Python\Python311\Lib\site-packages\telegram\ext\dispatcher.py", line 813, in dispatch_error
    callback(update, context)
  File "c:\Users\Habte\Desktop\IssueNotified\app.py", line 356, in handle_error
    updater.bot.send_message(chat_id=DEVELOPER_ID, text='An error occurred in the IssueNotified bot: \n{}'.format(context.error))
  File "C:\Users\Habte\AppData\Local\Programs\Python\Python311\Lib\site-packages\telegram\bot.py", line 133, in decorator
    result = func(*args, **kwargs)
             ^^^^^^^^^^^^^^^^^^^^^
  File "C:\Users\Habte\AppData\Local\Programs\Python\Python311\Lib\site-packages\telegram\bot.py", line 525, in send_message
    return self._message(  # type: ignore[return-value]
           ^^^^^^^^^^^^^^^^^^^^^^^^^^^^^^^^^^^^^^^^^^^^
  File "C:\Users\Habte\AppData\Local\Programs\Python\Python311\Lib\site-packages\telegram\ext\extbot.py", line 202, in _message
    result = super()._message(
             ^^^^^^^^^^^^^^^^^
  File "C:\Users\Habte\AppData\Local\Programs\Python\Python311\Lib\site-packages\telegram\bot.py", line 339, in _message
    result = self._post(endpoint, data, timeout=timeout, api_kwargs=api_kwargs)
             ^^^^^^^^^^^^^^^^^^^^^^^^^^^^^^^^^^^^^^^^^^^^^^^^^^^^^^^^^^^^^^^^^^
  File "C:\Users\Habte\AppData\Local\Programs\Python\Python311\Lib\site-packages\telegram\bot.py", line 298, in _post
    return self.request.post(
           ^^^^^^^^^^^^^^^^^^
  File "C:\Users\Habte\AppData\Local\Programs\Python\Python311\Lib\site-packages\telegram\utils\request.py", line 361, in post
    result = self._request_wrapper(
             ^^^^^^^^^^^^^^^^^^^^^^
  File "C:\Users\Habte\AppData\Local\Programs\Python\Python311\Lib\site-packages\telegram\utils\request.py", line 265, in _request_wrapper
    raise NetworkError(f'urllib3 HTTPError {error}') from error
telegram.error.NetworkError: urllib3 HTTPError HTTPSConnectionPool(host='api.telegram.org', port=443): Max retries exceeded with url: /bot6685183482:AAH6q7gWdUm5ZYYAbhoqDh0tqHIXcrjGSPw/sendMessage (Caused by NewConnectionError('<telegram.vendor.ptb_urllib3.urllib3.connection.VerifiedHTTPSConnection object at 0x000002A2DAE4CAD0>: Failed to establish a new connection: [Errno 11001] getaddrinfo failed'))
2023-10-07 00:06:20,703:telegram.bot:DEBUG:  Entering: get_updates
2023-10-07 00:06:36,984:telegram.ext.updater:ERROR:  Error while getting Updates: urllib3 HTTPError ('Connection aborted.', RemoteDisconnected('Remote end closed connection without response'))
2023-10-07 00:06:36,989:telegram.ext.dispatcher:DEBUG:  Processing Update: urllib3 HTTPError ('Connection aborted.', RemoteDisconnected('Remote end closed connection without response'))
2023-10-07 00:06:36,990:__main__:ERROR:  urllib3 HTTPError ('Connection aborted.', RemoteDisconnected('Remote end closed connection without response'))
NoneType: None
2023-10-07 00:06:36,992:telegram.bot:DEBUG:  Entering: send_message
2023-10-07 00:06:37,330:telegram.vendor.ptb_urllib3.urllib3.connectionpool:WARNING:  Retrying (Retry(total=2, connect=None, read=None, redirect=None)) after connection broken by 'NewConnectionError('<telegram.vendor.ptb_urllib3.urllib3.connection.VerifiedHTTPSConnection object at 0x000002A2DAE4DAD0>: Failed to establish a new connection: [Errno 11001] getaddrinfo failed')': /bot6685183482:AAH6q7gWdUm5ZYYAbhoqDh0tqHIXcrjGSPw/sendMessage
2023-10-07 00:06:37,514:telegram.vendor.ptb_urllib3.urllib3.connectionpool:WARNING:  Retrying (Retry(total=1, connect=None, read=None, redirect=None)) after connection broken by 'NewConnectionError('<telegram.vendor.ptb_urllib3.urllib3.connection.VerifiedHTTPSConnection object at 0x000002A2DAE4E050>: Failed to establish a new connection: [Errno 11001] getaddrinfo failed')': /bot6685183482:AAH6q7gWdUm5ZYYAbhoqDh0tqHIXcrjGSPw/sendMessage
2023-10-07 00:06:37,642:telegram.vendor.ptb_urllib3.urllib3.connectionpool:WARNING:  Retrying (Retry(total=0, connect=None, read=None, redirect=None)) after connection broken by 'NewConnectionError('<telegram.vendor.ptb_urllib3.urllib3.connection.VerifiedHTTPSConnection object at 0x000002A2DAE182D0>: Failed to establish a new connection: [Errno 11001] getaddrinfo failed')': /bot6685183482:AAH6q7gWdUm5ZYYAbhoqDh0tqHIXcrjGSPw/sendMessage
2023-10-07 00:06:37,661:telegram.ext.dispatcher:ERROR:  An uncaught error was raised while handling the error.
Traceback (most recent call last):
  File "C:\Users\Habte\AppData\Local\Programs\Python\Python311\Lib\site-packages\telegram\vendor\ptb_urllib3\urllib3\connection.py", line 140, in _new_conn
    conn = connection.create_connection(
           ^^^^^^^^^^^^^^^^^^^^^^^^^^^^^
  File "C:\Users\Habte\AppData\Local\Programs\Python\Python311\Lib\site-packages\telegram\vendor\ptb_urllib3\urllib3\util\connection.py", line 60, in create_connection
    for res in socket.getaddrinfo(host, port, family, socket.SOCK_STREAM):
               ^^^^^^^^^^^^^^^^^^^^^^^^^^^^^^^^^^^^^^^^^^^^^^^^^^^^^^^^^^
  File "C:\Users\Habte\AppData\Local\Programs\Python\Python311\Lib\socket.py", line 962, in getaddrinfo
    for res in _socket.getaddrinfo(host, port, family, type, proto, flags):
               ^^^^^^^^^^^^^^^^^^^^^^^^^^^^^^^^^^^^^^^^^^^^^^^^^^^^^^^^^^^
socket.gaierror: [Errno 11001] getaddrinfo failed

During handling of the above exception, another exception occurred:

Traceback (most recent call last):
  File "C:\Users\Habte\AppData\Local\Programs\Python\Python311\Lib\site-packages\telegram\vendor\ptb_urllib3\urllib3\connectionpool.py", line 614, in urlopen
    httplib_response = self._make_request(conn, method, url,
                       ^^^^^^^^^^^^^^^^^^^^^^^^^^^^^^^^^^^^^
  File "C:\Users\Habte\AppData\Local\Programs\Python\Python311\Lib\site-packages\telegram\vendor\ptb_urllib3\urllib3\connectionpool.py", line 360, in _make_request
    self._validate_conn(conn)
  File "C:\Users\Habte\AppData\Local\Programs\Python\Python311\Lib\site-packages\telegram\vendor\ptb_urllib3\urllib3\connectionpool.py", line 857, in _validate_conn
    super(HTTPSConnectionPool, self)._validate_conn(conn)
  File "C:\Users\Habte\AppData\Local\Programs\Python\Python311\Lib\site-packages\telegram\vendor\ptb_urllib3\urllib3\connectionpool.py", line 289, in _validate_conn
    conn.connect()
  File "C:\Users\Habte\AppData\Local\Programs\Python\Python311\Lib\site-packages\telegram\vendor\ptb_urllib3\urllib3\connection.py", line 284, in connect
    conn = self._new_conn()
           ^^^^^^^^^^^^^^^^
  File "C:\Users\Habte\AppData\Local\Programs\Python\Python311\Lib\site-packages\telegram\vendor\ptb_urllib3\urllib3\connection.py", line 149, in _new_conn
    raise NewConnectionError(
telegram.vendor.ptb_urllib3.urllib3.exceptions.NewConnectionError: <telegram.vendor.ptb_urllib3.urllib3.connection.VerifiedHTTPSConnection object at 0x000002A2DAE2C490>: Failed to establish a new connection: [Errno 11001] getaddrinfo failed

During handling of the above exception, another exception occurred:

Traceback (most recent call last):
  File "C:\Users\Habte\AppData\Local\Programs\Python\Python311\Lib\site-packages\telegram\utils\request.py", line 259, in _request_wrapper
    resp = self._con_pool.request(*args, **kwargs)
           ^^^^^^^^^^^^^^^^^^^^^^^^^^^^^^^^^^^^^^^
  File "C:\Users\Habte\AppData\Local\Programs\Python\Python311\Lib\site-packages\telegram\vendor\ptb_urllib3\urllib3\request.py", line 68, in request
    return self.request_encode_body(method, url, fields=fields,
           ^^^^^^^^^^^^^^^^^^^^^^^^^^^^^^^^^^^^^^^^^^^^^^^^^^^^
  File "C:\Users\Habte\AppData\Local\Programs\Python\Python311\Lib\site-packages\telegram\vendor\ptb_urllib3\urllib3\request.py", line 148, in request_encode_body
    return self.urlopen(method, url, **extra_kw)
           ^^^^^^^^^^^^^^^^^^^^^^^^^^^^^^^^^^^^^
  File "C:\Users\Habte\AppData\Local\Programs\Python\Python311\Lib\site-packages\telegram\vendor\ptb_urllib3\urllib3\poolmanager.py", line 244, in urlopen
    response = conn.urlopen(method, u.request_uri, **kw)
               ^^^^^^^^^^^^^^^^^^^^^^^^^^^^^^^^^^^^^^^^^
  File "C:\Users\Habte\AppData\Local\Programs\Python\Python311\Lib\site-packages\telegram\vendor\ptb_urllib3\urllib3\connectionpool.py", line 691, in urlopen
    return self.urlopen(method, url, body, headers, retries,
           ^^^^^^^^^^^^^^^^^^^^^^^^^^^^^^^^^^^^^^^^^^^^^^^^^
  File "C:\Users\Habte\AppData\Local\Programs\Python\Python311\Lib\site-packages\telegram\vendor\ptb_urllib3\urllib3\connectionpool.py", line 691, in urlopen
    return self.urlopen(method, url, body, headers, retries,
           ^^^^^^^^^^^^^^^^^^^^^^^^^^^^^^^^^^^^^^^^^^^^^^^^^
  File "C:\Users\Habte\AppData\Local\Programs\Python\Python311\Lib\site-packages\telegram\vendor\ptb_urllib3\urllib3\connectionpool.py", line 691, in urlopen
    return self.urlopen(method, url, body, headers, retries,
           ^^^^^^^^^^^^^^^^^^^^^^^^^^^^^^^^^^^^^^^^^^^^^^^^^
  File "C:\Users\Habte\AppData\Local\Programs\Python\Python311\Lib\site-packages\telegram\vendor\ptb_urllib3\urllib3\connectionpool.py", line 665, in urlopen
    retries = retries.increment(method, url, error=e, _pool=self,
              ^^^^^^^^^^^^^^^^^^^^^^^^^^^^^^^^^^^^^^^^^^^^^^^^^^^
  File "C:\Users\Habte\AppData\Local\Programs\Python\Python311\Lib\site-packages\telegram\vendor\ptb_urllib3\urllib3\util\retry.py", line 376, in increment
    raise MaxRetryError(_pool, url, error or ResponseError(cause))
telegram.vendor.ptb_urllib3.urllib3.exceptions.MaxRetryError: HTTPSConnectionPool(host='api.telegram.org', port=443): Max retries exceeded with url: /bot6685183482:AAH6q7gWdUm5ZYYAbhoqDh0tqHIXcrjGSPw/sendMessage (Caused by NewConnectionError('<telegram.vendor.ptb_urllib3.urllib3.connection.VerifiedHTTPSConnection object at 0x000002A2DAE2C490>: Failed to establish a new connection: [Errno 11001] getaddrinfo failed'))

The above exception was the direct cause of the following exception:

Traceback (most recent call last):
  File "C:\Users\Habte\AppData\Local\Programs\Python\Python311\Lib\site-packages\telegram\ext\dispatcher.py", line 538, in process_update
    self.dispatch_error(None, update)
  File "C:\Users\Habte\AppData\Local\Programs\Python\Python311\Lib\site-packages\telegram\ext\dispatcher.py", line 813, in dispatch_error
    callback(update, context)
  File "c:\Users\Habte\Desktop\IssueNotified\app.py", line 356, in handle_error
    updater.bot.send_message(chat_id=DEVELOPER_ID, text='An error occurred in the IssueNotified bot: \n{}'.format(context.error))
  File "C:\Users\Habte\AppData\Local\Programs\Python\Python311\Lib\site-packages\telegram\bot.py", line 133, in decorator
    result = func(*args, **kwargs)
             ^^^^^^^^^^^^^^^^^^^^^
  File "C:\Users\Habte\AppData\Local\Programs\Python\Python311\Lib\site-packages\telegram\bot.py", line 525, in send_message
    return self._message(  # type: ignore[return-value]
           ^^^^^^^^^^^^^^^^^^^^^^^^^^^^^^^^^^^^^^^^^^^^
  File "C:\Users\Habte\AppData\Local\Programs\Python\Python311\Lib\site-packages\telegram\ext\extbot.py", line 202, in _message
    result = super()._message(
             ^^^^^^^^^^^^^^^^^
  File "C:\Users\Habte\AppData\Local\Programs\Python\Python311\Lib\site-packages\telegram\bot.py", line 339, in _message
    result = self._post(endpoint, data, timeout=timeout, api_kwargs=api_kwargs)
             ^^^^^^^^^^^^^^^^^^^^^^^^^^^^^^^^^^^^^^^^^^^^^^^^^^^^^^^^^^^^^^^^^^
  File "C:\Users\Habte\AppData\Local\Programs\Python\Python311\Lib\site-packages\telegram\bot.py", line 298, in _post
    return self.request.post(
           ^^^^^^^^^^^^^^^^^^
  File "C:\Users\Habte\AppData\Local\Programs\Python\Python311\Lib\site-packages\telegram\utils\request.py", line 361, in post
    result = self._request_wrapper(
             ^^^^^^^^^^^^^^^^^^^^^^
  File "C:\Users\Habte\AppData\Local\Programs\Python\Python311\Lib\site-packages\telegram\utils\request.py", line 265, in _request_wrapper
    raise NetworkError(f'urllib3 HTTPError {error}') from error
telegram.error.NetworkError: urllib3 HTTPError HTTPSConnectionPool(host='api.telegram.org', port=443): Max retries exceeded with url: /bot6685183482:AAH6q7gWdUm5ZYYAbhoqDh0tqHIXcrjGSPw/sendMessage (Caused by NewConnectionError('<telegram.vendor.ptb_urllib3.urllib3.connection.VerifiedHTTPSConnection object at 0x000002A2DAE2C490>: Failed to establish a new connection: [Errno 11001] getaddrinfo failed'))
2023-10-07 00:06:39,236:telegram.bot:DEBUG:  Entering: get_updates
2023-10-07 00:06:58,932:telegram.bot:DEBUG:  No new updates found.
2023-10-07 00:06:58,932:telegram.bot:DEBUG:  []
2023-10-07 00:06:58,932:telegram.bot:DEBUG:  Exiting: get_updates
2023-10-07 00:06:58,932:telegram.bot:DEBUG:  Entering: get_updates
2023-10-07 00:07:09,050:telegram.bot:DEBUG:  No new updates found.
2023-10-07 00:07:09,050:telegram.bot:DEBUG:  []
2023-10-07 00:07:09,050:telegram.bot:DEBUG:  Exiting: get_updates
2023-10-07 00:07:09,050:telegram.bot:DEBUG:  Entering: get_updates
2023-10-07 00:07:19,495:telegram.bot:DEBUG:  No new updates found.
2023-10-07 00:07:19,495:telegram.bot:DEBUG:  []
2023-10-07 00:07:19,495:telegram.bot:DEBUG:  Exiting: get_updates
2023-10-07 00:07:19,495:telegram.bot:DEBUG:  Entering: get_updates
2023-10-07 00:07:29,625:telegram.bot:DEBUG:  No new updates found.
2023-10-07 00:07:29,625:telegram.bot:DEBUG:  []
2023-10-07 00:07:29,641:telegram.bot:DEBUG:  Exiting: get_updates
2023-10-07 00:07:29,641:telegram.bot:DEBUG:  Entering: get_updates
2023-10-07 00:07:36,629:telegram.ext.updater:ERROR:  Error while getting Updates: urllib3 HTTPError ('Connection aborted.', RemoteDisconnected('Remote end closed connection without response'))
2023-10-07 00:07:36,645:telegram.ext.dispatcher:DEBUG:  Processing Update: urllib3 HTTPError ('Connection aborted.', RemoteDisconnected('Remote end closed connection without response'))
2023-10-07 00:07:36,645:__main__:ERROR:  urllib3 HTTPError ('Connection aborted.', RemoteDisconnected('Remote end closed connection without response'))
NoneType: None
2023-10-07 00:07:36,645:telegram.bot:DEBUG:  Entering: send_message
2023-10-07 00:07:37,081:telegram.vendor.ptb_urllib3.urllib3.connectionpool:WARNING:  Retrying (Retry(total=2, connect=None, read=None, redirect=None)) after connection broken by 'NewConnectionError('<telegram.vendor.ptb_urllib3.urllib3.connection.VerifiedHTTPSConnection object at 0x000002A2DAE11E50>: Failed to establish a new connection: [Errno 11001] getaddrinfo failed')': /bot6685183482:AAH6q7gWdUm5ZYYAbhoqDh0tqHIXcrjGSPw/sendMessage
2023-10-07 00:07:37,253:telegram.vendor.ptb_urllib3.urllib3.connectionpool:WARNING:  Retrying (Retry(total=1, connect=None, read=None, redirect=None)) after connection broken by 'NewConnectionError('<telegram.vendor.ptb_urllib3.urllib3.connection.VerifiedHTTPSConnection object at 0x000002A2DAE12B10>: Failed to establish a new connection: [Errno 11001] getaddrinfo failed')': /bot6685183482:AAH6q7gWdUm5ZYYAbhoqDh0tqHIXcrjGSPw/sendMessage
2023-10-07 00:07:37,315:telegram.vendor.ptb_urllib3.urllib3.connectionpool:WARNING:  Retrying (Retry(total=0, connect=None, read=None, redirect=None)) after connection broken by 'NewConnectionError('<telegram.vendor.ptb_urllib3.urllib3.connection.VerifiedHTTPSConnection object at 0x000002A2DAE40810>: Failed to establish a new connection: [Errno 11001] getaddrinfo failed')': /bot6685183482:AAH6q7gWdUm5ZYYAbhoqDh0tqHIXcrjGSPw/sendMessage
2023-10-07 00:07:37,487:telegram.ext.dispatcher:ERROR:  An uncaught error was raised while handling the error.
Traceback (most recent call last):
  File "C:\Users\Habte\AppData\Local\Programs\Python\Python311\Lib\site-packages\telegram\vendor\ptb_urllib3\urllib3\connection.py", line 140, in _new_conn
    conn = connection.create_connection(
           ^^^^^^^^^^^^^^^^^^^^^^^^^^^^^
  File "C:\Users\Habte\AppData\Local\Programs\Python\Python311\Lib\site-packages\telegram\vendor\ptb_urllib3\urllib3\util\connection.py", line 60, in create_connection
    for res in socket.getaddrinfo(host, port, family, socket.SOCK_STREAM):
               ^^^^^^^^^^^^^^^^^^^^^^^^^^^^^^^^^^^^^^^^^^^^^^^^^^^^^^^^^^
  File "C:\Users\Habte\AppData\Local\Programs\Python\Python311\Lib\socket.py", line 962, in getaddrinfo
    for res in _socket.getaddrinfo(host, port, family, type, proto, flags):
               ^^^^^^^^^^^^^^^^^^^^^^^^^^^^^^^^^^^^^^^^^^^^^^^^^^^^^^^^^^^
socket.gaierror: [Errno 11001] getaddrinfo failed

During handling of the above exception, another exception occurred:

Traceback (most recent call last):
  File "C:\Users\Habte\AppData\Local\Programs\Python\Python311\Lib\site-packages\telegram\vendor\ptb_urllib3\urllib3\connectionpool.py", line 614, in urlopen
    httplib_response = self._make_request(conn, method, url,
                       ^^^^^^^^^^^^^^^^^^^^^^^^^^^^^^^^^^^^^
  File "C:\Users\Habte\AppData\Local\Programs\Python\Python311\Lib\site-packages\telegram\vendor\ptb_urllib3\urllib3\connectionpool.py", line 360, in _make_request
    self._validate_conn(conn)
  File "C:\Users\Habte\AppData\Local\Programs\Python\Python311\Lib\site-packages\telegram\vendor\ptb_urllib3\urllib3\connectionpool.py", line 857, in _validate_conn
    super(HTTPSConnectionPool, self)._validate_conn(conn)
  File "C:\Users\Habte\AppData\Local\Programs\Python\Python311\Lib\site-packages\telegram\vendor\ptb_urllib3\urllib3\connectionpool.py", line 289, in _validate_conn
    conn.connect()
  File "C:\Users\Habte\AppData\Local\Programs\Python\Python311\Lib\site-packages\telegram\vendor\ptb_urllib3\urllib3\connection.py", line 284, in connect
    conn = self._new_conn()
           ^^^^^^^^^^^^^^^^
  File "C:\Users\Habte\AppData\Local\Programs\Python\Python311\Lib\site-packages\telegram\vendor\ptb_urllib3\urllib3\connection.py", line 149, in _new_conn
    raise NewConnectionError(
telegram.vendor.ptb_urllib3.urllib3.exceptions.NewConnectionError: <telegram.vendor.ptb_urllib3.urllib3.connection.VerifiedHTTPSConnection object at 0x000002A2DAE43E50>: Failed to establish a new connection: [Errno 11001] getaddrinfo failed

During handling of the above exception, another exception occurred:

Traceback (most recent call last):
  File "C:\Users\Habte\AppData\Local\Programs\Python\Python311\Lib\site-packages\telegram\utils\request.py", line 259, in _request_wrapper
    resp = self._con_pool.request(*args, **kwargs)
           ^^^^^^^^^^^^^^^^^^^^^^^^^^^^^^^^^^^^^^^
  File "C:\Users\Habte\AppData\Local\Programs\Python\Python311\Lib\site-packages\telegram\vendor\ptb_urllib3\urllib3\request.py", line 68, in request
    return self.request_encode_body(method, url, fields=fields,
           ^^^^^^^^^^^^^^^^^^^^^^^^^^^^^^^^^^^^^^^^^^^^^^^^^^^^
  File "C:\Users\Habte\AppData\Local\Programs\Python\Python311\Lib\site-packages\telegram\vendor\ptb_urllib3\urllib3\request.py", line 148, in request_encode_body
    return self.urlopen(method, url, **extra_kw)
           ^^^^^^^^^^^^^^^^^^^^^^^^^^^^^^^^^^^^^
  File "C:\Users\Habte\AppData\Local\Programs\Python\Python311\Lib\site-packages\telegram\vendor\ptb_urllib3\urllib3\poolmanager.py", line 244, in urlopen
    response = conn.urlopen(method, u.request_uri, **kw)
               ^^^^^^^^^^^^^^^^^^^^^^^^^^^^^^^^^^^^^^^^^
  File "C:\Users\Habte\AppData\Local\Programs\Python\Python311\Lib\site-packages\telegram\vendor\ptb_urllib3\urllib3\connectionpool.py", line 691, in urlopen
    return self.urlopen(method, url, body, headers, retries,
           ^^^^^^^^^^^^^^^^^^^^^^^^^^^^^^^^^^^^^^^^^^^^^^^^^
  File "C:\Users\Habte\AppData\Local\Programs\Python\Python311\Lib\site-packages\telegram\vendor\ptb_urllib3\urllib3\connectionpool.py", line 691, in urlopen
    return self.urlopen(method, url, body, headers, retries,
           ^^^^^^^^^^^^^^^^^^^^^^^^^^^^^^^^^^^^^^^^^^^^^^^^^
  File "C:\Users\Habte\AppData\Local\Programs\Python\Python311\Lib\site-packages\telegram\vendor\ptb_urllib3\urllib3\connectionpool.py", line 691, in urlopen
    return self.urlopen(method, url, body, headers, retries,
           ^^^^^^^^^^^^^^^^^^^^^^^^^^^^^^^^^^^^^^^^^^^^^^^^^
  File "C:\Users\Habte\AppData\Local\Programs\Python\Python311\Lib\site-packages\telegram\vendor\ptb_urllib3\urllib3\connectionpool.py", line 665, in urlopen
    retries = retries.increment(method, url, error=e, _pool=self,
              ^^^^^^^^^^^^^^^^^^^^^^^^^^^^^^^^^^^^^^^^^^^^^^^^^^^
  File "C:\Users\Habte\AppData\Local\Programs\Python\Python311\Lib\site-packages\telegram\vendor\ptb_urllib3\urllib3\util\retry.py", line 376, in increment
    raise MaxRetryError(_pool, url, error or ResponseError(cause))
telegram.vendor.ptb_urllib3.urllib3.exceptions.MaxRetryError: HTTPSConnectionPool(host='api.telegram.org', port=443): Max retries exceeded with url: /bot6685183482:AAH6q7gWdUm5ZYYAbhoqDh0tqHIXcrjGSPw/sendMessage (Caused by NewConnectionError('<telegram.vendor.ptb_urllib3.urllib3.connection.VerifiedHTTPSConnection object at 0x000002A2DAE43E50>: Failed to establish a new connection: [Errno 11001] getaddrinfo failed'))

The above exception was the direct cause of the following exception:

Traceback (most recent call last):
  File "C:\Users\Habte\AppData\Local\Programs\Python\Python311\Lib\site-packages\telegram\ext\dispatcher.py", line 538, in process_update
    self.dispatch_error(None, update)
  File "C:\Users\Habte\AppData\Local\Programs\Python\Python311\Lib\site-packages\telegram\ext\dispatcher.py", line 813, in dispatch_error
    callback(update, context)
  File "c:\Users\Habte\Desktop\IssueNotified\app.py", line 356, in handle_error
    updater.bot.send_message(chat_id=DEVELOPER_ID, text='An error occurred in the IssueNotified bot: \n{}'.format(context.error))
  File "C:\Users\Habte\AppData\Local\Programs\Python\Python311\Lib\site-packages\telegram\bot.py", line 133, in decorator
    result = func(*args, **kwargs)
             ^^^^^^^^^^^^^^^^^^^^^
  File "C:\Users\Habte\AppData\Local\Programs\Python\Python311\Lib\site-packages\telegram\bot.py", line 525, in send_message
    return self._message(  # type: ignore[return-value]
           ^^^^^^^^^^^^^^^^^^^^^^^^^^^^^^^^^^^^^^^^^^^^
  File "C:\Users\Habte\AppData\Local\Programs\Python\Python311\Lib\site-packages\telegram\ext\extbot.py", line 202, in _message
    result = super()._message(
             ^^^^^^^^^^^^^^^^^
  File "C:\Users\Habte\AppData\Local\Programs\Python\Python311\Lib\site-packages\telegram\bot.py", line 339, in _message
    result = self._post(endpoint, data, timeout=timeout, api_kwargs=api_kwargs)
             ^^^^^^^^^^^^^^^^^^^^^^^^^^^^^^^^^^^^^^^^^^^^^^^^^^^^^^^^^^^^^^^^^^
  File "C:\Users\Habte\AppData\Local\Programs\Python\Python311\Lib\site-packages\telegram\bot.py", line 298, in _post
    return self.request.post(
           ^^^^^^^^^^^^^^^^^^
  File "C:\Users\Habte\AppData\Local\Programs\Python\Python311\Lib\site-packages\telegram\utils\request.py", line 361, in post
    result = self._request_wrapper(
             ^^^^^^^^^^^^^^^^^^^^^^
  File "C:\Users\Habte\AppData\Local\Programs\Python\Python311\Lib\site-packages\telegram\utils\request.py", line 265, in _request_wrapper
    raise NetworkError(f'urllib3 HTTPError {error}') from error
telegram.error.NetworkError: urllib3 HTTPError HTTPSConnectionPool(host='api.telegram.org', port=443): Max retries exceeded with url: /bot6685183482:AAH6q7gWdUm5ZYYAbhoqDh0tqHIXcrjGSPw/sendMessage (Caused by NewConnectionError('<telegram.vendor.ptb_urllib3.urllib3.connection.VerifiedHTTPSConnection object at 0x000002A2DAE43E50>: Failed to establish a new connection: [Errno 11001] getaddrinfo failed'))
2023-10-07 00:07:37,634:telegram.bot:DEBUG:  Entering: get_updates
2023-10-07 00:07:37,696:telegram.vendor.ptb_urllib3.urllib3.connectionpool:WARNING:  Retrying (Retry(total=2, connect=None, read=None, redirect=None)) after connection broken by 'NewConnectionError('<telegram.vendor.ptb_urllib3.urllib3.connection.VerifiedHTTPSConnection object at 0x000002A2DAE43B50>: Failed to establish a new connection: [Errno 11001] getaddrinfo failed')': /bot6685183482:AAH6q7gWdUm5ZYYAbhoqDh0tqHIXcrjGSPw/getUpdates
2023-10-07 00:07:37,810:telegram.vendor.ptb_urllib3.urllib3.connectionpool:WARNING:  Retrying (Retry(total=1, connect=None, read=None, redirect=None)) after connection broken by 'NewConnectionError('<telegram.vendor.ptb_urllib3.urllib3.connection.VerifiedHTTPSConnection object at 0x000002A2DAE43350>: Failed to establish a new connection: [Errno 11001] getaddrinfo failed')': /bot6685183482:AAH6q7gWdUm5ZYYAbhoqDh0tqHIXcrjGSPw/getUpdates
2023-10-07 00:07:37,999:telegram.vendor.ptb_urllib3.urllib3.connectionpool:WARNING:  Retrying (Retry(total=0, connect=None, read=None, redirect=None)) after connection broken by 'NewConnectionError('<telegram.vendor.ptb_urllib3.urllib3.connection.VerifiedHTTPSConnection object at 0x000002A2DAE42CD0>: Failed to establish a new connection: [Errno 11001] getaddrinfo failed')': /bot6685183482:AAH6q7gWdUm5ZYYAbhoqDh0tqHIXcrjGSPw/getUpdates
2023-10-07 00:07:38,171:telegram.ext.updater:ERROR:  Error while getting Updates: urllib3 HTTPError HTTPSConnectionPool(host='api.telegram.org', port=443): Max retries exceeded with url: /bot6685183482:AAH6q7gWdUm5ZYYAbhoqDh0tqHIXcrjGSPw/getUpdates (Caused by NewConnectionError('<telegram.vendor.ptb_urllib3.urllib3.connection.VerifiedHTTPSConnection object at 0x000002A2DAE403D0>: Failed to establish a new connection: [Errno 11001] getaddrinfo failed'))
2023-10-07 00:07:38,171:telegram.ext.dispatcher:DEBUG:  Processing Update: urllib3 HTTPError HTTPSConnectionPool(host='api.telegram.org', port=443): Max retries exceeded with url: /bot6685183482:AAH6q7gWdUm5ZYYAbhoqDh0tqHIXcrjGSPw/getUpdates (Caused by NewConnectionError('<telegram.vendor.ptb_urllib3.urllib3.connection.VerifiedHTTPSConnection object at 0x000002A2DAE403D0>: Failed to establish a new connection: [Errno 11001] getaddrinfo failed'))
2023-10-07 00:07:38,171:__main__:ERROR:  urllib3 HTTPError HTTPSConnectionPool(host='api.telegram.org', port=443): Max retries exceeded with url: /bot6685183482:AAH6q7gWdUm5ZYYAbhoqDh0tqHIXcrjGSPw/getUpdates (Caused by NewConnectionError('<telegram.vendor.ptb_urllib3.urllib3.connection.VerifiedHTTPSConnection object at 0x000002A2DAE403D0>: Failed to establish a new connection: [Errno 11001] getaddrinfo failed'))
NoneType: None
2023-10-07 00:07:38,171:telegram.bot:DEBUG:  Entering: send_message
2023-10-07 00:07:38,329:telegram.vendor.ptb_urllib3.urllib3.connectionpool:WARNING:  Retrying (Retry(total=2, connect=None, read=None, redirect=None)) after connection broken by 'NewConnectionError('<telegram.vendor.ptb_urllib3.urllib3.connection.VerifiedHTTPSConnection object at 0x000002A2DAE42790>: Failed to establish a new connection: [Errno 11001] getaddrinfo failed')': /bot6685183482:AAH6q7gWdUm5ZYYAbhoqDh0tqHIXcrjGSPw/sendMessage
2023-10-07 00:07:39,831:telegram.bot:DEBUG:  Entering: get_updates
2023-10-07 00:07:48,545:telegram.bot:DEBUG:  {'group_chat_created': False, 'channel_chat_created': False, 'entities': [{'length': 16, 'offset': 89, 'type': 'url'}, {'length': 14, 'offset': 150, 'type': 'bot_command'}], 'new_chat_members': [], 'supergroup_chat_created': False, 'text': "An error occurred in the IssueNotified bot: \nurllib3 HTTPError HTTPSConnectionPool(host='api.telegram.org', port=443): Max retries exceeded with url: /bot6685183482:AAH6q7gWdUm5ZYYAbhoqDh0tqHIXcrjGSPw/getUpdates (Caused by NewConnectionError('<telegram.vendor.ptb_urllib3.urllib3.connection.VerifiedHTTPSConnection object at 0x000002A2DAE403D0>: Failed to establish a new connection: [Errno 11001] getaddrinfo failed'))", 'new_chat_photo': [], 'chat': {'first_name': 'Robel', 'username': 'ZeMicah', 'type': 'private', 'id': 5347094985}, 'delete_chat_photo': False, 'message_id': 1299, 'photo': [], 'caption_entities': [], 'date': 1696626461, 'from': {'first_name': 'IssueNotified', 'username': 'IssueNotifiedBot', 'is_bot': True, 'id': 6685183482}}
2023-10-07 00:07:48,545:telegram.bot:DEBUG:  Exiting: send_message
2023-10-07 00:08:00,263:telegram.ext.updater:ERROR:  Error while getting Updates: urllib3 HTTPError ('Connection aborted.', RemoteDisconnected('Remote end closed connection without response'))
2023-10-07 00:08:00,273:telegram.ext.dispatcher:DEBUG:  Processing Update: urllib3 HTTPError ('Connection aborted.', RemoteDisconnected('Remote end closed connection without response'))
2023-10-07 00:08:00,275:__main__:ERROR:  urllib3 HTTPError ('Connection aborted.', RemoteDisconnected('Remote end closed connection without response'))
NoneType: None
2023-10-07 00:08:00,275:telegram.bot:DEBUG:  Entering: send_message
2023-10-07 00:08:00,575:telegram.vendor.ptb_urllib3.urllib3.connectionpool:WARNING:  Retrying (Retry(total=2, connect=None, read=None, redirect=None)) after connection broken by 'NewConnectionError('<telegram.vendor.ptb_urllib3.urllib3.connection.VerifiedHTTPSConnection object at 0x000002A2DAE4E910>: Failed to establish a new connection: [Errno 11001] getaddrinfo failed')': /bot6685183482:AAH6q7gWdUm5ZYYAbhoqDh0tqHIXcrjGSPw/sendMessage
2023-10-07 00:08:00,771:telegram.vendor.ptb_urllib3.urllib3.connectionpool:WARNING:  Retrying (Retry(total=1, connect=None, read=None, redirect=None)) after connection broken by 'NewConnectionError('<telegram.vendor.ptb_urllib3.urllib3.connection.VerifiedHTTPSConnection object at 0x000002A2DAE4EED0>: Failed to establish a new connection: [Errno 11001] getaddrinfo failed')': /bot6685183482:AAH6q7gWdUm5ZYYAbhoqDh0tqHIXcrjGSPw/sendMessage
2023-10-07 00:08:01,014:telegram.vendor.ptb_urllib3.urllib3.connectionpool:WARNING:  Retrying (Retry(total=0, connect=None, read=None, redirect=None)) after connection broken by 'NewConnectionError('<telegram.vendor.ptb_urllib3.urllib3.connection.VerifiedHTTPSConnection object at 0x000002A2DAE4F510>: Failed to establish a new connection: [Errno 11001] getaddrinfo failed')': /bot6685183482:AAH6q7gWdUm5ZYYAbhoqDh0tqHIXcrjGSPw/sendMessage
2023-10-07 00:08:01,409:telegram.ext.dispatcher:ERROR:  An uncaught error was raised while handling the error.
Traceback (most recent call last):
  File "C:\Users\Habte\AppData\Local\Programs\Python\Python311\Lib\site-packages\telegram\vendor\ptb_urllib3\urllib3\connection.py", line 140, in _new_conn
    conn = connection.create_connection(
           ^^^^^^^^^^^^^^^^^^^^^^^^^^^^^
  File "C:\Users\Habte\AppData\Local\Programs\Python\Python311\Lib\site-packages\telegram\vendor\ptb_urllib3\urllib3\util\connection.py", line 60, in create_connection
    for res in socket.getaddrinfo(host, port, family, socket.SOCK_STREAM):
               ^^^^^^^^^^^^^^^^^^^^^^^^^^^^^^^^^^^^^^^^^^^^^^^^^^^^^^^^^^
  File "C:\Users\Habte\AppData\Local\Programs\Python\Python311\Lib\socket.py", line 962, in getaddrinfo
    for res in _socket.getaddrinfo(host, port, family, type, proto, flags):
               ^^^^^^^^^^^^^^^^^^^^^^^^^^^^^^^^^^^^^^^^^^^^^^^^^^^^^^^^^^^
socket.gaierror: [Errno 11001] getaddrinfo failed

During handling of the above exception, another exception occurred:

Traceback (most recent call last):
  File "C:\Users\Habte\AppData\Local\Programs\Python\Python311\Lib\site-packages\telegram\vendor\ptb_urllib3\urllib3\connectionpool.py", line 614, in urlopen
    httplib_response = self._make_request(conn, method, url,
                       ^^^^^^^^^^^^^^^^^^^^^^^^^^^^^^^^^^^^^
  File "C:\Users\Habte\AppData\Local\Programs\Python\Python311\Lib\site-packages\telegram\vendor\ptb_urllib3\urllib3\connectionpool.py", line 360, in _make_request
    self._validate_conn(conn)
  File "C:\Users\Habte\AppData\Local\Programs\Python\Python311\Lib\site-packages\telegram\vendor\ptb_urllib3\urllib3\connectionpool.py", line 857, in _validate_conn
    super(HTTPSConnectionPool, self)._validate_conn(conn)
  File "C:\Users\Habte\AppData\Local\Programs\Python\Python311\Lib\site-packages\telegram\vendor\ptb_urllib3\urllib3\connectionpool.py", line 289, in _validate_conn
    conn.connect()
  File "C:\Users\Habte\AppData\Local\Programs\Python\Python311\Lib\site-packages\telegram\vendor\ptb_urllib3\urllib3\connection.py", line 284, in connect
    conn = self._new_conn()
           ^^^^^^^^^^^^^^^^
  File "C:\Users\Habte\AppData\Local\Programs\Python\Python311\Lib\site-packages\telegram\vendor\ptb_urllib3\urllib3\connection.py", line 149, in _new_conn
    raise NewConnectionError(
telegram.vendor.ptb_urllib3.urllib3.exceptions.NewConnectionError: <telegram.vendor.ptb_urllib3.urllib3.connection.VerifiedHTTPSConnection object at 0x000002A2DAE4FAD0>: Failed to establish a new connection: [Errno 11001] getaddrinfo failed

During handling of the above exception, another exception occurred:

Traceback (most recent call last):
  File "C:\Users\Habte\AppData\Local\Programs\Python\Python311\Lib\site-packages\telegram\utils\request.py", line 259, in _request_wrapper
    resp = self._con_pool.request(*args, **kwargs)
           ^^^^^^^^^^^^^^^^^^^^^^^^^^^^^^^^^^^^^^^
  File "C:\Users\Habte\AppData\Local\Programs\Python\Python311\Lib\site-packages\telegram\vendor\ptb_urllib3\urllib3\request.py", line 68, in request
    return self.request_encode_body(method, url, fields=fields,
           ^^^^^^^^^^^^^^^^^^^^^^^^^^^^^^^^^^^^^^^^^^^^^^^^^^^^
  File "C:\Users\Habte\AppData\Local\Programs\Python\Python311\Lib\site-packages\telegram\vendor\ptb_urllib3\urllib3\request.py", line 148, in request_encode_body
    return self.urlopen(method, url, **extra_kw)
           ^^^^^^^^^^^^^^^^^^^^^^^^^^^^^^^^^^^^^
  File "C:\Users\Habte\AppData\Local\Programs\Python\Python311\Lib\site-packages\telegram\vendor\ptb_urllib3\urllib3\poolmanager.py", line 244, in urlopen
    response = conn.urlopen(method, u.request_uri, **kw)
               ^^^^^^^^^^^^^^^^^^^^^^^^^^^^^^^^^^^^^^^^^
  File "C:\Users\Habte\AppData\Local\Programs\Python\Python311\Lib\site-packages\telegram\vendor\ptb_urllib3\urllib3\connectionpool.py", line 691, in urlopen
    return self.urlopen(method, url, body, headers, retries,
           ^^^^^^^^^^^^^^^^^^^^^^^^^^^^^^^^^^^^^^^^^^^^^^^^^
  File "C:\Users\Habte\AppData\Local\Programs\Python\Python311\Lib\site-packages\telegram\vendor\ptb_urllib3\urllib3\connectionpool.py", line 691, in urlopen
    return self.urlopen(method, url, body, headers, retries,
           ^^^^^^^^^^^^^^^^^^^^^^^^^^^^^^^^^^^^^^^^^^^^^^^^^
  File "C:\Users\Habte\AppData\Local\Programs\Python\Python311\Lib\site-packages\telegram\vendor\ptb_urllib3\urllib3\connectionpool.py", line 691, in urlopen
    return self.urlopen(method, url, body, headers, retries,
           ^^^^^^^^^^^^^^^^^^^^^^^^^^^^^^^^^^^^^^^^^^^^^^^^^
  File "C:\Users\Habte\AppData\Local\Programs\Python\Python311\Lib\site-packages\telegram\vendor\ptb_urllib3\urllib3\connectionpool.py", line 665, in urlopen
    retries = retries.increment(method, url, error=e, _pool=self,
              ^^^^^^^^^^^^^^^^^^^^^^^^^^^^^^^^^^^^^^^^^^^^^^^^^^^
  File "C:\Users\Habte\AppData\Local\Programs\Python\Python311\Lib\site-packages\telegram\vendor\ptb_urllib3\urllib3\util\retry.py", line 376, in increment
    raise MaxRetryError(_pool, url, error or ResponseError(cause))
telegram.vendor.ptb_urllib3.urllib3.exceptions.MaxRetryError: HTTPSConnectionPool(host='api.telegram.org', port=443): Max retries exceeded with url: /bot6685183482:AAH6q7gWdUm5ZYYAbhoqDh0tqHIXcrjGSPw/sendMessage (Caused by NewConnectionError('<telegram.vendor.ptb_urllib3.urllib3.connection.VerifiedHTTPSConnection object at 0x000002A2DAE4FAD0>: Failed to establish a new connection: [Errno 11001] getaddrinfo failed'))

The above exception was the direct cause of the following exception:

Traceback (most recent call last):
  File "C:\Users\Habte\AppData\Local\Programs\Python\Python311\Lib\site-packages\telegram\ext\dispatcher.py", line 538, in process_update
    self.dispatch_error(None, update)
  File "C:\Users\Habte\AppData\Local\Programs\Python\Python311\Lib\site-packages\telegram\ext\dispatcher.py", line 813, in dispatch_error
    callback(update, context)
  File "c:\Users\Habte\Desktop\IssueNotified\app.py", line 356, in handle_error
    updater.bot.send_message(chat_id=DEVELOPER_ID, text='An error occurred in the IssueNotified bot: \n{}'.format(context.error))
  File "C:\Users\Habte\AppData\Local\Programs\Python\Python311\Lib\site-packages\telegram\bot.py", line 133, in decorator
    result = func(*args, **kwargs)
             ^^^^^^^^^^^^^^^^^^^^^
  File "C:\Users\Habte\AppData\Local\Programs\Python\Python311\Lib\site-packages\telegram\bot.py", line 525, in send_message
    return self._message(  # type: ignore[return-value]
           ^^^^^^^^^^^^^^^^^^^^^^^^^^^^^^^^^^^^^^^^^^^^
  File "C:\Users\Habte\AppData\Local\Programs\Python\Python311\Lib\site-packages\telegram\ext\extbot.py", line 202, in _message
    result = super()._message(
             ^^^^^^^^^^^^^^^^^
  File "C:\Users\Habte\AppData\Local\Programs\Python\Python311\Lib\site-packages\telegram\bot.py", line 339, in _message
    result = self._post(endpoint, data, timeout=timeout, api_kwargs=api_kwargs)
             ^^^^^^^^^^^^^^^^^^^^^^^^^^^^^^^^^^^^^^^^^^^^^^^^^^^^^^^^^^^^^^^^^^
  File "C:\Users\Habte\AppData\Local\Programs\Python\Python311\Lib\site-packages\telegram\bot.py", line 298, in _post
    return self.request.post(
           ^^^^^^^^^^^^^^^^^^
  File "C:\Users\Habte\AppData\Local\Programs\Python\Python311\Lib\site-packages\telegram\utils\request.py", line 361, in post
    result = self._request_wrapper(
             ^^^^^^^^^^^^^^^^^^^^^^
  File "C:\Users\Habte\AppData\Local\Programs\Python\Python311\Lib\site-packages\telegram\utils\request.py", line 265, in _request_wrapper
    raise NetworkError(f'urllib3 HTTPError {error}') from error
telegram.error.NetworkError: urllib3 HTTPError HTTPSConnectionPool(host='api.telegram.org', port=443): Max retries exceeded with url: /bot6685183482:AAH6q7gWdUm5ZYYAbhoqDh0tqHIXcrjGSPw/sendMessage (Caused by NewConnectionError('<telegram.vendor.ptb_urllib3.urllib3.connection.VerifiedHTTPSConnection object at 0x000002A2DAE4FAD0>: Failed to establish a new connection: [Errno 11001] getaddrinfo failed'))
2023-10-07 00:08:02,514:telegram.bot:DEBUG:  Entering: get_updates
2023-10-07 00:08:02,530:telegram.vendor.ptb_urllib3.urllib3.connectionpool:WARNING:  Retrying (Retry(total=2, connect=None, read=None, redirect=None)) after connection broken by 'NewConnectionError('<telegram.vendor.ptb_urllib3.urllib3.connection.VerifiedHTTPSConnection object at 0x000002A2DAE4FC50>: Failed to establish a new connection: [Errno 11001] getaddrinfo failed')': /bot6685183482:AAH6q7gWdUm5ZYYAbhoqDh0tqHIXcrjGSPw/getUpdates
2023-10-07 00:08:02,543:telegram.vendor.ptb_urllib3.urllib3.connectionpool:WARNING:  Retrying (Retry(total=1, connect=None, read=None, redirect=None)) after connection broken by 'NewConnectionError('<telegram.vendor.ptb_urllib3.urllib3.connection.VerifiedHTTPSConnection object at 0x000002A2DAE4F350>: Failed to establish a new connection: [Errno 11001] getaddrinfo failed')': /bot6685183482:AAH6q7gWdUm5ZYYAbhoqDh0tqHIXcrjGSPw/getUpdates
2023-10-07 00:08:02,574:telegram.vendor.ptb_urllib3.urllib3.connectionpool:WARNING:  Retrying (Retry(total=0, connect=None, read=None, redirect=None)) after connection broken by 'NewConnectionError('<telegram.vendor.ptb_urllib3.urllib3.connection.VerifiedHTTPSConnection object at 0x000002A2DAE4E250>: Failed to establish a new connection: [Errno 11001] getaddrinfo failed')': /bot6685183482:AAH6q7gWdUm5ZYYAbhoqDh0tqHIXcrjGSPw/getUpdates
2023-10-07 00:08:02,574:telegram.ext.updater:ERROR:  Error while getting Updates: urllib3 HTTPError HTTPSConnectionPool(host='api.telegram.org', port=443): Max retries exceeded with url: /bot6685183482:AAH6q7gWdUm5ZYYAbhoqDh0tqHIXcrjGSPw/getUpdates (Caused by NewConnectionError('<telegram.vendor.ptb_urllib3.urllib3.connection.VerifiedHTTPSConnection object at 0x000002A2DAE42510>: Failed to establish a new connection: [Errno 11001] getaddrinfo failed'))
2023-10-07 00:08:02,775:telegram.ext.dispatcher:DEBUG:  Processing Update: urllib3 HTTPError HTTPSConnectionPool(host='api.telegram.org', port=443): Max retries exceeded with url: /bot6685183482:AAH6q7gWdUm5ZYYAbhoqDh0tqHIXcrjGSPw/getUpdates (Caused by NewConnectionError('<telegram.vendor.ptb_urllib3.urllib3.connection.VerifiedHTTPSConnection object at 0x000002A2DAE42510>: Failed to establish a new connection: [Errno 11001] getaddrinfo failed'))
2023-10-07 00:08:02,775:__main__:ERROR:  urllib3 HTTPError HTTPSConnectionPool(host='api.telegram.org', port=443): Max retries exceeded with url: /bot6685183482:AAH6q7gWdUm5ZYYAbhoqDh0tqHIXcrjGSPw/getUpdates (Caused by NewConnectionError('<telegram.vendor.ptb_urllib3.urllib3.connection.VerifiedHTTPSConnection object at 0x000002A2DAE42510>: Failed to establish a new connection: [Errno 11001] getaddrinfo failed'))
NoneType: None
2023-10-07 00:08:02,775:telegram.bot:DEBUG:  Entering: send_message
2023-10-07 00:08:03,000:telegram.vendor.ptb_urllib3.urllib3.connectionpool:WARNING:  Retrying (Retry(total=2, connect=None, read=None, redirect=None)) after connection broken by 'NewConnectionError('<telegram.vendor.ptb_urllib3.urllib3.connection.VerifiedHTTPSConnection object at 0x000002A2DAE40F90>: Failed to establish a new connection: [Errno 11001] getaddrinfo failed')': /bot6685183482:AAH6q7gWdUm5ZYYAbhoqDh0tqHIXcrjGSPw/sendMessage
2023-10-07 00:08:03,661:telegram.vendor.ptb_urllib3.urllib3.connectionpool:WARNING:  Retrying (Retry(total=1, connect=None, read=None, redirect=None)) after connection broken by 'NewConnectionError('<telegram.vendor.ptb_urllib3.urllib3.connection.VerifiedHTTPSConnection object at 0x000002A2DAE400D0>: Failed to establish a new connection: [Errno 11001] getaddrinfo failed')': /bot6685183482:AAH6q7gWdUm5ZYYAbhoqDh0tqHIXcrjGSPw/sendMessage
2023-10-07 00:08:03,893:telegram.vendor.ptb_urllib3.urllib3.connectionpool:WARNING:  Retrying (Retry(total=0, connect=None, read=None, redirect=None)) after connection broken by 'NewConnectionError('<telegram.vendor.ptb_urllib3.urllib3.connection.VerifiedHTTPSConnection object at 0x000002A2DAE43050>: Failed to establish a new connection: [Errno 11001] getaddrinfo failed')': /bot6685183482:AAH6q7gWdUm5ZYYAbhoqDh0tqHIXcrjGSPw/sendMessage
2023-10-07 00:08:04,657:telegram.ext.dispatcher:ERROR:  An uncaught error was raised while handling the error.
Traceback (most recent call last):
  File "C:\Users\Habte\AppData\Local\Programs\Python\Python311\Lib\site-packages\telegram\vendor\ptb_urllib3\urllib3\connection.py", line 140, in _new_conn
    conn = connection.create_connection(
           ^^^^^^^^^^^^^^^^^^^^^^^^^^^^^
  File "C:\Users\Habte\AppData\Local\Programs\Python\Python311\Lib\site-packages\telegram\vendor\ptb_urllib3\urllib3\util\connection.py", line 60, in create_connection
    for res in socket.getaddrinfo(host, port, family, socket.SOCK_STREAM):
               ^^^^^^^^^^^^^^^^^^^^^^^^^^^^^^^^^^^^^^^^^^^^^^^^^^^^^^^^^^
  File "C:\Users\Habte\AppData\Local\Programs\Python\Python311\Lib\socket.py", line 962, in getaddrinfo
    for res in _socket.getaddrinfo(host, port, family, type, proto, flags):
               ^^^^^^^^^^^^^^^^^^^^^^^^^^^^^^^^^^^^^^^^^^^^^^^^^^^^^^^^^^^
socket.gaierror: [Errno 11001] getaddrinfo failed

During handling of the above exception, another exception occurred:

Traceback (most recent call last):
  File "C:\Users\Habte\AppData\Local\Programs\Python\Python311\Lib\site-packages\telegram\vendor\ptb_urllib3\urllib3\connectionpool.py", line 614, in urlopen
    httplib_response = self._make_request(conn, method, url,
                       ^^^^^^^^^^^^^^^^^^^^^^^^^^^^^^^^^^^^^
  File "C:\Users\Habte\AppData\Local\Programs\Python\Python311\Lib\site-packages\telegram\vendor\ptb_urllib3\urllib3\connectionpool.py", line 360, in _make_request
    self._validate_conn(conn)
  File "C:\Users\Habte\AppData\Local\Programs\Python\Python311\Lib\site-packages\telegram\vendor\ptb_urllib3\urllib3\connectionpool.py", line 857, in _validate_conn
    super(HTTPSConnectionPool, self)._validate_conn(conn)
  File "C:\Users\Habte\AppData\Local\Programs\Python\Python311\Lib\site-packages\telegram\vendor\ptb_urllib3\urllib3\connectionpool.py", line 289, in _validate_conn
    conn.connect()
  File "C:\Users\Habte\AppData\Local\Programs\Python\Python311\Lib\site-packages\telegram\vendor\ptb_urllib3\urllib3\connection.py", line 284, in connect
    conn = self._new_conn()
           ^^^^^^^^^^^^^^^^
  File "C:\Users\Habte\AppData\Local\Programs\Python\Python311\Lib\site-packages\telegram\vendor\ptb_urllib3\urllib3\connection.py", line 149, in _new_conn
    raise NewConnectionError(
telegram.vendor.ptb_urllib3.urllib3.exceptions.NewConnectionError: <telegram.vendor.ptb_urllib3.urllib3.connection.VerifiedHTTPSConnection object at 0x000002A2DAE43AD0>: Failed to establish a new connection: [Errno 11001] getaddrinfo failed

During handling of the above exception, another exception occurred:

Traceback (most recent call last):
  File "C:\Users\Habte\AppData\Local\Programs\Python\Python311\Lib\site-packages\telegram\utils\request.py", line 259, in _request_wrapper
    resp = self._con_pool.request(*args, **kwargs)
           ^^^^^^^^^^^^^^^^^^^^^^^^^^^^^^^^^^^^^^^
  File "C:\Users\Habte\AppData\Local\Programs\Python\Python311\Lib\site-packages\telegram\vendor\ptb_urllib3\urllib3\request.py", line 68, in request
    return self.request_encode_body(method, url, fields=fields,
           ^^^^^^^^^^^^^^^^^^^^^^^^^^^^^^^^^^^^^^^^^^^^^^^^^^^^
  File "C:\Users\Habte\AppData\Local\Programs\Python\Python311\Lib\site-packages\telegram\vendor\ptb_urllib3\urllib3\request.py", line 148, in request_encode_body
    return self.urlopen(method, url, **extra_kw)
           ^^^^^^^^^^^^^^^^^^^^^^^^^^^^^^^^^^^^^
  File "C:\Users\Habte\AppData\Local\Programs\Python\Python311\Lib\site-packages\telegram\vendor\ptb_urllib3\urllib3\poolmanager.py", line 244, in urlopen
    response = conn.urlopen(method, u.request_uri, **kw)
               ^^^^^^^^^^^^^^^^^^^^^^^^^^^^^^^^^^^^^^^^^
  File "C:\Users\Habte\AppData\Local\Programs\Python\Python311\Lib\site-packages\telegram\vendor\ptb_urllib3\urllib3\connectionpool.py", line 691, in urlopen
    return self.urlopen(method, url, body, headers, retries,
           ^^^^^^^^^^^^^^^^^^^^^^^^^^^^^^^^^^^^^^^^^^^^^^^^^
  File "C:\Users\Habte\AppData\Local\Programs\Python\Python311\Lib\site-packages\telegram\vendor\ptb_urllib3\urllib3\connectionpool.py", line 691, in urlopen
    return self.urlopen(method, url, body, headers, retries,
           ^^^^^^^^^^^^^^^^^^^^^^^^^^^^^^^^^^^^^^^^^^^^^^^^^
  File "C:\Users\Habte\AppData\Local\Programs\Python\Python311\Lib\site-packages\telegram\vendor\ptb_urllib3\urllib3\connectionpool.py", line 691, in urlopen
    return self.urlopen(method, url, body, headers, retries,
           ^^^^^^^^^^^^^^^^^^^^^^^^^^^^^^^^^^^^^^^^^^^^^^^^^
  File "C:\Users\Habte\AppData\Local\Programs\Python\Python311\Lib\site-packages\telegram\vendor\ptb_urllib3\urllib3\connectionpool.py", line 665, in urlopen
    retries = retries.increment(method, url, error=e, _pool=self,
              ^^^^^^^^^^^^^^^^^^^^^^^^^^^^^^^^^^^^^^^^^^^^^^^^^^^
  File "C:\Users\Habte\AppData\Local\Programs\Python\Python311\Lib\site-packages\telegram\vendor\ptb_urllib3\urllib3\util\retry.py", line 376, in increment
    raise MaxRetryError(_pool, url, error or ResponseError(cause))
telegram.vendor.ptb_urllib3.urllib3.exceptions.MaxRetryError: HTTPSConnectionPool(host='api.telegram.org', port=443): Max retries exceeded with url: /bot6685183482:AAH6q7gWdUm5ZYYAbhoqDh0tqHIXcrjGSPw/sendMessage (Caused by NewConnectionError('<telegram.vendor.ptb_urllib3.urllib3.connection.VerifiedHTTPSConnection object at 0x000002A2DAE43AD0>: Failed to establish a new connection: [Errno 11001] getaddrinfo failed'))

The above exception was the direct cause of the following exception:

Traceback (most recent call last):
  File "C:\Users\Habte\AppData\Local\Programs\Python\Python311\Lib\site-packages\telegram\ext\dispatcher.py", line 538, in process_update
    self.dispatch_error(None, update)
  File "C:\Users\Habte\AppData\Local\Programs\Python\Python311\Lib\site-packages\telegram\ext\dispatcher.py", line 813, in dispatch_error
    callback(update, context)
  File "c:\Users\Habte\Desktop\IssueNotified\app.py", line 356, in handle_error
    updater.bot.send_message(chat_id=DEVELOPER_ID, text='An error occurred in the IssueNotified bot: \n{}'.format(context.error))
  File "C:\Users\Habte\AppData\Local\Programs\Python\Python311\Lib\site-packages\telegram\bot.py", line 133, in decorator
    result = func(*args, **kwargs)
             ^^^^^^^^^^^^^^^^^^^^^
  File "C:\Users\Habte\AppData\Local\Programs\Python\Python311\Lib\site-packages\telegram\bot.py", line 525, in send_message
    return self._message(  # type: ignore[return-value]
           ^^^^^^^^^^^^^^^^^^^^^^^^^^^^^^^^^^^^^^^^^^^^
  File "C:\Users\Habte\AppData\Local\Programs\Python\Python311\Lib\site-packages\telegram\ext\extbot.py", line 202, in _message
    result = super()._message(
             ^^^^^^^^^^^^^^^^^
  File "C:\Users\Habte\AppData\Local\Programs\Python\Python311\Lib\site-packages\telegram\bot.py", line 339, in _message
    result = self._post(endpoint, data, timeout=timeout, api_kwargs=api_kwargs)
             ^^^^^^^^^^^^^^^^^^^^^^^^^^^^^^^^^^^^^^^^^^^^^^^^^^^^^^^^^^^^^^^^^^
  File "C:\Users\Habte\AppData\Local\Programs\Python\Python311\Lib\site-packages\telegram\bot.py", line 298, in _post
    return self.request.post(
           ^^^^^^^^^^^^^^^^^^
  File "C:\Users\Habte\AppData\Local\Programs\Python\Python311\Lib\site-packages\telegram\utils\request.py", line 361, in post
    result = self._request_wrapper(
             ^^^^^^^^^^^^^^^^^^^^^^
  File "C:\Users\Habte\AppData\Local\Programs\Python\Python311\Lib\site-packages\telegram\utils\request.py", line 265, in _request_wrapper
    raise NetworkError(f'urllib3 HTTPError {error}') from error
telegram.error.NetworkError: urllib3 HTTPError HTTPSConnectionPool(host='api.telegram.org', port=443): Max retries exceeded with url: /bot6685183482:AAH6q7gWdUm5ZYYAbhoqDh0tqHIXcrjGSPw/sendMessage (Caused by NewConnectionError('<telegram.vendor.ptb_urllib3.urllib3.connection.VerifiedHTTPSConnection object at 0x000002A2DAE43AD0>: Failed to establish a new connection: [Errno 11001] getaddrinfo failed'))
2023-10-07 00:08:06,023:telegram.bot:DEBUG:  Entering: get_updates
2023-10-07 00:08:06,498:telegram.vendor.ptb_urllib3.urllib3.connectionpool:WARNING:  Retrying (Retry(total=2, connect=None, read=None, redirect=None)) after connection broken by 'NewConnectionError('<telegram.vendor.ptb_urllib3.urllib3.connection.VerifiedHTTPSConnection object at 0x000002A2DAE43FD0>: Failed to establish a new connection: [Errno 11001] getaddrinfo failed')': /bot6685183482:AAH6q7gWdUm5ZYYAbhoqDh0tqHIXcrjGSPw/getUpdates
2023-10-07 00:08:06,544:telegram.vendor.ptb_urllib3.urllib3.connectionpool:WARNING:  Retrying (Retry(total=1, connect=None, read=None, redirect=None)) after connection broken by 'NewConnectionError('<telegram.vendor.ptb_urllib3.urllib3.connection.VerifiedHTTPSConnection object at 0x000002A2DAE40B50>: Failed to establish a new connection: [Errno 11001] getaddrinfo failed')': /bot6685183482:AAH6q7gWdUm5ZYYAbhoqDh0tqHIXcrjGSPw/getUpdates
2023-10-07 00:08:06,544:telegram.vendor.ptb_urllib3.urllib3.connectionpool:WARNING:  Retrying (Retry(total=0, connect=None, read=None, redirect=None)) after connection broken by 'NewConnectionError('<telegram.vendor.ptb_urllib3.urllib3.connection.VerifiedHTTPSConnection object at 0x000002A2DAE10490>: Failed to establish a new connection: [Errno 11001] getaddrinfo failed')': /bot6685183482:AAH6q7gWdUm5ZYYAbhoqDh0tqHIXcrjGSPw/getUpdates
2023-10-07 00:08:06,544:telegram.ext.updater:ERROR:  Error while getting Updates: urllib3 HTTPError HTTPSConnectionPool(host='api.telegram.org', port=443): Max retries exceeded with url: /bot6685183482:AAH6q7gWdUm5ZYYAbhoqDh0tqHIXcrjGSPw/getUpdates (Caused by NewConnectionError('<telegram.vendor.ptb_urllib3.urllib3.connection.VerifiedHTTPSConnection object at 0x000002A2D9C3A150>: Failed to establish a new connection: [Errno 11001] getaddrinfo failed'))
2023-10-07 00:08:06,544:telegram.ext.dispatcher:DEBUG:  Processing Update: urllib3 HTTPError HTTPSConnectionPool(host='api.telegram.org', port=443): Max retries exceeded with url: /bot6685183482:AAH6q7gWdUm5ZYYAbhoqDh0tqHIXcrjGSPw/getUpdates (Caused by NewConnectionError('<telegram.vendor.ptb_urllib3.urllib3.connection.VerifiedHTTPSConnection object at 0x000002A2D9C3A150>: Failed to establish a new connection: [Errno 11001] getaddrinfo failed'))
2023-10-07 00:08:06,544:__main__:ERROR:  urllib3 HTTPError HTTPSConnectionPool(host='api.telegram.org', port=443): Max retries exceeded with url: /bot6685183482:AAH6q7gWdUm5ZYYAbhoqDh0tqHIXcrjGSPw/getUpdates (Caused by NewConnectionError('<telegram.vendor.ptb_urllib3.urllib3.connection.VerifiedHTTPSConnection object at 0x000002A2D9C3A150>: Failed to establish a new connection: [Errno 11001] getaddrinfo failed'))
NoneType: None
2023-10-07 00:08:06,544:telegram.bot:DEBUG:  Entering: send_message
2023-10-07 00:08:06,544:telegram.vendor.ptb_urllib3.urllib3.connectionpool:WARNING:  Retrying (Retry(total=2, connect=None, read=None, redirect=None)) after connection broken by 'NewConnectionError('<telegram.vendor.ptb_urllib3.urllib3.connection.VerifiedHTTPSConnection object at 0x000002A2DAE2D110>: Failed to establish a new connection: [Errno 11001] getaddrinfo failed')': /bot6685183482:AAH6q7gWdUm5ZYYAbhoqDh0tqHIXcrjGSPw/sendMessage
2023-10-07 00:08:06,544:telegram.vendor.ptb_urllib3.urllib3.connectionpool:WARNING:  Retrying (Retry(total=1, connect=None, read=None, redirect=None)) after connection broken by 'NewConnectionError('<telegram.vendor.ptb_urllib3.urllib3.connection.VerifiedHTTPSConnection object at 0x000002A2DAE101D0>: Failed to establish a new connection: [Errno 11001] getaddrinfo failed')': /bot6685183482:AAH6q7gWdUm5ZYYAbhoqDh0tqHIXcrjGSPw/sendMessage
2023-10-07 00:08:06,544:telegram.vendor.ptb_urllib3.urllib3.connectionpool:WARNING:  Retrying (Retry(total=0, connect=None, read=None, redirect=None)) after connection broken by 'NewConnectionError('<telegram.vendor.ptb_urllib3.urllib3.connection.VerifiedHTTPSConnection object at 0x000002A2DAE58610>: Failed to establish a new connection: [Errno 11001] getaddrinfo failed')': /bot6685183482:AAH6q7gWdUm5ZYYAbhoqDh0tqHIXcrjGSPw/sendMessage
2023-10-07 00:08:06,544:telegram.ext.dispatcher:ERROR:  An uncaught error was raised while handling the error.
Traceback (most recent call last):
  File "C:\Users\Habte\AppData\Local\Programs\Python\Python311\Lib\site-packages\telegram\vendor\ptb_urllib3\urllib3\connection.py", line 140, in _new_conn
    conn = connection.create_connection(
           ^^^^^^^^^^^^^^^^^^^^^^^^^^^^^
  File "C:\Users\Habte\AppData\Local\Programs\Python\Python311\Lib\site-packages\telegram\vendor\ptb_urllib3\urllib3\util\connection.py", line 60, in create_connection
    for res in socket.getaddrinfo(host, port, family, socket.SOCK_STREAM):
               ^^^^^^^^^^^^^^^^^^^^^^^^^^^^^^^^^^^^^^^^^^^^^^^^^^^^^^^^^^
  File "C:\Users\Habte\AppData\Local\Programs\Python\Python311\Lib\socket.py", line 962, in getaddrinfo
    for res in _socket.getaddrinfo(host, port, family, type, proto, flags):
               ^^^^^^^^^^^^^^^^^^^^^^^^^^^^^^^^^^^^^^^^^^^^^^^^^^^^^^^^^^^
socket.gaierror: [Errno 11001] getaddrinfo failed

During handling of the above exception, another exception occurred:

Traceback (most recent call last):
  File "C:\Users\Habte\AppData\Local\Programs\Python\Python311\Lib\site-packages\telegram\vendor\ptb_urllib3\urllib3\connectionpool.py", line 614, in urlopen
    httplib_response = self._make_request(conn, method, url,
                       ^^^^^^^^^^^^^^^^^^^^^^^^^^^^^^^^^^^^^
  File "C:\Users\Habte\AppData\Local\Programs\Python\Python311\Lib\site-packages\telegram\vendor\ptb_urllib3\urllib3\connectionpool.py", line 360, in _make_request
    self._validate_conn(conn)
  File "C:\Users\Habte\AppData\Local\Programs\Python\Python311\Lib\site-packages\telegram\vendor\ptb_urllib3\urllib3\connectionpool.py", line 857, in _validate_conn
    super(HTTPSConnectionPool, self)._validate_conn(conn)
  File "C:\Users\Habte\AppData\Local\Programs\Python\Python311\Lib\site-packages\telegram\vendor\ptb_urllib3\urllib3\connectionpool.py", line 289, in _validate_conn
    conn.connect()
  File "C:\Users\Habte\AppData\Local\Programs\Python\Python311\Lib\site-packages\telegram\vendor\ptb_urllib3\urllib3\connection.py", line 284, in connect
    conn = self._new_conn()
           ^^^^^^^^^^^^^^^^
  File "C:\Users\Habte\AppData\Local\Programs\Python\Python311\Lib\site-packages\telegram\vendor\ptb_urllib3\urllib3\connection.py", line 149, in _new_conn
    raise NewConnectionError(
telegram.vendor.ptb_urllib3.urllib3.exceptions.NewConnectionError: <telegram.vendor.ptb_urllib3.urllib3.connection.VerifiedHTTPSConnection object at 0x000002A2DAE58C10>: Failed to establish a new connection: [Errno 11001] getaddrinfo failed

During handling of the above exception, another exception occurred:

Traceback (most recent call last):
  File "C:\Users\Habte\AppData\Local\Programs\Python\Python311\Lib\site-packages\telegram\utils\request.py", line 259, in _request_wrapper
    resp = self._con_pool.request(*args, **kwargs)
           ^^^^^^^^^^^^^^^^^^^^^^^^^^^^^^^^^^^^^^^
  File "C:\Users\Habte\AppData\Local\Programs\Python\Python311\Lib\site-packages\telegram\vendor\ptb_urllib3\urllib3\request.py", line 68, in request
    return self.request_encode_body(method, url, fields=fields,
           ^^^^^^^^^^^^^^^^^^^^^^^^^^^^^^^^^^^^^^^^^^^^^^^^^^^^
  File "C:\Users\Habte\AppData\Local\Programs\Python\Python311\Lib\site-packages\telegram\vendor\ptb_urllib3\urllib3\request.py", line 148, in request_encode_body
    return self.urlopen(method, url, **extra_kw)
           ^^^^^^^^^^^^^^^^^^^^^^^^^^^^^^^^^^^^^
  File "C:\Users\Habte\AppData\Local\Programs\Python\Python311\Lib\site-packages\telegram\vendor\ptb_urllib3\urllib3\poolmanager.py", line 244, in urlopen
    response = conn.urlopen(method, u.request_uri, **kw)
               ^^^^^^^^^^^^^^^^^^^^^^^^^^^^^^^^^^^^^^^^^
  File "C:\Users\Habte\AppData\Local\Programs\Python\Python311\Lib\site-packages\telegram\vendor\ptb_urllib3\urllib3\connectionpool.py", line 691, in urlopen
    return self.urlopen(method, url, body, headers, retries,
           ^^^^^^^^^^^^^^^^^^^^^^^^^^^^^^^^^^^^^^^^^^^^^^^^^
  File "C:\Users\Habte\AppData\Local\Programs\Python\Python311\Lib\site-packages\telegram\vendor\ptb_urllib3\urllib3\connectionpool.py", line 691, in urlopen
    return self.urlopen(method, url, body, headers, retries,
           ^^^^^^^^^^^^^^^^^^^^^^^^^^^^^^^^^^^^^^^^^^^^^^^^^
  File "C:\Users\Habte\AppData\Local\Programs\Python\Python311\Lib\site-packages\telegram\vendor\ptb_urllib3\urllib3\connectionpool.py", line 691, in urlopen
    return self.urlopen(method, url, body, headers, retries,
           ^^^^^^^^^^^^^^^^^^^^^^^^^^^^^^^^^^^^^^^^^^^^^^^^^
  File "C:\Users\Habte\AppData\Local\Programs\Python\Python311\Lib\site-packages\telegram\vendor\ptb_urllib3\urllib3\connectionpool.py", line 665, in urlopen
    retries = retries.increment(method, url, error=e, _pool=self,
              ^^^^^^^^^^^^^^^^^^^^^^^^^^^^^^^^^^^^^^^^^^^^^^^^^^^
  File "C:\Users\Habte\AppData\Local\Programs\Python\Python311\Lib\site-packages\telegram\vendor\ptb_urllib3\urllib3\util\retry.py", line 376, in increment
    raise MaxRetryError(_pool, url, error or ResponseError(cause))
telegram.vendor.ptb_urllib3.urllib3.exceptions.MaxRetryError: HTTPSConnectionPool(host='api.telegram.org', port=443): Max retries exceeded with url: /bot6685183482:AAH6q7gWdUm5ZYYAbhoqDh0tqHIXcrjGSPw/sendMessage (Caused by NewConnectionError('<telegram.vendor.ptb_urllib3.urllib3.connection.VerifiedHTTPSConnection object at 0x000002A2DAE58C10>: Failed to establish a new connection: [Errno 11001] getaddrinfo failed'))

The above exception was the direct cause of the following exception:

Traceback (most recent call last):
  File "C:\Users\Habte\AppData\Local\Programs\Python\Python311\Lib\site-packages\telegram\ext\dispatcher.py", line 538, in process_update
    self.dispatch_error(None, update)
  File "C:\Users\Habte\AppData\Local\Programs\Python\Python311\Lib\site-packages\telegram\ext\dispatcher.py", line 813, in dispatch_error
    callback(update, context)
  File "c:\Users\Habte\Desktop\IssueNotified\app.py", line 356, in handle_error
    updater.bot.send_message(chat_id=DEVELOPER_ID, text='An error occurred in the IssueNotified bot: \n{}'.format(context.error))
  File "C:\Users\Habte\AppData\Local\Programs\Python\Python311\Lib\site-packages\telegram\bot.py", line 133, in decorator
    result = func(*args, **kwargs)
             ^^^^^^^^^^^^^^^^^^^^^
  File "C:\Users\Habte\AppData\Local\Programs\Python\Python311\Lib\site-packages\telegram\bot.py", line 525, in send_message
    return self._message(  # type: ignore[return-value]
           ^^^^^^^^^^^^^^^^^^^^^^^^^^^^^^^^^^^^^^^^^^^^
  File "C:\Users\Habte\AppData\Local\Programs\Python\Python311\Lib\site-packages\telegram\ext\extbot.py", line 202, in _message
    result = super()._message(
             ^^^^^^^^^^^^^^^^^
  File "C:\Users\Habte\AppData\Local\Programs\Python\Python311\Lib\site-packages\telegram\bot.py", line 339, in _message
    result = self._post(endpoint, data, timeout=timeout, api_kwargs=api_kwargs)
             ^^^^^^^^^^^^^^^^^^^^^^^^^^^^^^^^^^^^^^^^^^^^^^^^^^^^^^^^^^^^^^^^^^
  File "C:\Users\Habte\AppData\Local\Programs\Python\Python311\Lib\site-packages\telegram\bot.py", line 298, in _post
    return self.request.post(
           ^^^^^^^^^^^^^^^^^^
  File "C:\Users\Habte\AppData\Local\Programs\Python\Python311\Lib\site-packages\telegram\utils\request.py", line 361, in post
    result = self._request_wrapper(
             ^^^^^^^^^^^^^^^^^^^^^^
  File "C:\Users\Habte\AppData\Local\Programs\Python\Python311\Lib\site-packages\telegram\utils\request.py", line 265, in _request_wrapper
    raise NetworkError(f'urllib3 HTTPError {error}') from error
telegram.error.NetworkError: urllib3 HTTPError HTTPSConnectionPool(host='api.telegram.org', port=443): Max retries exceeded with url: /bot6685183482:AAH6q7gWdUm5ZYYAbhoqDh0tqHIXcrjGSPw/sendMessage (Caused by NewConnectionError('<telegram.vendor.ptb_urllib3.urllib3.connection.VerifiedHTTPSConnection object at 0x000002A2DAE58C10>: Failed to establish a new connection: [Errno 11001] getaddrinfo failed'))
2023-10-07 00:08:11,611:telegram.bot:DEBUG:  Entering: get_updates
2023-10-07 00:08:11,611:telegram.vendor.ptb_urllib3.urllib3.connectionpool:WARNING:  Retrying (Retry(total=2, connect=None, read=None, redirect=None)) after connection broken by 'NewConnectionError('<telegram.vendor.ptb_urllib3.urllib3.connection.VerifiedHTTPSConnection object at 0x000002A2DAE58F10>: Failed to establish a new connection: [Errno 11001] getaddrinfo failed')': /bot6685183482:AAH6q7gWdUm5ZYYAbhoqDh0tqHIXcrjGSPw/getUpdates
2023-10-07 00:08:11,710:telegram.vendor.ptb_urllib3.urllib3.connectionpool:WARNING:  Retrying (Retry(total=1, connect=None, read=None, redirect=None)) after connection broken by 'NewConnectionError('<telegram.vendor.ptb_urllib3.urllib3.connection.VerifiedHTTPSConnection object at 0x000002A2DAE59350>: Failed to establish a new connection: [Errno 11001] getaddrinfo failed')': /bot6685183482:AAH6q7gWdUm5ZYYAbhoqDh0tqHIXcrjGSPw/getUpdates
2023-10-07 00:08:11,710:telegram.vendor.ptb_urllib3.urllib3.connectionpool:WARNING:  Retrying (Retry(total=0, connect=None, read=None, redirect=None)) after connection broken by 'NewConnectionError('<telegram.vendor.ptb_urllib3.urllib3.connection.VerifiedHTTPSConnection object at 0x000002A2DAE59CD0>: Failed to establish a new connection: [Errno 11001] getaddrinfo failed')': /bot6685183482:AAH6q7gWdUm5ZYYAbhoqDh0tqHIXcrjGSPw/getUpdates
2023-10-07 00:08:11,726:telegram.ext.updater:ERROR:  Error while getting Updates: urllib3 HTTPError HTTPSConnectionPool(host='api.telegram.org', port=443): Max retries exceeded with url: /bot6685183482:AAH6q7gWdUm5ZYYAbhoqDh0tqHIXcrjGSPw/getUpdates (Caused by NewConnectionError('<telegram.vendor.ptb_urllib3.urllib3.connection.VerifiedHTTPSConnection object at 0x000002A2DAE5A290>: Failed to establish a new connection: [Errno 11001] getaddrinfo failed'))
2023-10-07 00:08:11,726:telegram.ext.dispatcher:DEBUG:  Processing Update: urllib3 HTTPError HTTPSConnectionPool(host='api.telegram.org', port=443): Max retries exceeded with url: /bot6685183482:AAH6q7gWdUm5ZYYAbhoqDh0tqHIXcrjGSPw/getUpdates (Caused by NewConnectionError('<telegram.vendor.ptb_urllib3.urllib3.connection.VerifiedHTTPSConnection object at 0x000002A2DAE5A290>: Failed to establish a new connection: [Errno 11001] getaddrinfo failed'))
2023-10-07 00:08:11,726:__main__:ERROR:  urllib3 HTTPError HTTPSConnectionPool(host='api.telegram.org', port=443): Max retries exceeded with url: /bot6685183482:AAH6q7gWdUm5ZYYAbhoqDh0tqHIXcrjGSPw/getUpdates (Caused by NewConnectionError('<telegram.vendor.ptb_urllib3.urllib3.connection.VerifiedHTTPSConnection object at 0x000002A2DAE5A290>: Failed to establish a new connection: [Errno 11001] getaddrinfo failed'))
NoneType: None
2023-10-07 00:08:11,726:telegram.bot:DEBUG:  Entering: send_message
2023-10-07 00:08:11,726:telegram.vendor.ptb_urllib3.urllib3.connectionpool:WARNING:  Retrying (Retry(total=2, connect=None, read=None, redirect=None)) after connection broken by 'NewConnectionError('<telegram.vendor.ptb_urllib3.urllib3.connection.VerifiedHTTPSConnection object at 0x000002A2D9B33AD0>: Failed to establish a new connection: [Errno 11001] getaddrinfo failed')': /bot6685183482:AAH6q7gWdUm5ZYYAbhoqDh0tqHIXcrjGSPw/sendMessage
2023-10-07 00:08:11,726:telegram.vendor.ptb_urllib3.urllib3.connectionpool:WARNING:  Retrying (Retry(total=1, connect=None, read=None, redirect=None)) after connection broken by 'NewConnectionError('<telegram.vendor.ptb_urllib3.urllib3.connection.VerifiedHTTPSConnection object at 0x000002A2DAE102D0>: Failed to establish a new connection: [Errno 11001] getaddrinfo failed')': /bot6685183482:AAH6q7gWdUm5ZYYAbhoqDh0tqHIXcrjGSPw/sendMessage
2023-10-07 00:08:11,726:telegram.vendor.ptb_urllib3.urllib3.connectionpool:WARNING:  Retrying (Retry(total=0, connect=None, read=None, redirect=None)) after connection broken by 'NewConnectionError('<telegram.vendor.ptb_urllib3.urllib3.connection.VerifiedHTTPSConnection object at 0x000002A2D9C52090>: Failed to establish a new connection: [Errno 11001] getaddrinfo failed')': /bot6685183482:AAH6q7gWdUm5ZYYAbhoqDh0tqHIXcrjGSPw/sendMessage
2023-10-07 00:08:11,726:telegram.ext.dispatcher:ERROR:  An uncaught error was raised while handling the error.
Traceback (most recent call last):
  File "C:\Users\Habte\AppData\Local\Programs\Python\Python311\Lib\site-packages\telegram\vendor\ptb_urllib3\urllib3\connection.py", line 140, in _new_conn
    conn = connection.create_connection(
           ^^^^^^^^^^^^^^^^^^^^^^^^^^^^^
  File "C:\Users\Habte\AppData\Local\Programs\Python\Python311\Lib\site-packages\telegram\vendor\ptb_urllib3\urllib3\util\connection.py", line 60, in create_connection
    for res in socket.getaddrinfo(host, port, family, socket.SOCK_STREAM):
               ^^^^^^^^^^^^^^^^^^^^^^^^^^^^^^^^^^^^^^^^^^^^^^^^^^^^^^^^^^
  File "C:\Users\Habte\AppData\Local\Programs\Python\Python311\Lib\socket.py", line 962, in getaddrinfo
    for res in _socket.getaddrinfo(host, port, family, type, proto, flags):
               ^^^^^^^^^^^^^^^^^^^^^^^^^^^^^^^^^^^^^^^^^^^^^^^^^^^^^^^^^^^
socket.gaierror: [Errno 11001] getaddrinfo failed

During handling of the above exception, another exception occurred:

Traceback (most recent call last):
  File "C:\Users\Habte\AppData\Local\Programs\Python\Python311\Lib\site-packages\telegram\vendor\ptb_urllib3\urllib3\connectionpool.py", line 614, in urlopen
    httplib_response = self._make_request(conn, method, url,
                       ^^^^^^^^^^^^^^^^^^^^^^^^^^^^^^^^^^^^^
  File "C:\Users\Habte\AppData\Local\Programs\Python\Python311\Lib\site-packages\telegram\vendor\ptb_urllib3\urllib3\connectionpool.py", line 360, in _make_request
    self._validate_conn(conn)
  File "C:\Users\Habte\AppData\Local\Programs\Python\Python311\Lib\site-packages\telegram\vendor\ptb_urllib3\urllib3\connectionpool.py", line 857, in _validate_conn
    super(HTTPSConnectionPool, self)._validate_conn(conn)
  File "C:\Users\Habte\AppData\Local\Programs\Python\Python311\Lib\site-packages\telegram\vendor\ptb_urllib3\urllib3\connectionpool.py", line 289, in _validate_conn
    conn.connect()
  File "C:\Users\Habte\AppData\Local\Programs\Python\Python311\Lib\site-packages\telegram\vendor\ptb_urllib3\urllib3\connection.py", line 284, in connect
    conn = self._new_conn()
           ^^^^^^^^^^^^^^^^
  File "C:\Users\Habte\AppData\Local\Programs\Python\Python311\Lib\site-packages\telegram\vendor\ptb_urllib3\urllib3\connection.py", line 149, in _new_conn
    raise NewConnectionError(
telegram.vendor.ptb_urllib3.urllib3.exceptions.NewConnectionError: <telegram.vendor.ptb_urllib3.urllib3.connection.VerifiedHTTPSConnection object at 0x000002A2DAE41210>: Failed to establish a new connection: [Errno 11001] getaddrinfo failed

During handling of the above exception, another exception occurred:

Traceback (most recent call last):
  File "C:\Users\Habte\AppData\Local\Programs\Python\Python311\Lib\site-packages\telegram\utils\request.py", line 259, in _request_wrapper
    resp = self._con_pool.request(*args, **kwargs)
           ^^^^^^^^^^^^^^^^^^^^^^^^^^^^^^^^^^^^^^^
  File "C:\Users\Habte\AppData\Local\Programs\Python\Python311\Lib\site-packages\telegram\vendor\ptb_urllib3\urllib3\request.py", line 68, in request
    return self.request_encode_body(method, url, fields=fields,
           ^^^^^^^^^^^^^^^^^^^^^^^^^^^^^^^^^^^^^^^^^^^^^^^^^^^^
  File "C:\Users\Habte\AppData\Local\Programs\Python\Python311\Lib\site-packages\telegram\vendor\ptb_urllib3\urllib3\request.py", line 148, in request_encode_body
    return self.urlopen(method, url, **extra_kw)
           ^^^^^^^^^^^^^^^^^^^^^^^^^^^^^^^^^^^^^
  File "C:\Users\Habte\AppData\Local\Programs\Python\Python311\Lib\site-packages\telegram\vendor\ptb_urllib3\urllib3\poolmanager.py", line 244, in urlopen
    response = conn.urlopen(method, u.request_uri, **kw)
               ^^^^^^^^^^^^^^^^^^^^^^^^^^^^^^^^^^^^^^^^^
  File "C:\Users\Habte\AppData\Local\Programs\Python\Python311\Lib\site-packages\telegram\vendor\ptb_urllib3\urllib3\connectionpool.py", line 691, in urlopen
    return self.urlopen(method, url, body, headers, retries,
           ^^^^^^^^^^^^^^^^^^^^^^^^^^^^^^^^^^^^^^^^^^^^^^^^^
  File "C:\Users\Habte\AppData\Local\Programs\Python\Python311\Lib\site-packages\telegram\vendor\ptb_urllib3\urllib3\connectionpool.py", line 691, in urlopen
    return self.urlopen(method, url, body, headers, retries,
           ^^^^^^^^^^^^^^^^^^^^^^^^^^^^^^^^^^^^^^^^^^^^^^^^^
  File "C:\Users\Habte\AppData\Local\Programs\Python\Python311\Lib\site-packages\telegram\vendor\ptb_urllib3\urllib3\connectionpool.py", line 691, in urlopen
    return self.urlopen(method, url, body, headers, retries,
           ^^^^^^^^^^^^^^^^^^^^^^^^^^^^^^^^^^^^^^^^^^^^^^^^^
  File "C:\Users\Habte\AppData\Local\Programs\Python\Python311\Lib\site-packages\telegram\vendor\ptb_urllib3\urllib3\connectionpool.py", line 665, in urlopen
    retries = retries.increment(method, url, error=e, _pool=self,
              ^^^^^^^^^^^^^^^^^^^^^^^^^^^^^^^^^^^^^^^^^^^^^^^^^^^
  File "C:\Users\Habte\AppData\Local\Programs\Python\Python311\Lib\site-packages\telegram\vendor\ptb_urllib3\urllib3\util\retry.py", line 376, in increment
    raise MaxRetryError(_pool, url, error or ResponseError(cause))
telegram.vendor.ptb_urllib3.urllib3.exceptions.MaxRetryError: HTTPSConnectionPool(host='api.telegram.org', port=443): Max retries exceeded with url: /bot6685183482:AAH6q7gWdUm5ZYYAbhoqDh0tqHIXcrjGSPw/sendMessage (Caused by NewConnectionError('<telegram.vendor.ptb_urllib3.urllib3.connection.VerifiedHTTPSConnection object at 0x000002A2DAE41210>: Failed to establish a new connection: [Errno 11001] getaddrinfo failed'))

The above exception was the direct cause of the following exception:

Traceback (most recent call last):
  File "C:\Users\Habte\AppData\Local\Programs\Python\Python311\Lib\site-packages\telegram\ext\dispatcher.py", line 538, in process_update
    self.dispatch_error(None, update)
  File "C:\Users\Habte\AppData\Local\Programs\Python\Python311\Lib\site-packages\telegram\ext\dispatcher.py", line 813, in dispatch_error
    callback(update, context)
  File "c:\Users\Habte\Desktop\IssueNotified\app.py", line 356, in handle_error
    updater.bot.send_message(chat_id=DEVELOPER_ID, text='An error occurred in the IssueNotified bot: \n{}'.format(context.error))
  File "C:\Users\Habte\AppData\Local\Programs\Python\Python311\Lib\site-packages\telegram\bot.py", line 133, in decorator
    result = func(*args, **kwargs)
             ^^^^^^^^^^^^^^^^^^^^^
  File "C:\Users\Habte\AppData\Local\Programs\Python\Python311\Lib\site-packages\telegram\bot.py", line 525, in send_message
    return self._message(  # type: ignore[return-value]
           ^^^^^^^^^^^^^^^^^^^^^^^^^^^^^^^^^^^^^^^^^^^^
  File "C:\Users\Habte\AppData\Local\Programs\Python\Python311\Lib\site-packages\telegram\ext\extbot.py", line 202, in _message
    result = super()._message(
             ^^^^^^^^^^^^^^^^^
  File "C:\Users\Habte\AppData\Local\Programs\Python\Python311\Lib\site-packages\telegram\bot.py", line 339, in _message
    result = self._post(endpoint, data, timeout=timeout, api_kwargs=api_kwargs)
             ^^^^^^^^^^^^^^^^^^^^^^^^^^^^^^^^^^^^^^^^^^^^^^^^^^^^^^^^^^^^^^^^^^
  File "C:\Users\Habte\AppData\Local\Programs\Python\Python311\Lib\site-packages\telegram\bot.py", line 298, in _post
    return self.request.post(
           ^^^^^^^^^^^^^^^^^^
  File "C:\Users\Habte\AppData\Local\Programs\Python\Python311\Lib\site-packages\telegram\utils\request.py", line 361, in post
    result = self._request_wrapper(
             ^^^^^^^^^^^^^^^^^^^^^^
  File "C:\Users\Habte\AppData\Local\Programs\Python\Python311\Lib\site-packages\telegram\utils\request.py", line 265, in _request_wrapper
    raise NetworkError(f'urllib3 HTTPError {error}') from error
telegram.error.NetworkError: urllib3 HTTPError HTTPSConnectionPool(host='api.telegram.org', port=443): Max retries exceeded with url: /bot6685183482:AAH6q7gWdUm5ZYYAbhoqDh0tqHIXcrjGSPw/sendMessage (Caused by NewConnectionError('<telegram.vendor.ptb_urllib3.urllib3.connection.VerifiedHTTPSConnection object at 0x000002A2DAE41210>: Failed to establish a new connection: [Errno 11001] getaddrinfo failed'))
2023-10-07 00:08:19,509:telegram.bot:DEBUG:  Entering: get_updates
2023-10-07 00:08:20,499:telegram.vendor.ptb_urllib3.urllib3.connectionpool:WARNING:  Retrying (Retry(total=2, connect=None, read=None, redirect=None)) after connection broken by 'NewConnectionError('<telegram.vendor.ptb_urllib3.urllib3.connection.VerifiedHTTPSConnection object at 0x000002A2DAE40510>: Failed to establish a new connection: [Errno 11001] getaddrinfo failed')': /bot6685183482:AAH6q7gWdUm5ZYYAbhoqDh0tqHIXcrjGSPw/getUpdates
2023-10-07 00:08:26,425:telegram.vendor.ptb_urllib3.urllib3.connectionpool:WARNING:  Retrying (Retry(total=1, connect=None, read=None, redirect=None)) after connection broken by 'ConnectTimeoutError(<telegram.vendor.ptb_urllib3.urllib3.connection.VerifiedHTTPSConnection object at 0x000002A2DAE401D0>, 'Connection to api.telegram.org timed out. (connect timeout=5.0)')': /bot6685183482:AAH6q7gWdUm5ZYYAbhoqDh0tqHIXcrjGSPw/getUpdates
2023-10-07 00:08:45,156:telegram.bot:DEBUG:  No new updates found.
2023-10-07 00:08:45,156:telegram.bot:DEBUG:  []
2023-10-07 00:08:45,156:telegram.bot:DEBUG:  Exiting: get_updates
2023-10-07 00:08:45,156:telegram.bot:DEBUG:  Entering: get_updates
2023-10-07 00:08:55,759:telegram.bot:DEBUG:  No new updates found.
2023-10-07 00:08:55,759:telegram.bot:DEBUG:  []
2023-10-07 00:08:55,759:telegram.bot:DEBUG:  Exiting: get_updates
2023-10-07 00:08:55,759:telegram.bot:DEBUG:  Entering: get_updates
2023-10-07 00:09:05,899:telegram.bot:DEBUG:  No new updates found.
2023-10-07 00:09:05,899:telegram.bot:DEBUG:  []
2023-10-07 00:09:05,899:telegram.bot:DEBUG:  Exiting: get_updates
2023-10-07 00:09:05,899:telegram.bot:DEBUG:  Entering: get_updates
2023-10-07 00:09:16,070:telegram.bot:DEBUG:  No new updates found.
2023-10-07 00:09:16,070:telegram.bot:DEBUG:  []
2023-10-07 00:09:16,070:telegram.bot:DEBUG:  Exiting: get_updates
2023-10-07 00:09:16,071:telegram.bot:DEBUG:  Entering: get_updates
2023-10-07 00:09:26,531:telegram.bot:DEBUG:  No new updates found.
2023-10-07 00:09:26,531:telegram.bot:DEBUG:  []
2023-10-07 00:09:26,531:telegram.bot:DEBUG:  Exiting: get_updates
2023-10-07 00:09:26,531:telegram.bot:DEBUG:  Entering: get_updates
2023-10-07 00:09:36,709:telegram.bot:DEBUG:  No new updates found.
2023-10-07 00:09:36,710:telegram.bot:DEBUG:  []
2023-10-07 00:09:36,710:telegram.bot:DEBUG:  Exiting: get_updates
2023-10-07 00:09:36,710:telegram.bot:DEBUG:  Entering: get_updates
2023-10-07 00:09:48,150:telegram.bot:DEBUG:  No new updates found.
2023-10-07 00:09:48,151:telegram.bot:DEBUG:  []
2023-10-07 00:09:48,151:telegram.bot:DEBUG:  Exiting: get_updates
2023-10-07 00:09:48,151:telegram.bot:DEBUG:  Entering: get_updates
2023-10-07 00:09:58,779:telegram.bot:DEBUG:  No new updates found.
2023-10-07 00:09:58,779:telegram.bot:DEBUG:  []
2023-10-07 00:09:58,779:telegram.bot:DEBUG:  Exiting: get_updates
2023-10-07 00:09:58,779:telegram.bot:DEBUG:  Entering: get_updates
2023-10-07 00:10:09,031:telegram.bot:DEBUG:  No new updates found.
2023-10-07 00:10:09,032:telegram.bot:DEBUG:  []
2023-10-07 00:10:09,032:telegram.bot:DEBUG:  Exiting: get_updates
2023-10-07 00:10:09,032:telegram.bot:DEBUG:  Entering: get_updates
2023-10-07 00:10:19,163:telegram.bot:DEBUG:  No new updates found.
2023-10-07 00:10:19,164:telegram.bot:DEBUG:  []
2023-10-07 00:10:19,164:telegram.bot:DEBUG:  Exiting: get_updates
2023-10-07 00:10:19,164:telegram.bot:DEBUG:  Entering: get_updates
2023-10-07 00:10:29,287:telegram.bot:DEBUG:  No new updates found.
2023-10-07 00:10:29,287:telegram.bot:DEBUG:  []
2023-10-07 00:10:29,287:telegram.bot:DEBUG:  Exiting: get_updates
2023-10-07 00:10:29,287:telegram.bot:DEBUG:  Entering: get_updates
2023-10-07 00:10:39,463:telegram.bot:DEBUG:  No new updates found.
2023-10-07 00:10:39,463:telegram.bot:DEBUG:  []
2023-10-07 00:10:39,463:telegram.bot:DEBUG:  Exiting: get_updates
2023-10-07 00:10:39,463:telegram.bot:DEBUG:  Entering: get_updates
2023-10-07 00:10:50,014:telegram.bot:DEBUG:  No new updates found.
2023-10-07 00:10:50,014:telegram.bot:DEBUG:  []
2023-10-07 00:10:50,014:telegram.bot:DEBUG:  Exiting: get_updates
2023-10-07 00:10:50,014:telegram.bot:DEBUG:  Entering: get_updates
2023-10-07 00:11:00,145:telegram.bot:DEBUG:  No new updates found.
2023-10-07 00:11:00,145:telegram.bot:DEBUG:  []
2023-10-07 00:11:00,145:telegram.bot:DEBUG:  Exiting: get_updates
2023-10-07 00:11:00,145:telegram.bot:DEBUG:  Entering: get_updates
2023-10-07 00:11:10,281:telegram.bot:DEBUG:  No new updates found.
2023-10-07 00:11:10,281:telegram.bot:DEBUG:  []
2023-10-07 00:11:10,281:telegram.bot:DEBUG:  Exiting: get_updates
2023-10-07 00:11:10,282:telegram.bot:DEBUG:  Entering: get_updates
2023-10-07 00:11:20,426:telegram.bot:DEBUG:  No new updates found.
2023-10-07 00:11:20,426:telegram.bot:DEBUG:  []
2023-10-07 00:11:20,426:telegram.bot:DEBUG:  Exiting: get_updates
2023-10-07 00:11:20,426:telegram.bot:DEBUG:  Entering: get_updates
2023-10-07 00:11:30,934:telegram.bot:DEBUG:  No new updates found.
2023-10-07 00:11:30,934:telegram.bot:DEBUG:  []
2023-10-07 00:11:30,934:telegram.bot:DEBUG:  Exiting: get_updates
2023-10-07 00:11:30,934:telegram.bot:DEBUG:  Entering: get_updates
2023-10-07 00:11:41,064:telegram.bot:DEBUG:  No new updates found.
2023-10-07 00:11:41,064:telegram.bot:DEBUG:  []
2023-10-07 00:11:41,064:telegram.bot:DEBUG:  Exiting: get_updates
2023-10-07 00:11:41,064:telegram.bot:DEBUG:  Entering: get_updates
2023-10-07 00:11:51,230:telegram.bot:DEBUG:  No new updates found.
2023-10-07 00:11:51,231:telegram.bot:DEBUG:  []
2023-10-07 00:11:51,231:telegram.bot:DEBUG:  Exiting: get_updates
2023-10-07 00:11:51,231:telegram.bot:DEBUG:  Entering: get_updates
2023-10-07 00:12:01,361:telegram.bot:DEBUG:  No new updates found.
2023-10-07 00:12:01,361:telegram.bot:DEBUG:  []
2023-10-07 00:12:01,362:telegram.bot:DEBUG:  Exiting: get_updates
2023-10-07 00:12:01,362:telegram.bot:DEBUG:  Entering: get_updates
2023-10-07 00:12:11,857:telegram.bot:DEBUG:  No new updates found.
2023-10-07 00:12:11,873:telegram.bot:DEBUG:  []
2023-10-07 00:12:11,873:telegram.bot:DEBUG:  Exiting: get_updates
2023-10-07 00:12:11,873:telegram.bot:DEBUG:  Entering: get_updates
2023-10-07 00:12:21,991:telegram.bot:DEBUG:  No new updates found.
2023-10-07 00:12:21,991:telegram.bot:DEBUG:  []
2023-10-07 00:12:21,991:telegram.bot:DEBUG:  Exiting: get_updates
2023-10-07 00:12:21,991:telegram.bot:DEBUG:  Entering: get_updates
2023-10-07 00:12:32,116:telegram.bot:DEBUG:  No new updates found.
2023-10-07 00:12:32,116:telegram.bot:DEBUG:  []
2023-10-07 00:12:32,117:telegram.bot:DEBUG:  Exiting: get_updates
2023-10-07 00:12:32,117:telegram.bot:DEBUG:  Entering: get_updates
2023-10-07 00:12:42,620:telegram.bot:DEBUG:  No new updates found.
2023-10-07 00:12:42,620:telegram.bot:DEBUG:  []
2023-10-07 00:12:42,620:telegram.bot:DEBUG:  Exiting: get_updates
2023-10-07 00:12:42,620:telegram.bot:DEBUG:  Entering: get_updates
2023-10-07 00:12:52,750:telegram.bot:DEBUG:  No new updates found.
2023-10-07 00:12:52,750:telegram.bot:DEBUG:  []
2023-10-07 00:12:52,750:telegram.bot:DEBUG:  Exiting: get_updates
2023-10-07 00:12:52,750:telegram.bot:DEBUG:  Entering: get_updates
2023-10-07 00:13:02,867:telegram.bot:DEBUG:  No new updates found.
2023-10-07 00:13:02,868:telegram.bot:DEBUG:  []
2023-10-07 00:13:02,868:telegram.bot:DEBUG:  Exiting: get_updates
2023-10-07 00:13:02,869:telegram.bot:DEBUG:  Entering: get_updates
2023-10-07 00:13:12,987:telegram.bot:DEBUG:  No new updates found.
2023-10-07 00:13:12,987:telegram.bot:DEBUG:  []
2023-10-07 00:13:12,987:telegram.bot:DEBUG:  Exiting: get_updates
2023-10-07 00:13:12,987:telegram.bot:DEBUG:  Entering: get_updates
2023-10-07 00:13:23,147:telegram.bot:DEBUG:  No new updates found.
2023-10-07 00:13:23,147:telegram.bot:DEBUG:  []
2023-10-07 00:13:23,147:telegram.bot:DEBUG:  Exiting: get_updates
2023-10-07 00:13:23,147:telegram.bot:DEBUG:  Entering: get_updates
2023-10-07 00:13:33,271:telegram.bot:DEBUG:  No new updates found.
2023-10-07 00:13:33,271:telegram.bot:DEBUG:  []
2023-10-07 00:13:33,271:telegram.bot:DEBUG:  Exiting: get_updates
2023-10-07 00:13:33,271:telegram.bot:DEBUG:  Entering: get_updates
2023-10-07 00:13:43,457:telegram.bot:DEBUG:  No new updates found.
2023-10-07 00:13:43,457:telegram.bot:DEBUG:  []
2023-10-07 00:13:43,457:telegram.bot:DEBUG:  Exiting: get_updates
2023-10-07 00:13:43,457:telegram.bot:DEBUG:  Entering: get_updates
2023-10-07 00:13:53,948:telegram.bot:DEBUG:  No new updates found.
2023-10-07 00:13:53,948:telegram.bot:DEBUG:  []
2023-10-07 00:13:53,948:telegram.bot:DEBUG:  Exiting: get_updates
2023-10-07 00:13:53,948:telegram.bot:DEBUG:  Entering: get_updates
2023-10-07 00:14:04,071:telegram.bot:DEBUG:  No new updates found.
2023-10-07 00:14:04,071:telegram.bot:DEBUG:  []
2023-10-07 00:14:04,071:telegram.bot:DEBUG:  Exiting: get_updates
2023-10-07 00:14:04,071:telegram.bot:DEBUG:  Entering: get_updates
2023-10-07 00:14:14,225:telegram.bot:DEBUG:  No new updates found.
2023-10-07 00:14:14,225:telegram.bot:DEBUG:  []
2023-10-07 00:14:14,225:telegram.bot:DEBUG:  Exiting: get_updates
2023-10-07 00:14:14,225:telegram.bot:DEBUG:  Entering: get_updates
2023-10-07 00:14:24,342:telegram.bot:DEBUG:  No new updates found.
2023-10-07 00:14:24,342:telegram.bot:DEBUG:  []
2023-10-07 00:14:24,342:telegram.bot:DEBUG:  Exiting: get_updates
2023-10-07 00:14:24,342:telegram.bot:DEBUG:  Entering: get_updates
2023-10-07 00:14:34,531:telegram.bot:DEBUG:  No new updates found.
2023-10-07 00:14:34,531:telegram.bot:DEBUG:  []
2023-10-07 00:14:34,531:telegram.bot:DEBUG:  Exiting: get_updates
2023-10-07 00:14:34,531:telegram.bot:DEBUG:  Entering: get_updates
2023-10-07 00:14:44,664:telegram.bot:DEBUG:  No new updates found.
2023-10-07 00:14:44,664:telegram.bot:DEBUG:  []
2023-10-07 00:14:44,664:telegram.bot:DEBUG:  Exiting: get_updates
2023-10-07 00:14:44,664:telegram.bot:DEBUG:  Entering: get_updates
2023-10-07 00:14:54,783:telegram.bot:DEBUG:  No new updates found.
2023-10-07 00:14:54,783:telegram.bot:DEBUG:  []
2023-10-07 00:14:54,783:telegram.bot:DEBUG:  Exiting: get_updates
2023-10-07 00:14:54,783:telegram.bot:DEBUG:  Entering: get_updates
2023-10-07 00:15:04,896:telegram.bot:DEBUG:  No new updates found.
2023-10-07 00:15:04,896:telegram.bot:DEBUG:  []
2023-10-07 00:15:04,896:telegram.bot:DEBUG:  Exiting: get_updates
2023-10-07 00:15:04,896:telegram.bot:DEBUG:  Entering: get_updates
2023-10-07 00:15:15,035:telegram.bot:DEBUG:  No new updates found.
2023-10-07 00:15:15,035:telegram.bot:DEBUG:  []
2023-10-07 00:15:15,035:telegram.bot:DEBUG:  Exiting: get_updates
2023-10-07 00:15:15,035:telegram.bot:DEBUG:  Entering: get_updates
2023-10-07 00:15:25,498:telegram.bot:DEBUG:  No new updates found.
2023-10-07 00:15:25,498:telegram.bot:DEBUG:  []
2023-10-07 00:15:25,498:telegram.bot:DEBUG:  Exiting: get_updates
2023-10-07 00:15:25,498:telegram.bot:DEBUG:  Entering: get_updates
2023-10-07 00:15:35,622:telegram.bot:DEBUG:  No new updates found.
2023-10-07 00:15:35,622:telegram.bot:DEBUG:  []
2023-10-07 00:15:35,622:telegram.bot:DEBUG:  Exiting: get_updates
2023-10-07 00:15:35,622:telegram.bot:DEBUG:  Entering: get_updates
2023-10-07 00:15:45,757:telegram.bot:DEBUG:  No new updates found.
2023-10-07 00:15:45,757:telegram.bot:DEBUG:  []
2023-10-07 00:15:45,757:telegram.bot:DEBUG:  Exiting: get_updates
2023-10-07 00:15:45,758:telegram.bot:DEBUG:  Entering: get_updates
2023-10-07 00:15:55,907:telegram.bot:DEBUG:  No new updates found.
2023-10-07 00:15:55,908:telegram.bot:DEBUG:  []
2023-10-07 00:15:55,908:telegram.bot:DEBUG:  Exiting: get_updates
2023-10-07 00:15:55,909:telegram.bot:DEBUG:  Entering: get_updates
2023-10-07 00:16:06,085:telegram.bot:DEBUG:  No new updates found.
2023-10-07 00:16:06,085:telegram.bot:DEBUG:  []
2023-10-07 00:16:06,086:telegram.bot:DEBUG:  Exiting: get_updates
2023-10-07 00:16:06,086:telegram.bot:DEBUG:  Entering: get_updates
2023-10-07 00:16:16,537:telegram.bot:DEBUG:  No new updates found.
2023-10-07 00:16:16,537:telegram.bot:DEBUG:  []
2023-10-07 00:16:16,537:telegram.bot:DEBUG:  Exiting: get_updates
2023-10-07 00:16:16,537:telegram.bot:DEBUG:  Entering: get_updates
2023-10-07 00:16:26,717:telegram.bot:DEBUG:  No new updates found.
2023-10-07 00:16:26,717:telegram.bot:DEBUG:  []
2023-10-07 00:16:26,717:telegram.bot:DEBUG:  Exiting: get_updates
2023-10-07 00:16:26,717:telegram.bot:DEBUG:  Entering: get_updates
2023-10-07 00:16:36,935:telegram.bot:DEBUG:  No new updates found.
2023-10-07 00:16:36,936:telegram.bot:DEBUG:  []
2023-10-07 00:16:36,936:telegram.bot:DEBUG:  Exiting: get_updates
2023-10-07 00:16:36,937:telegram.bot:DEBUG:  Entering: get_updates
2023-10-07 00:16:47,259:telegram.bot:DEBUG:  No new updates found.
2023-10-07 00:16:47,260:telegram.bot:DEBUG:  []
2023-10-07 00:16:47,260:telegram.bot:DEBUG:  Exiting: get_updates
2023-10-07 00:16:47,261:telegram.bot:DEBUG:  Entering: get_updates
2023-10-07 00:16:57,448:telegram.bot:DEBUG:  No new updates found.
2023-10-07 00:16:57,448:telegram.bot:DEBUG:  []
2023-10-07 00:16:57,448:telegram.bot:DEBUG:  Exiting: get_updates
2023-10-07 00:16:57,448:telegram.bot:DEBUG:  Entering: get_updates
2023-10-07 00:17:07,571:telegram.bot:DEBUG:  No new updates found.
2023-10-07 00:17:07,572:telegram.bot:DEBUG:  []
2023-10-07 00:17:07,572:telegram.bot:DEBUG:  Exiting: get_updates
2023-10-07 00:17:07,573:telegram.bot:DEBUG:  Entering: get_updates
2023-10-07 00:17:17,749:telegram.bot:DEBUG:  No new updates found.
2023-10-07 00:17:17,749:telegram.bot:DEBUG:  []
2023-10-07 00:17:17,749:telegram.bot:DEBUG:  Exiting: get_updates
2023-10-07 00:17:17,749:telegram.bot:DEBUG:  Entering: get_updates
2023-10-07 00:17:28,394:telegram.bot:DEBUG:  No new updates found.
2023-10-07 00:17:28,394:telegram.bot:DEBUG:  []
2023-10-07 00:17:28,395:telegram.bot:DEBUG:  Exiting: get_updates
2023-10-07 00:17:28,395:telegram.bot:DEBUG:  Entering: get_updates
2023-10-07 00:17:38,740:telegram.bot:DEBUG:  No new updates found.
2023-10-07 00:17:38,740:telegram.bot:DEBUG:  []
2023-10-07 00:17:38,740:telegram.bot:DEBUG:  Exiting: get_updates
2023-10-07 00:17:38,740:telegram.bot:DEBUG:  Entering: get_updates
2023-10-07 00:17:48,876:telegram.bot:DEBUG:  No new updates found.
2023-10-07 00:17:48,876:telegram.bot:DEBUG:  []
2023-10-07 00:17:48,876:telegram.bot:DEBUG:  Exiting: get_updates
2023-10-07 00:17:48,876:telegram.bot:DEBUG:  Entering: get_updates
2023-10-07 00:17:59,050:telegram.bot:DEBUG:  No new updates found.
2023-10-07 00:17:59,050:telegram.bot:DEBUG:  []
2023-10-07 00:17:59,051:telegram.bot:DEBUG:  Exiting: get_updates
2023-10-07 00:17:59,051:telegram.bot:DEBUG:  Entering: get_updates
2023-10-07 00:18:09,193:telegram.bot:DEBUG:  No new updates found.
2023-10-07 00:18:09,193:telegram.bot:DEBUG:  []
2023-10-07 00:18:09,194:telegram.bot:DEBUG:  Exiting: get_updates
2023-10-07 00:18:09,194:telegram.bot:DEBUG:  Entering: get_updates
2023-10-07 00:18:19,323:telegram.bot:DEBUG:  No new updates found.
2023-10-07 00:18:19,323:telegram.bot:DEBUG:  []
2023-10-07 00:18:19,323:telegram.bot:DEBUG:  Exiting: get_updates
2023-10-07 00:18:19,323:telegram.bot:DEBUG:  Entering: get_updates
2023-10-07 00:18:29,486:telegram.bot:DEBUG:  No new updates found.
2023-10-07 00:18:29,487:telegram.bot:DEBUG:  []
2023-10-07 00:18:29,487:telegram.bot:DEBUG:  Exiting: get_updates
2023-10-07 00:18:29,487:telegram.bot:DEBUG:  Entering: get_updates
2023-10-07 00:18:39,678:telegram.bot:DEBUG:  No new updates found.
2023-10-07 00:18:39,678:telegram.bot:DEBUG:  []
2023-10-07 00:18:39,678:telegram.bot:DEBUG:  Exiting: get_updates
2023-10-07 00:18:39,678:telegram.bot:DEBUG:  Entering: get_updates
2023-10-07 00:18:49,800:telegram.bot:DEBUG:  No new updates found.
2023-10-07 00:18:49,800:telegram.bot:DEBUG:  []
2023-10-07 00:18:49,800:telegram.bot:DEBUG:  Exiting: get_updates
2023-10-07 00:18:49,800:telegram.bot:DEBUG:  Entering: get_updates
2023-10-07 00:18:59,958:telegram.bot:DEBUG:  No new updates found.
2023-10-07 00:18:59,959:telegram.bot:DEBUG:  []
2023-10-07 00:18:59,959:telegram.bot:DEBUG:  Exiting: get_updates
2023-10-07 00:18:59,959:telegram.bot:DEBUG:  Entering: get_updates
2023-10-07 00:19:10,113:telegram.bot:DEBUG:  No new updates found.
2023-10-07 00:19:10,114:telegram.bot:DEBUG:  []
2023-10-07 00:19:10,114:telegram.bot:DEBUG:  Exiting: get_updates
2023-10-07 00:19:10,114:telegram.bot:DEBUG:  Entering: get_updates
2023-10-07 00:19:20,680:telegram.bot:DEBUG:  No new updates found.
2023-10-07 00:19:20,680:telegram.bot:DEBUG:  []
2023-10-07 00:19:20,680:telegram.bot:DEBUG:  Exiting: get_updates
2023-10-07 00:19:20,680:telegram.bot:DEBUG:  Entering: get_updates
2023-10-07 00:19:30,842:telegram.bot:DEBUG:  No new updates found.
2023-10-07 00:19:30,842:telegram.bot:DEBUG:  []
2023-10-07 00:19:30,842:telegram.bot:DEBUG:  Exiting: get_updates
2023-10-07 00:19:30,842:telegram.bot:DEBUG:  Entering: get_updates
2023-10-07 00:19:41,274:telegram.bot:DEBUG:  No new updates found.
2023-10-07 00:19:41,274:telegram.bot:DEBUG:  []
2023-10-07 00:19:41,274:telegram.bot:DEBUG:  Exiting: get_updates
2023-10-07 00:19:41,274:telegram.bot:DEBUG:  Entering: get_updates
2023-10-07 00:19:51,767:telegram.bot:DEBUG:  No new updates found.
2023-10-07 00:19:51,767:telegram.bot:DEBUG:  []
2023-10-07 00:19:51,767:telegram.bot:DEBUG:  Exiting: get_updates
2023-10-07 00:19:51,767:telegram.bot:DEBUG:  Entering: get_updates
2023-10-07 00:20:01,893:telegram.bot:DEBUG:  No new updates found.
2023-10-07 00:20:01,893:telegram.bot:DEBUG:  []
2023-10-07 00:20:01,893:telegram.bot:DEBUG:  Exiting: get_updates
2023-10-07 00:20:01,893:telegram.bot:DEBUG:  Entering: get_updates
2023-10-07 00:20:12,025:telegram.bot:DEBUG:  No new updates found.
2023-10-07 00:20:12,025:telegram.bot:DEBUG:  []
2023-10-07 00:20:12,027:telegram.bot:DEBUG:  Exiting: get_updates
2023-10-07 00:20:12,027:telegram.bot:DEBUG:  Entering: get_updates
2023-10-07 00:20:22,208:telegram.bot:DEBUG:  No new updates found.
2023-10-07 00:20:22,208:telegram.bot:DEBUG:  []
2023-10-07 00:20:22,208:telegram.bot:DEBUG:  Exiting: get_updates
2023-10-07 00:20:22,209:telegram.bot:DEBUG:  Entering: get_updates
2023-10-07 00:20:32,325:telegram.bot:DEBUG:  No new updates found.
2023-10-07 00:20:32,325:telegram.bot:DEBUG:  []
2023-10-07 00:20:32,325:telegram.bot:DEBUG:  Exiting: get_updates
2023-10-07 00:20:32,325:telegram.bot:DEBUG:  Entering: get_updates
2023-10-07 00:20:42,438:telegram.bot:DEBUG:  No new updates found.
2023-10-07 00:20:42,438:telegram.bot:DEBUG:  []
2023-10-07 00:20:42,438:telegram.bot:DEBUG:  Exiting: get_updates
2023-10-07 00:20:42,438:telegram.bot:DEBUG:  Entering: get_updates
2023-10-07 00:20:52,553:telegram.bot:DEBUG:  No new updates found.
2023-10-07 00:20:52,553:telegram.bot:DEBUG:  []
2023-10-07 00:20:52,553:telegram.bot:DEBUG:  Exiting: get_updates
2023-10-07 00:20:52,553:telegram.bot:DEBUG:  Entering: get_updates
2023-10-07 00:21:02,677:telegram.bot:DEBUG:  No new updates found.
2023-10-07 00:21:02,677:telegram.bot:DEBUG:  []
2023-10-07 00:21:02,677:telegram.bot:DEBUG:  Exiting: get_updates
2023-10-07 00:21:02,678:telegram.bot:DEBUG:  Entering: get_updates
2023-10-07 00:21:12,834:telegram.bot:DEBUG:  No new updates found.
2023-10-07 00:21:12,834:telegram.bot:DEBUG:  []
2023-10-07 00:21:12,834:telegram.bot:DEBUG:  Exiting: get_updates
2023-10-07 00:21:12,834:telegram.bot:DEBUG:  Entering: get_updates
2023-10-07 00:21:22,986:telegram.bot:DEBUG:  No new updates found.
2023-10-07 00:21:22,986:telegram.bot:DEBUG:  []
2023-10-07 00:21:22,986:telegram.bot:DEBUG:  Exiting: get_updates
2023-10-07 00:21:22,986:telegram.bot:DEBUG:  Entering: get_updates
2023-10-07 00:21:33,111:telegram.bot:DEBUG:  No new updates found.
2023-10-07 00:21:33,111:telegram.bot:DEBUG:  []
2023-10-07 00:21:33,111:telegram.bot:DEBUG:  Exiting: get_updates
2023-10-07 00:21:33,111:telegram.bot:DEBUG:  Entering: get_updates
2023-10-07 00:21:43,652:telegram.bot:DEBUG:  No new updates found.
2023-10-07 00:21:43,652:telegram.bot:DEBUG:  []
2023-10-07 00:21:43,652:telegram.bot:DEBUG:  Exiting: get_updates
2023-10-07 00:21:43,652:telegram.bot:DEBUG:  Entering: get_updates
2023-10-07 00:21:54,155:telegram.bot:DEBUG:  No new updates found.
2023-10-07 00:21:54,155:telegram.bot:DEBUG:  []
2023-10-07 00:21:54,155:telegram.bot:DEBUG:  Exiting: get_updates
2023-10-07 00:21:54,155:telegram.bot:DEBUG:  Entering: get_updates
2023-10-07 00:22:04,322:telegram.bot:DEBUG:  No new updates found.
2023-10-07 00:22:04,322:telegram.bot:DEBUG:  []
2023-10-07 00:22:04,322:telegram.bot:DEBUG:  Exiting: get_updates
2023-10-07 00:22:04,323:telegram.bot:DEBUG:  Entering: get_updates
2023-10-07 00:22:14,487:telegram.bot:DEBUG:  No new updates found.
2023-10-07 00:22:14,487:telegram.bot:DEBUG:  []
2023-10-07 00:22:14,487:telegram.bot:DEBUG:  Exiting: get_updates
2023-10-07 00:22:14,487:telegram.bot:DEBUG:  Entering: get_updates
2023-10-07 00:22:24,675:telegram.bot:DEBUG:  No new updates found.
2023-10-07 00:22:24,676:telegram.bot:DEBUG:  []
2023-10-07 00:22:24,676:telegram.bot:DEBUG:  Exiting: get_updates
2023-10-07 00:22:24,676:telegram.bot:DEBUG:  Entering: get_updates
2023-10-07 00:22:34,804:telegram.bot:DEBUG:  No new updates found.
2023-10-07 00:22:34,805:telegram.bot:DEBUG:  []
2023-10-07 00:22:34,805:telegram.bot:DEBUG:  Exiting: get_updates
2023-10-07 00:22:34,806:telegram.bot:DEBUG:  Entering: get_updates
2023-10-07 00:22:44,948:telegram.bot:DEBUG:  No new updates found.
2023-10-07 00:22:44,948:telegram.bot:DEBUG:  []
2023-10-07 00:22:44,948:telegram.bot:DEBUG:  Exiting: get_updates
2023-10-07 00:22:44,948:telegram.bot:DEBUG:  Entering: get_updates
2023-10-07 00:22:55,076:telegram.bot:DEBUG:  No new updates found.
2023-10-07 00:22:55,076:telegram.bot:DEBUG:  []
2023-10-07 00:22:55,076:telegram.bot:DEBUG:  Exiting: get_updates
2023-10-07 00:22:55,076:telegram.bot:DEBUG:  Entering: get_updates
2023-10-07 00:23:05,180:telegram.bot:DEBUG:  No new updates found.
2023-10-07 00:23:05,180:telegram.bot:DEBUG:  []
2023-10-07 00:23:05,180:telegram.bot:DEBUG:  Exiting: get_updates
2023-10-07 00:23:05,180:telegram.bot:DEBUG:  Entering: get_updates
2023-10-07 00:23:15,348:telegram.bot:DEBUG:  No new updates found.
2023-10-07 00:23:15,348:telegram.bot:DEBUG:  []
2023-10-07 00:23:15,348:telegram.bot:DEBUG:  Exiting: get_updates
2023-10-07 00:23:15,348:telegram.bot:DEBUG:  Entering: get_updates
2023-10-07 00:23:25,823:telegram.bot:DEBUG:  No new updates found.
2023-10-07 00:23:25,823:telegram.bot:DEBUG:  []
2023-10-07 00:23:25,823:telegram.bot:DEBUG:  Exiting: get_updates
2023-10-07 00:23:25,823:telegram.bot:DEBUG:  Entering: get_updates
2023-10-07 00:23:35,991:telegram.bot:DEBUG:  No new updates found.
2023-10-07 00:23:35,991:telegram.bot:DEBUG:  []
2023-10-07 00:23:35,991:telegram.bot:DEBUG:  Exiting: get_updates
2023-10-07 00:23:35,992:telegram.bot:DEBUG:  Entering: get_updates
2023-10-07 00:23:46,114:telegram.bot:DEBUG:  No new updates found.
2023-10-07 00:23:46,114:telegram.bot:DEBUG:  []
2023-10-07 00:23:46,115:telegram.bot:DEBUG:  Exiting: get_updates
2023-10-07 00:23:46,115:telegram.bot:DEBUG:  Entering: get_updates
2023-10-07 00:23:56,591:telegram.bot:DEBUG:  No new updates found.
2023-10-07 00:23:56,592:telegram.bot:DEBUG:  []
2023-10-07 00:23:56,592:telegram.bot:DEBUG:  Exiting: get_updates
2023-10-07 00:23:56,592:telegram.bot:DEBUG:  Entering: get_updates
2023-10-07 00:24:06,708:telegram.bot:DEBUG:  No new updates found.
2023-10-07 00:24:06,708:telegram.bot:DEBUG:  []
2023-10-07 00:24:06,708:telegram.bot:DEBUG:  Exiting: get_updates
2023-10-07 00:24:06,708:telegram.bot:DEBUG:  Entering: get_updates
2023-10-07 00:24:16,865:telegram.bot:DEBUG:  No new updates found.
2023-10-07 00:24:16,865:telegram.bot:DEBUG:  []
2023-10-07 00:24:16,866:telegram.bot:DEBUG:  Exiting: get_updates
2023-10-07 00:24:16,867:telegram.bot:DEBUG:  Entering: get_updates
2023-10-07 00:24:27,330:telegram.bot:DEBUG:  No new updates found.
2023-10-07 00:24:27,330:telegram.bot:DEBUG:  []
2023-10-07 00:24:27,330:telegram.bot:DEBUG:  Exiting: get_updates
2023-10-07 00:24:27,330:telegram.bot:DEBUG:  Entering: get_updates
2023-10-07 00:24:37,478:telegram.bot:DEBUG:  No new updates found.
2023-10-07 00:24:37,480:telegram.bot:DEBUG:  []
2023-10-07 00:24:37,481:telegram.bot:DEBUG:  Exiting: get_updates
2023-10-07 00:24:37,481:telegram.bot:DEBUG:  Entering: get_updates
2023-10-07 00:24:47,598:telegram.bot:DEBUG:  No new updates found.
2023-10-07 00:24:47,598:telegram.bot:DEBUG:  []
2023-10-07 00:24:47,598:telegram.bot:DEBUG:  Exiting: get_updates
2023-10-07 00:24:47,598:telegram.bot:DEBUG:  Entering: get_updates
2023-10-07 00:24:57,732:telegram.bot:DEBUG:  No new updates found.
2023-10-07 00:24:57,732:telegram.bot:DEBUG:  []
2023-10-07 00:24:57,732:telegram.bot:DEBUG:  Exiting: get_updates
2023-10-07 00:24:57,732:telegram.bot:DEBUG:  Entering: get_updates
2023-10-07 00:25:07,850:telegram.bot:DEBUG:  No new updates found.
2023-10-07 00:25:07,850:telegram.bot:DEBUG:  []
2023-10-07 00:25:07,850:telegram.bot:DEBUG:  Exiting: get_updates
2023-10-07 00:25:07,850:telegram.bot:DEBUG:  Entering: get_updates
2023-10-07 00:25:18,007:telegram.bot:DEBUG:  No new updates found.
2023-10-07 00:25:18,007:telegram.bot:DEBUG:  []
2023-10-07 00:25:18,007:telegram.bot:DEBUG:  Exiting: get_updates
2023-10-07 00:25:18,007:telegram.bot:DEBUG:  Entering: get_updates
2023-10-07 00:25:28,481:telegram.bot:DEBUG:  No new updates found.
2023-10-07 00:25:28,481:telegram.bot:DEBUG:  []
2023-10-07 00:25:28,481:telegram.bot:DEBUG:  Exiting: get_updates
2023-10-07 00:25:28,481:telegram.bot:DEBUG:  Entering: get_updates
2023-10-07 00:25:38,965:telegram.bot:DEBUG:  No new updates found.
2023-10-07 00:25:38,966:telegram.bot:DEBUG:  []
2023-10-07 00:25:38,966:telegram.bot:DEBUG:  Exiting: get_updates
2023-10-07 00:25:38,966:telegram.bot:DEBUG:  Entering: get_updates
2023-10-07 00:25:53,778:telegram.bot:DEBUG:  No new updates found.
2023-10-07 00:25:53,778:telegram.bot:DEBUG:  []
2023-10-07 00:25:53,778:telegram.bot:DEBUG:  Exiting: get_updates
2023-10-07 00:25:53,778:telegram.bot:DEBUG:  Entering: get_updates
2023-10-07 00:26:03,980:telegram.bot:DEBUG:  No new updates found.
2023-10-07 00:26:03,980:telegram.bot:DEBUG:  []
2023-10-07 00:26:03,981:telegram.bot:DEBUG:  Exiting: get_updates
2023-10-07 00:26:03,982:telegram.bot:DEBUG:  Entering: get_updates
2023-10-07 00:26:14,128:telegram.bot:DEBUG:  No new updates found.
2023-10-07 00:26:14,129:telegram.bot:DEBUG:  []
2023-10-07 00:26:14,129:telegram.bot:DEBUG:  Exiting: get_updates
2023-10-07 00:26:14,130:telegram.bot:DEBUG:  Entering: get_updates
2023-10-07 00:26:24,318:telegram.bot:DEBUG:  No new updates found.
2023-10-07 00:26:24,318:telegram.bot:DEBUG:  []
2023-10-07 00:26:24,318:telegram.bot:DEBUG:  Exiting: get_updates
2023-10-07 00:26:24,318:telegram.bot:DEBUG:  Entering: get_updates
2023-10-07 00:26:34,466:telegram.bot:DEBUG:  No new updates found.
2023-10-07 00:26:34,466:telegram.bot:DEBUG:  []
2023-10-07 00:26:34,466:telegram.bot:DEBUG:  Exiting: get_updates
2023-10-07 00:26:34,466:telegram.bot:DEBUG:  Entering: get_updates
2023-10-07 00:26:44,591:telegram.bot:DEBUG:  No new updates found.
2023-10-07 00:26:44,591:telegram.bot:DEBUG:  []
2023-10-07 00:26:44,591:telegram.bot:DEBUG:  Exiting: get_updates
2023-10-07 00:26:44,591:telegram.bot:DEBUG:  Entering: get_updates
2023-10-07 00:26:54,745:telegram.bot:DEBUG:  No new updates found.
2023-10-07 00:26:54,745:telegram.bot:DEBUG:  []
2023-10-07 00:26:54,745:telegram.bot:DEBUG:  Exiting: get_updates
2023-10-07 00:26:54,745:telegram.bot:DEBUG:  Entering: get_updates
2023-10-07 00:27:04,873:telegram.bot:DEBUG:  No new updates found.
2023-10-07 00:27:04,873:telegram.bot:DEBUG:  []
2023-10-07 00:27:04,873:telegram.bot:DEBUG:  Exiting: get_updates
2023-10-07 00:27:04,873:telegram.bot:DEBUG:  Entering: get_updates
2023-10-07 00:27:15,353:telegram.bot:DEBUG:  No new updates found.
2023-10-07 00:27:15,353:telegram.bot:DEBUG:  []
2023-10-07 00:27:15,353:telegram.bot:DEBUG:  Exiting: get_updates
2023-10-07 00:27:15,353:telegram.bot:DEBUG:  Entering: get_updates
2023-10-07 00:27:25,518:telegram.bot:DEBUG:  No new updates found.
2023-10-07 00:27:25,519:telegram.bot:DEBUG:  []
2023-10-07 00:27:25,519:telegram.bot:DEBUG:  Exiting: get_updates
2023-10-07 00:27:25,519:telegram.bot:DEBUG:  Entering: get_updates
2023-10-07 00:27:35,645:telegram.bot:DEBUG:  No new updates found.
2023-10-07 00:27:35,645:telegram.bot:DEBUG:  []
2023-10-07 00:27:35,646:telegram.bot:DEBUG:  Exiting: get_updates
2023-10-07 00:27:35,646:telegram.bot:DEBUG:  Entering: get_updates
2023-10-07 00:27:45,800:telegram.bot:DEBUG:  No new updates found.
2023-10-07 00:27:45,800:telegram.bot:DEBUG:  []
2023-10-07 00:27:45,801:telegram.bot:DEBUG:  Exiting: get_updates
2023-10-07 00:27:45,801:telegram.bot:DEBUG:  Entering: get_updates
2023-10-07 00:27:56,310:telegram.bot:DEBUG:  No new updates found.
2023-10-07 00:27:56,310:telegram.bot:DEBUG:  []
2023-10-07 00:27:56,310:telegram.bot:DEBUG:  Exiting: get_updates
2023-10-07 00:27:56,310:telegram.bot:DEBUG:  Entering: get_updates
2023-10-07 00:28:06,475:telegram.bot:DEBUG:  No new updates found.
2023-10-07 00:28:06,475:telegram.bot:DEBUG:  []
2023-10-07 00:28:06,475:telegram.bot:DEBUG:  Exiting: get_updates
2023-10-07 00:28:06,475:telegram.bot:DEBUG:  Entering: get_updates
2023-10-07 00:28:16,637:telegram.bot:DEBUG:  No new updates found.
2023-10-07 00:28:16,638:telegram.bot:DEBUG:  []
2023-10-07 00:28:16,638:telegram.bot:DEBUG:  Exiting: get_updates
2023-10-07 00:28:16,638:telegram.bot:DEBUG:  Entering: get_updates
2023-10-07 00:28:26,799:telegram.bot:DEBUG:  No new updates found.
2023-10-07 00:28:26,799:telegram.bot:DEBUG:  []
2023-10-07 00:28:26,800:telegram.bot:DEBUG:  Exiting: get_updates
2023-10-07 00:28:26,800:telegram.bot:DEBUG:  Entering: get_updates
2023-10-07 00:28:36,912:telegram.bot:DEBUG:  No new updates found.
2023-10-07 00:28:36,912:telegram.bot:DEBUG:  []
2023-10-07 00:28:36,912:telegram.bot:DEBUG:  Exiting: get_updates
2023-10-07 00:28:36,921:telegram.bot:DEBUG:  Entering: get_updates
2023-10-07 00:28:47,069:telegram.bot:DEBUG:  No new updates found.
2023-10-07 00:28:47,069:telegram.bot:DEBUG:  []
2023-10-07 00:28:47,069:telegram.bot:DEBUG:  Exiting: get_updates
2023-10-07 00:28:47,069:telegram.bot:DEBUG:  Entering: get_updates
2023-10-07 00:28:57,199:telegram.bot:DEBUG:  No new updates found.
2023-10-07 00:28:57,199:telegram.bot:DEBUG:  []
2023-10-07 00:28:57,200:telegram.bot:DEBUG:  Exiting: get_updates
2023-10-07 00:28:57,200:telegram.bot:DEBUG:  Entering: get_updates
2023-10-07 00:29:08,320:telegram.bot:DEBUG:  No new updates found.
2023-10-07 00:29:08,321:telegram.bot:DEBUG:  []
2023-10-07 00:29:08,321:telegram.bot:DEBUG:  Exiting: get_updates
2023-10-07 00:29:08,322:telegram.bot:DEBUG:  Entering: get_updates
2023-10-07 00:29:18,457:telegram.bot:DEBUG:  No new updates found.
2023-10-07 00:29:18,457:telegram.bot:DEBUG:  []
2023-10-07 00:29:18,457:telegram.bot:DEBUG:  Exiting: get_updates
2023-10-07 00:29:18,457:telegram.bot:DEBUG:  Entering: get_updates
2023-10-07 00:29:28,578:telegram.bot:DEBUG:  No new updates found.
2023-10-07 00:29:28,578:telegram.bot:DEBUG:  []
2023-10-07 00:29:28,578:telegram.bot:DEBUG:  Exiting: get_updates
2023-10-07 00:29:28,578:telegram.bot:DEBUG:  Entering: get_updates
2023-10-07 00:29:38,703:telegram.bot:DEBUG:  No new updates found.
2023-10-07 00:29:38,703:telegram.bot:DEBUG:  []
2023-10-07 00:29:38,703:telegram.bot:DEBUG:  Exiting: get_updates
2023-10-07 00:29:38,703:telegram.bot:DEBUG:  Entering: get_updates
2023-10-07 00:29:48,875:telegram.bot:DEBUG:  No new updates found.
2023-10-07 00:29:48,875:telegram.bot:DEBUG:  []
2023-10-07 00:29:48,876:telegram.bot:DEBUG:  Exiting: get_updates
2023-10-07 00:29:48,876:telegram.bot:DEBUG:  Entering: get_updates
2023-10-07 00:29:59,346:telegram.bot:DEBUG:  No new updates found.
2023-10-07 00:29:59,346:telegram.bot:DEBUG:  []
2023-10-07 00:29:59,346:telegram.bot:DEBUG:  Exiting: get_updates
2023-10-07 00:29:59,346:telegram.bot:DEBUG:  Entering: get_updates
2023-10-07 00:30:09,472:telegram.bot:DEBUG:  No new updates found.
2023-10-07 00:30:09,472:telegram.bot:DEBUG:  []
2023-10-07 00:30:09,472:telegram.bot:DEBUG:  Exiting: get_updates
2023-10-07 00:30:09,472:telegram.bot:DEBUG:  Entering: get_updates
2023-10-07 00:30:19,667:telegram.bot:DEBUG:  No new updates found.
2023-10-07 00:30:19,668:telegram.bot:DEBUG:  []
2023-10-07 00:30:19,668:telegram.bot:DEBUG:  Exiting: get_updates
2023-10-07 00:30:19,669:telegram.bot:DEBUG:  Entering: get_updates
2023-10-07 00:30:30,268:telegram.bot:DEBUG:  No new updates found.
2023-10-07 00:30:30,269:telegram.bot:DEBUG:  []
2023-10-07 00:30:30,269:telegram.bot:DEBUG:  Exiting: get_updates
2023-10-07 00:30:30,269:telegram.bot:DEBUG:  Entering: get_updates
2023-10-07 00:30:40,473:telegram.bot:DEBUG:  No new updates found.
2023-10-07 00:30:40,473:telegram.bot:DEBUG:  []
2023-10-07 00:30:40,474:telegram.bot:DEBUG:  Exiting: get_updates
2023-10-07 00:30:40,474:telegram.bot:DEBUG:  Entering: get_updates
2023-10-07 00:30:50,599:telegram.bot:DEBUG:  No new updates found.
2023-10-07 00:30:50,600:telegram.bot:DEBUG:  []
2023-10-07 00:30:50,600:telegram.bot:DEBUG:  Exiting: get_updates
2023-10-07 00:30:50,600:telegram.bot:DEBUG:  Entering: get_updates
2023-10-07 00:31:01,580:telegram.bot:DEBUG:  No new updates found.
2023-10-07 00:31:01,580:telegram.bot:DEBUG:  []
2023-10-07 00:31:01,581:telegram.bot:DEBUG:  Exiting: get_updates
2023-10-07 00:31:01,581:telegram.bot:DEBUG:  Entering: get_updates
2023-10-07 00:31:11,711:telegram.bot:DEBUG:  No new updates found.
2023-10-07 00:31:11,711:telegram.bot:DEBUG:  []
2023-10-07 00:31:11,711:telegram.bot:DEBUG:  Exiting: get_updates
2023-10-07 00:31:11,711:telegram.bot:DEBUG:  Entering: get_updates
2023-10-07 00:31:21,831:telegram.bot:DEBUG:  No new updates found.
2023-10-07 00:31:21,831:telegram.bot:DEBUG:  []
2023-10-07 00:31:21,831:telegram.bot:DEBUG:  Exiting: get_updates
2023-10-07 00:31:21,831:telegram.bot:DEBUG:  Entering: get_updates
2023-10-07 00:31:32,001:telegram.bot:DEBUG:  No new updates found.
2023-10-07 00:31:32,002:telegram.bot:DEBUG:  []
2023-10-07 00:31:32,002:telegram.bot:DEBUG:  Exiting: get_updates
2023-10-07 00:31:32,003:telegram.bot:DEBUG:  Entering: get_updates
2023-10-07 00:31:42,533:telegram.bot:DEBUG:  No new updates found.
2023-10-07 00:31:42,533:telegram.bot:DEBUG:  []
2023-10-07 00:31:42,534:telegram.bot:DEBUG:  Exiting: get_updates
2023-10-07 00:31:42,534:telegram.bot:DEBUG:  Entering: get_updates
2023-10-07 00:31:52,717:telegram.bot:DEBUG:  No new updates found.
2023-10-07 00:31:52,717:telegram.bot:DEBUG:  []
2023-10-07 00:31:52,717:telegram.bot:DEBUG:  Exiting: get_updates
2023-10-07 00:31:52,718:telegram.bot:DEBUG:  Entering: get_updates
2023-10-07 00:32:02,840:telegram.bot:DEBUG:  No new updates found.
2023-10-07 00:32:02,840:telegram.bot:DEBUG:  []
2023-10-07 00:32:02,840:telegram.bot:DEBUG:  Exiting: get_updates
2023-10-07 00:32:02,841:telegram.bot:DEBUG:  Entering: get_updates
2023-10-07 00:32:12,947:telegram.bot:DEBUG:  No new updates found.
2023-10-07 00:32:12,947:telegram.bot:DEBUG:  []
2023-10-07 00:32:12,947:telegram.bot:DEBUG:  Exiting: get_updates
2023-10-07 00:32:12,947:telegram.bot:DEBUG:  Entering: get_updates
2023-10-07 00:32:23,434:telegram.bot:DEBUG:  No new updates found.
2023-10-07 00:32:23,434:telegram.bot:DEBUG:  []
2023-10-07 00:32:23,434:telegram.bot:DEBUG:  Exiting: get_updates
2023-10-07 00:32:23,434:telegram.bot:DEBUG:  Entering: get_updates
2023-10-07 00:32:33,983:telegram.bot:DEBUG:  No new updates found.
2023-10-07 00:32:33,983:telegram.bot:DEBUG:  []
2023-10-07 00:32:33,983:telegram.bot:DEBUG:  Exiting: get_updates
2023-10-07 00:32:33,999:telegram.bot:DEBUG:  Entering: get_updates
2023-10-07 00:32:44,155:telegram.bot:DEBUG:  No new updates found.
2023-10-07 00:32:44,155:telegram.bot:DEBUG:  []
2023-10-07 00:32:44,155:telegram.bot:DEBUG:  Exiting: get_updates
2023-10-07 00:32:44,155:telegram.bot:DEBUG:  Entering: get_updates
2023-10-07 00:32:54,268:telegram.bot:DEBUG:  No new updates found.
2023-10-07 00:32:54,268:telegram.bot:DEBUG:  []
2023-10-07 00:32:54,268:telegram.bot:DEBUG:  Exiting: get_updates
2023-10-07 00:32:54,268:telegram.bot:DEBUG:  Entering: get_updates
2023-10-07 00:33:04,475:telegram.bot:DEBUG:  No new updates found.
2023-10-07 00:33:04,475:telegram.bot:DEBUG:  []
2023-10-07 00:33:04,475:telegram.bot:DEBUG:  Exiting: get_updates
2023-10-07 00:33:04,475:telegram.bot:DEBUG:  Entering: get_updates
2023-10-07 00:33:14,597:telegram.bot:DEBUG:  No new updates found.
2023-10-07 00:33:14,597:telegram.bot:DEBUG:  []
2023-10-07 00:33:14,597:telegram.bot:DEBUG:  Exiting: get_updates
2023-10-07 00:33:14,597:telegram.bot:DEBUG:  Entering: get_updates
2023-10-07 00:33:24,718:telegram.bot:DEBUG:  No new updates found.
2023-10-07 00:33:24,718:telegram.bot:DEBUG:  []
2023-10-07 00:33:24,718:telegram.bot:DEBUG:  Exiting: get_updates
2023-10-07 00:33:24,718:telegram.bot:DEBUG:  Entering: get_updates
2023-10-07 00:33:34,838:telegram.bot:DEBUG:  No new updates found.
2023-10-07 00:33:34,838:telegram.bot:DEBUG:  []
2023-10-07 00:33:34,838:telegram.bot:DEBUG:  Exiting: get_updates
2023-10-07 00:33:34,839:telegram.bot:DEBUG:  Entering: get_updates
2023-10-07 00:33:44,958:telegram.bot:DEBUG:  No new updates found.
2023-10-07 00:33:44,959:telegram.bot:DEBUG:  []
2023-10-07 00:33:44,959:telegram.bot:DEBUG:  Exiting: get_updates
2023-10-07 00:33:44,960:telegram.bot:DEBUG:  Entering: get_updates
2023-10-07 00:33:55,078:telegram.bot:DEBUG:  No new updates found.
2023-10-07 00:33:55,078:telegram.bot:DEBUG:  []
2023-10-07 00:33:55,079:telegram.bot:DEBUG:  Exiting: get_updates
2023-10-07 00:33:55,079:telegram.bot:DEBUG:  Entering: get_updates
2023-10-07 00:34:05,226:telegram.bot:DEBUG:  No new updates found.
2023-10-07 00:34:05,227:telegram.bot:DEBUG:  []
2023-10-07 00:34:05,227:telegram.bot:DEBUG:  Exiting: get_updates
2023-10-07 00:34:05,227:telegram.bot:DEBUG:  Entering: get_updates
2023-10-07 00:34:15,389:telegram.bot:DEBUG:  No new updates found.
2023-10-07 00:34:15,389:telegram.bot:DEBUG:  []
2023-10-07 00:34:15,390:telegram.bot:DEBUG:  Exiting: get_updates
2023-10-07 00:34:15,390:telegram.bot:DEBUG:  Entering: get_updates
2023-10-07 00:34:25,894:telegram.bot:DEBUG:  No new updates found.
2023-10-07 00:34:25,895:telegram.bot:DEBUG:  []
2023-10-07 00:34:25,895:telegram.bot:DEBUG:  Exiting: get_updates
2023-10-07 00:34:25,895:telegram.bot:DEBUG:  Entering: get_updates
2023-10-07 00:34:36,037:telegram.bot:DEBUG:  No new updates found.
2023-10-07 00:34:36,037:telegram.bot:DEBUG:  []
2023-10-07 00:34:36,038:telegram.bot:DEBUG:  Exiting: get_updates
2023-10-07 00:34:36,038:telegram.bot:DEBUG:  Entering: get_updates
2023-10-07 00:34:46,508:telegram.bot:DEBUG:  No new updates found.
2023-10-07 00:34:46,508:telegram.bot:DEBUG:  []
2023-10-07 00:34:46,508:telegram.bot:DEBUG:  Exiting: get_updates
2023-10-07 00:34:46,508:telegram.bot:DEBUG:  Entering: get_updates
2023-10-07 00:34:56,640:telegram.bot:DEBUG:  No new updates found.
2023-10-07 00:34:56,640:telegram.bot:DEBUG:  []
2023-10-07 00:34:56,640:telegram.bot:DEBUG:  Exiting: get_updates
2023-10-07 00:34:56,641:telegram.bot:DEBUG:  Entering: get_updates
2023-10-07 00:35:06,758:telegram.bot:DEBUG:  No new updates found.
2023-10-07 00:35:06,759:telegram.bot:DEBUG:  []
2023-10-07 00:35:06,759:telegram.bot:DEBUG:  Exiting: get_updates
2023-10-07 00:35:06,760:telegram.bot:DEBUG:  Entering: get_updates
2023-10-07 00:35:16,897:telegram.bot:DEBUG:  No new updates found.
2023-10-07 00:35:16,897:telegram.bot:DEBUG:  []
2023-10-07 00:35:16,897:telegram.bot:DEBUG:  Exiting: get_updates
2023-10-07 00:35:16,897:telegram.bot:DEBUG:  Entering: get_updates
2023-10-07 00:35:27,067:telegram.bot:DEBUG:  No new updates found.
2023-10-07 00:35:27,067:telegram.bot:DEBUG:  []
2023-10-07 00:35:27,067:telegram.bot:DEBUG:  Exiting: get_updates
2023-10-07 00:35:27,067:telegram.bot:DEBUG:  Entering: get_updates
2023-10-07 00:35:37,186:telegram.bot:DEBUG:  No new updates found.
2023-10-07 00:35:37,186:telegram.bot:DEBUG:  []
2023-10-07 00:35:37,186:telegram.bot:DEBUG:  Exiting: get_updates
2023-10-07 00:35:37,186:telegram.bot:DEBUG:  Entering: get_updates
2023-10-07 00:35:47,645:telegram.bot:DEBUG:  No new updates found.
2023-10-07 00:35:47,645:telegram.bot:DEBUG:  []
2023-10-07 00:35:47,645:telegram.bot:DEBUG:  Exiting: get_updates
2023-10-07 00:35:47,645:telegram.bot:DEBUG:  Entering: get_updates
2023-10-07 00:35:57,822:telegram.bot:DEBUG:  No new updates found.
2023-10-07 00:35:57,822:telegram.bot:DEBUG:  []
2023-10-07 00:35:57,822:telegram.bot:DEBUG:  Exiting: get_updates
2023-10-07 00:35:57,822:telegram.bot:DEBUG:  Entering: get_updates
2023-10-07 00:36:07,985:telegram.bot:DEBUG:  No new updates found.
2023-10-07 00:36:07,985:telegram.bot:DEBUG:  []
2023-10-07 00:36:07,985:telegram.bot:DEBUG:  Exiting: get_updates
2023-10-07 00:36:07,985:telegram.bot:DEBUG:  Entering: get_updates
2023-10-07 00:36:18,154:telegram.bot:DEBUG:  No new updates found.
2023-10-07 00:36:18,155:telegram.bot:DEBUG:  []
2023-10-07 00:36:18,155:telegram.bot:DEBUG:  Exiting: get_updates
2023-10-07 00:36:18,156:telegram.bot:DEBUG:  Entering: get_updates
2023-10-07 00:36:28,697:telegram.bot:DEBUG:  No new updates found.
2023-10-07 00:36:28,697:telegram.bot:DEBUG:  []
2023-10-07 00:36:28,698:telegram.bot:DEBUG:  Exiting: get_updates
2023-10-07 00:36:28,698:telegram.bot:DEBUG:  Entering: get_updates
2023-10-07 00:36:38,860:telegram.bot:DEBUG:  No new updates found.
2023-10-07 00:36:38,860:telegram.bot:DEBUG:  []
2023-10-07 00:36:38,875:telegram.bot:DEBUG:  Exiting: get_updates
2023-10-07 00:36:38,875:telegram.bot:DEBUG:  Entering: get_updates
2023-10-07 00:36:49,717:telegram.bot:DEBUG:  No new updates found.
2023-10-07 00:36:49,717:telegram.bot:DEBUG:  []
2023-10-07 00:36:49,717:telegram.bot:DEBUG:  Exiting: get_updates
2023-10-07 00:36:49,717:telegram.bot:DEBUG:  Entering: get_updates
2023-10-07 00:37:01,752:telegram.ext.updater:DEBUG:  Timed out getting Updates: Timed out
2023-10-07 00:37:01,752:telegram.bot:DEBUG:  Entering: get_updates
2023-10-07 00:37:07,102:telegram.vendor.ptb_urllib3.urllib3.connectionpool:WARNING:  Retrying (Retry(total=2, connect=None, read=None, redirect=None)) after connection broken by 'ConnectTimeoutError(<telegram.vendor.ptb_urllib3.urllib3.connection.VerifiedHTTPSConnection object at 0x000002A2DAE2CC10>, 'Connection to api.telegram.org timed out. (connect timeout=5.0)')': /bot6685183482:AAH6q7gWdUm5ZYYAbhoqDh0tqHIXcrjGSPw/getUpdates
2023-10-07 00:37:12,117:telegram.vendor.ptb_urllib3.urllib3.connectionpool:WARNING:  Retrying (Retry(total=1, connect=None, read=None, redirect=None)) after connection broken by 'ConnectTimeoutError(<telegram.vendor.ptb_urllib3.urllib3.connection.VerifiedHTTPSConnection object at 0x000002A2DAE58610>, 'Connection to api.telegram.org timed out. (connect timeout=5.0)')': /bot6685183482:AAH6q7gWdUm5ZYYAbhoqDh0tqHIXcrjGSPw/getUpdates
2023-10-07 00:37:17,122:telegram.vendor.ptb_urllib3.urllib3.connectionpool:WARNING:  Retrying (Retry(total=0, connect=None, read=None, redirect=None)) after connection broken by 'ConnectTimeoutError(<telegram.vendor.ptb_urllib3.urllib3.connection.VerifiedHTTPSConnection object at 0x000002A2DAE5AA50>, 'Connection to api.telegram.org timed out. (connect timeout=5.0)')': /bot6685183482:AAH6q7gWdUm5ZYYAbhoqDh0tqHIXcrjGSPw/getUpdates
2023-10-07 00:37:22,132:telegram.ext.updater:ERROR:  Error while getting Updates: urllib3 HTTPError HTTPSConnectionPool(host='api.telegram.org', port=443): Max retries exceeded with url: /bot6685183482:AAH6q7gWdUm5ZYYAbhoqDh0tqHIXcrjGSPw/getUpdates (Caused by ConnectTimeoutError(<telegram.vendor.ptb_urllib3.urllib3.connection.VerifiedHTTPSConnection object at 0x000002A2DAE5B0D0>, 'Connection to api.telegram.org timed out. (connect timeout=5.0)'))
2023-10-07 00:37:22,133:telegram.ext.dispatcher:DEBUG:  Processing Update: urllib3 HTTPError HTTPSConnectionPool(host='api.telegram.org', port=443): Max retries exceeded with url: /bot6685183482:AAH6q7gWdUm5ZYYAbhoqDh0tqHIXcrjGSPw/getUpdates (Caused by ConnectTimeoutError(<telegram.vendor.ptb_urllib3.urllib3.connection.VerifiedHTTPSConnection object at 0x000002A2DAE5B0D0>, 'Connection to api.telegram.org timed out. (connect timeout=5.0)'))
2023-10-07 00:37:22,134:__main__:ERROR:  urllib3 HTTPError HTTPSConnectionPool(host='api.telegram.org', port=443): Max retries exceeded with url: /bot6685183482:AAH6q7gWdUm5ZYYAbhoqDh0tqHIXcrjGSPw/getUpdates (Caused by ConnectTimeoutError(<telegram.vendor.ptb_urllib3.urllib3.connection.VerifiedHTTPSConnection object at 0x000002A2DAE5B0D0>, 'Connection to api.telegram.org timed out. (connect timeout=5.0)'))
NoneType: None
2023-10-07 00:37:22,135:telegram.bot:DEBUG:  Entering: send_message
2023-10-07 00:37:23,133:telegram.bot:DEBUG:  Entering: get_updates
2023-10-07 00:37:27,142:telegram.vendor.ptb_urllib3.urllib3.connectionpool:WARNING:  Retrying (Retry(total=2, connect=None, read=None, redirect=None)) after connection broken by 'ConnectTimeoutError(<telegram.vendor.ptb_urllib3.urllib3.connection.VerifiedHTTPSConnection object at 0x000002A2DAE5BB10>, 'Connection to api.telegram.org timed out. (connect timeout=5.0)')': /bot6685183482:AAH6q7gWdUm5ZYYAbhoqDh0tqHIXcrjGSPw/sendMessage
2023-10-07 00:37:28,141:telegram.vendor.ptb_urllib3.urllib3.connectionpool:WARNING:  Retrying (Retry(total=2, connect=None, read=None, redirect=None)) after connection broken by 'ConnectTimeoutError(<telegram.vendor.ptb_urllib3.urllib3.connection.VerifiedHTTPSConnection object at 0x000002A2D9668390>, 'Connection to api.telegram.org timed out. (connect timeout=5.0)')': /bot6685183482:AAH6q7gWdUm5ZYYAbhoqDh0tqHIXcrjGSPw/getUpdates
2023-10-07 00:37:32,155:telegram.vendor.ptb_urllib3.urllib3.connectionpool:WARNING:  Retrying (Retry(total=1, connect=None, read=None, redirect=None)) after connection broken by 'ConnectTimeoutError(<telegram.vendor.ptb_urllib3.urllib3.connection.VerifiedHTTPSConnection object at 0x000002A2DAE68750>, 'Connection to api.telegram.org timed out. (connect timeout=5.0)')': /bot6685183482:AAH6q7gWdUm5ZYYAbhoqDh0tqHIXcrjGSPw/sendMessage
2023-10-07 00:37:33,150:telegram.vendor.ptb_urllib3.urllib3.connectionpool:WARNING:  Retrying (Retry(total=1, connect=None, read=None, redirect=None)) after connection broken by 'ConnectTimeoutError(<telegram.vendor.ptb_urllib3.urllib3.connection.VerifiedHTTPSConnection object at 0x000002A2DAE68CD0>, 'Connection to api.telegram.org timed out. (connect timeout=5.0)')': /bot6685183482:AAH6q7gWdUm5ZYYAbhoqDh0tqHIXcrjGSPw/getUpdates
2023-10-07 00:37:37,195:telegram.vendor.ptb_urllib3.urllib3.connectionpool:WARNING:  Retrying (Retry(total=0, connect=None, read=None, redirect=None)) after connection broken by 'ConnectTimeoutError(<telegram.vendor.ptb_urllib3.urllib3.connection.VerifiedHTTPSConnection object at 0x000002A2DAE69350>, 'Connection to api.telegram.org timed out. (connect timeout=5.0)')': /bot6685183482:AAH6q7gWdUm5ZYYAbhoqDh0tqHIXcrjGSPw/sendMessage
2023-10-07 00:37:38,165:telegram.vendor.ptb_urllib3.urllib3.connectionpool:WARNING:  Retrying (Retry(total=0, connect=None, read=None, redirect=None)) after connection broken by 'ConnectTimeoutError(<telegram.vendor.ptb_urllib3.urllib3.connection.VerifiedHTTPSConnection object at 0x000002A2DAE69A50>, 'Connection to api.telegram.org timed out. (connect timeout=5.0)')': /bot6685183482:AAH6q7gWdUm5ZYYAbhoqDh0tqHIXcrjGSPw/getUpdates
2023-10-07 00:37:42,203:telegram.ext.dispatcher:ERROR:  An uncaught error was raised while handling the error.
Traceback (most recent call last):
  File "C:\Users\Habte\AppData\Local\Programs\Python\Python311\Lib\site-packages\telegram\vendor\ptb_urllib3\urllib3\connection.py", line 140, in _new_conn
    conn = connection.create_connection(
           ^^^^^^^^^^^^^^^^^^^^^^^^^^^^^
  File "C:\Users\Habte\AppData\Local\Programs\Python\Python311\Lib\site-packages\telegram\vendor\ptb_urllib3\urllib3\util\connection.py", line 83, in create_connection
    raise err
  File "C:\Users\Habte\AppData\Local\Programs\Python\Python311\Lib\site-packages\telegram\vendor\ptb_urllib3\urllib3\util\connection.py", line 73, in create_connection
    sock.connect(sa)
TimeoutError: timed out

During handling of the above exception, another exception occurred:

Traceback (most recent call last):
  File "C:\Users\Habte\AppData\Local\Programs\Python\Python311\Lib\site-packages\telegram\vendor\ptb_urllib3\urllib3\connectionpool.py", line 614, in urlopen
    httplib_response = self._make_request(conn, method, url,
                       ^^^^^^^^^^^^^^^^^^^^^^^^^^^^^^^^^^^^^
  File "C:\Users\Habte\AppData\Local\Programs\Python\Python311\Lib\site-packages\telegram\vendor\ptb_urllib3\urllib3\connectionpool.py", line 360, in _make_request
    self._validate_conn(conn)
  File "C:\Users\Habte\AppData\Local\Programs\Python\Python311\Lib\site-packages\telegram\vendor\ptb_urllib3\urllib3\connectionpool.py", line 857, in _validate_conn
    super(HTTPSConnectionPool, self)._validate_conn(conn)
  File "C:\Users\Habte\AppData\Local\Programs\Python\Python311\Lib\site-packages\telegram\vendor\ptb_urllib3\urllib3\connectionpool.py", line 289, in _validate_conn
    conn.connect()
  File "C:\Users\Habte\AppData\Local\Programs\Python\Python311\Lib\site-packages\telegram\vendor\ptb_urllib3\urllib3\connection.py", line 284, in connect
    conn = self._new_conn()
           ^^^^^^^^^^^^^^^^
  File "C:\Users\Habte\AppData\Local\Programs\Python\Python311\Lib\site-packages\telegram\vendor\ptb_urllib3\urllib3\connection.py", line 144, in _new_conn
    raise ConnectTimeoutError(
telegram.vendor.ptb_urllib3.urllib3.exceptions.ConnectTimeoutError: (<telegram.vendor.ptb_urllib3.urllib3.connection.VerifiedHTTPSConnection object at 0x000002A2DAE6A0D0>, 'Connection to api.telegram.org timed out. (connect timeout=5.0)')

During handling of the above exception, another exception occurred:

Traceback (most recent call last):
  File "C:\Users\Habte\AppData\Local\Programs\Python\Python311\Lib\site-packages\telegram\utils\request.py", line 259, in _request_wrapper
    resp = self._con_pool.request(*args, **kwargs)
           ^^^^^^^^^^^^^^^^^^^^^^^^^^^^^^^^^^^^^^^
  File "C:\Users\Habte\AppData\Local\Programs\Python\Python311\Lib\site-packages\telegram\vendor\ptb_urllib3\urllib3\request.py", line 68, in request
    return self.request_encode_body(method, url, fields=fields,
           ^^^^^^^^^^^^^^^^^^^^^^^^^^^^^^^^^^^^^^^^^^^^^^^^^^^^
  File "C:\Users\Habte\AppData\Local\Programs\Python\Python311\Lib\site-packages\telegram\vendor\ptb_urllib3\urllib3\request.py", line 148, in request_encode_body
    return self.urlopen(method, url, **extra_kw)
           ^^^^^^^^^^^^^^^^^^^^^^^^^^^^^^^^^^^^^
  File "C:\Users\Habte\AppData\Local\Programs\Python\Python311\Lib\site-packages\telegram\vendor\ptb_urllib3\urllib3\poolmanager.py", line 244, in urlopen
    response = conn.urlopen(method, u.request_uri, **kw)
               ^^^^^^^^^^^^^^^^^^^^^^^^^^^^^^^^^^^^^^^^^
  File "C:\Users\Habte\AppData\Local\Programs\Python\Python311\Lib\site-packages\telegram\vendor\ptb_urllib3\urllib3\connectionpool.py", line 691, in urlopen
    return self.urlopen(method, url, body, headers, retries,
           ^^^^^^^^^^^^^^^^^^^^^^^^^^^^^^^^^^^^^^^^^^^^^^^^^
  File "C:\Users\Habte\AppData\Local\Programs\Python\Python311\Lib\site-packages\telegram\vendor\ptb_urllib3\urllib3\connectionpool.py", line 691, in urlopen
    return self.urlopen(method, url, body, headers, retries,
           ^^^^^^^^^^^^^^^^^^^^^^^^^^^^^^^^^^^^^^^^^^^^^^^^^
  File "C:\Users\Habte\AppData\Local\Programs\Python\Python311\Lib\site-packages\telegram\vendor\ptb_urllib3\urllib3\connectionpool.py", line 691, in urlopen
    return self.urlopen(method, url, body, headers, retries,
           ^^^^^^^^^^^^^^^^^^^^^^^^^^^^^^^^^^^^^^^^^^^^^^^^^
  File "C:\Users\Habte\AppData\Local\Programs\Python\Python311\Lib\site-packages\telegram\vendor\ptb_urllib3\urllib3\connectionpool.py", line 665, in urlopen
    retries = retries.increment(method, url, error=e, _pool=self,
              ^^^^^^^^^^^^^^^^^^^^^^^^^^^^^^^^^^^^^^^^^^^^^^^^^^^
  File "C:\Users\Habte\AppData\Local\Programs\Python\Python311\Lib\site-packages\telegram\vendor\ptb_urllib3\urllib3\util\retry.py", line 376, in increment
    raise MaxRetryError(_pool, url, error or ResponseError(cause))
telegram.vendor.ptb_urllib3.urllib3.exceptions.MaxRetryError: HTTPSConnectionPool(host='api.telegram.org', port=443): Max retries exceeded with url: /bot6685183482:AAH6q7gWdUm5ZYYAbhoqDh0tqHIXcrjGSPw/sendMessage (Caused by ConnectTimeoutError(<telegram.vendor.ptb_urllib3.urllib3.connection.VerifiedHTTPSConnection object at 0x000002A2DAE6A0D0>, 'Connection to api.telegram.org timed out. (connect timeout=5.0)'))

The above exception was the direct cause of the following exception:

Traceback (most recent call last):
  File "C:\Users\Habte\AppData\Local\Programs\Python\Python311\Lib\site-packages\telegram\ext\dispatcher.py", line 538, in process_update
    self.dispatch_error(None, update)
  File "C:\Users\Habte\AppData\Local\Programs\Python\Python311\Lib\site-packages\telegram\ext\dispatcher.py", line 813, in dispatch_error
    callback(update, context)
  File "c:\Users\Habte\Desktop\IssueNotified\app.py", line 356, in handle_error
    updater.bot.send_message(chat_id=DEVELOPER_ID, text='An error occurred in the IssueNotified bot: \n{}'.format(context.error))
  File "C:\Users\Habte\AppData\Local\Programs\Python\Python311\Lib\site-packages\telegram\bot.py", line 133, in decorator
    result = func(*args, **kwargs)
             ^^^^^^^^^^^^^^^^^^^^^
  File "C:\Users\Habte\AppData\Local\Programs\Python\Python311\Lib\site-packages\telegram\bot.py", line 525, in send_message
    return self._message(  # type: ignore[return-value]
           ^^^^^^^^^^^^^^^^^^^^^^^^^^^^^^^^^^^^^^^^^^^^
  File "C:\Users\Habte\AppData\Local\Programs\Python\Python311\Lib\site-packages\telegram\ext\extbot.py", line 202, in _message
    result = super()._message(
             ^^^^^^^^^^^^^^^^^
  File "C:\Users\Habte\AppData\Local\Programs\Python\Python311\Lib\site-packages\telegram\bot.py", line 339, in _message
    result = self._post(endpoint, data, timeout=timeout, api_kwargs=api_kwargs)
             ^^^^^^^^^^^^^^^^^^^^^^^^^^^^^^^^^^^^^^^^^^^^^^^^^^^^^^^^^^^^^^^^^^
  File "C:\Users\Habte\AppData\Local\Programs\Python\Python311\Lib\site-packages\telegram\bot.py", line 298, in _post
    return self.request.post(
           ^^^^^^^^^^^^^^^^^^
  File "C:\Users\Habte\AppData\Local\Programs\Python\Python311\Lib\site-packages\telegram\utils\request.py", line 361, in post
    result = self._request_wrapper(
             ^^^^^^^^^^^^^^^^^^^^^^
  File "C:\Users\Habte\AppData\Local\Programs\Python\Python311\Lib\site-packages\telegram\utils\request.py", line 265, in _request_wrapper
    raise NetworkError(f'urllib3 HTTPError {error}') from error
telegram.error.NetworkError: urllib3 HTTPError HTTPSConnectionPool(host='api.telegram.org', port=443): Max retries exceeded with url: /bot6685183482:AAH6q7gWdUm5ZYYAbhoqDh0tqHIXcrjGSPw/sendMessage (Caused by ConnectTimeoutError(<telegram.vendor.ptb_urllib3.urllib3.connection.VerifiedHTTPSConnection object at 0x000002A2DAE6A0D0>, 'Connection to api.telegram.org timed out. (connect timeout=5.0)'))
2023-10-07 00:37:43,173:telegram.ext.updater:ERROR:  Error while getting Updates: urllib3 HTTPError HTTPSConnectionPool(host='api.telegram.org', port=443): Max retries exceeded with url: /bot6685183482:AAH6q7gWdUm5ZYYAbhoqDh0tqHIXcrjGSPw/getUpdates (Caused by ConnectTimeoutError(<telegram.vendor.ptb_urllib3.urllib3.connection.VerifiedHTTPSConnection object at 0x000002A2DAE6A750>, 'Connection to api.telegram.org timed out. (connect timeout=5.0)'))
2023-10-07 00:37:43,173:telegram.ext.dispatcher:DEBUG:  Processing Update: urllib3 HTTPError HTTPSConnectionPool(host='api.telegram.org', port=443): Max retries exceeded with url: /bot6685183482:AAH6q7gWdUm5ZYYAbhoqDh0tqHIXcrjGSPw/getUpdates (Caused by ConnectTimeoutError(<telegram.vendor.ptb_urllib3.urllib3.connection.VerifiedHTTPSConnection object at 0x000002A2DAE6A750>, 'Connection to api.telegram.org timed out. (connect timeout=5.0)'))
2023-10-07 00:37:43,173:__main__:ERROR:  urllib3 HTTPError HTTPSConnectionPool(host='api.telegram.org', port=443): Max retries exceeded with url: /bot6685183482:AAH6q7gWdUm5ZYYAbhoqDh0tqHIXcrjGSPw/getUpdates (Caused by ConnectTimeoutError(<telegram.vendor.ptb_urllib3.urllib3.connection.VerifiedHTTPSConnection object at 0x000002A2DAE6A750>, 'Connection to api.telegram.org timed out. (connect timeout=5.0)'))
NoneType: None
2023-10-07 00:37:43,173:telegram.bot:DEBUG:  Entering: send_message
2023-10-07 00:37:44,674:telegram.bot:DEBUG:  Entering: get_updates
2023-10-07 00:37:48,183:telegram.vendor.ptb_urllib3.urllib3.connectionpool:WARNING:  Retrying (Retry(total=2, connect=None, read=None, redirect=None)) after connection broken by 'ConnectTimeoutError(<telegram.vendor.ptb_urllib3.urllib3.connection.VerifiedHTTPSConnection object at 0x000002A2DAE5B950>, 'Connection to api.telegram.org timed out. (connect timeout=5.0)')': /bot6685183482:AAH6q7gWdUm5ZYYAbhoqDh0tqHIXcrjGSPw/sendMessage
2023-10-07 00:37:49,684:telegram.vendor.ptb_urllib3.urllib3.connectionpool:WARNING:  Retrying (Retry(total=2, connect=None, read=None, redirect=None)) after connection broken by 'ConnectTimeoutError(<telegram.vendor.ptb_urllib3.urllib3.connection.VerifiedHTTPSConnection object at 0x000002A2DAE42750>, 'Connection to api.telegram.org timed out. (connect timeout=5.0)')': /bot6685183482:AAH6q7gWdUm5ZYYAbhoqDh0tqHIXcrjGSPw/getUpdates
2023-10-07 00:37:53,186:telegram.vendor.ptb_urllib3.urllib3.connectionpool:WARNING:  Retrying (Retry(total=1, connect=None, read=None, redirect=None)) after connection broken by 'ConnectTimeoutError(<telegram.vendor.ptb_urllib3.urllib3.connection.VerifiedHTTPSConnection object at 0x000002A2DAE40A90>, 'Connection to api.telegram.org timed out. (connect timeout=5.0)')': /bot6685183482:AAH6q7gWdUm5ZYYAbhoqDh0tqHIXcrjGSPw/sendMessage
2023-10-07 00:37:54,687:telegram.vendor.ptb_urllib3.urllib3.connectionpool:WARNING:  Retrying (Retry(total=1, connect=None, read=None, redirect=None)) after connection broken by 'ConnectTimeoutError(<telegram.vendor.ptb_urllib3.urllib3.connection.VerifiedHTTPSConnection object at 0x000002A2DAE42AD0>, 'Connection to api.telegram.org timed out. (connect timeout=5.0)')': /bot6685183482:AAH6q7gWdUm5ZYYAbhoqDh0tqHIXcrjGSPw/getUpdates
2023-10-07 00:37:58,189:telegram.vendor.ptb_urllib3.urllib3.connectionpool:WARNING:  Retrying (Retry(total=0, connect=None, read=None, redirect=None)) after connection broken by 'ConnectTimeoutError(<telegram.vendor.ptb_urllib3.urllib3.connection.VerifiedHTTPSConnection object at 0x000002A2D9CAB510>, 'Connection to api.telegram.org timed out. (connect timeout=5.0)')': /bot6685183482:AAH6q7gWdUm5ZYYAbhoqDh0tqHIXcrjGSPw/sendMessage
2023-10-07 00:37:59,690:telegram.vendor.ptb_urllib3.urllib3.connectionpool:WARNING:  Retrying (Retry(total=0, connect=None, read=None, redirect=None)) after connection broken by 'ConnectTimeoutError(<telegram.vendor.ptb_urllib3.urllib3.connection.VerifiedHTTPSConnection object at 0x000002A2D9C4FD90>, 'Connection to api.telegram.org timed out. (connect timeout=5.0)')': /bot6685183482:AAH6q7gWdUm5ZYYAbhoqDh0tqHIXcrjGSPw/getUpdates
2023-10-07 00:38:03,201:telegram.ext.dispatcher:ERROR:  An uncaught error was raised while handling the error.
Traceback (most recent call last):
  File "C:\Users\Habte\AppData\Local\Programs\Python\Python311\Lib\site-packages\telegram\vendor\ptb_urllib3\urllib3\connection.py", line 140, in _new_conn
    conn = connection.create_connection(
           ^^^^^^^^^^^^^^^^^^^^^^^^^^^^^
  File "C:\Users\Habte\AppData\Local\Programs\Python\Python311\Lib\site-packages\telegram\vendor\ptb_urllib3\urllib3\util\connection.py", line 83, in create_connection
    raise err
  File "C:\Users\Habte\AppData\Local\Programs\Python\Python311\Lib\site-packages\telegram\vendor\ptb_urllib3\urllib3\util\connection.py", line 73, in create_connection
    sock.connect(sa)
TimeoutError: timed out

During handling of the above exception, another exception occurred:

Traceback (most recent call last):
  File "C:\Users\Habte\AppData\Local\Programs\Python\Python311\Lib\site-packages\telegram\vendor\ptb_urllib3\urllib3\connectionpool.py", line 614, in urlopen
    httplib_response = self._make_request(conn, method, url,
                       ^^^^^^^^^^^^^^^^^^^^^^^^^^^^^^^^^^^^^
  File "C:\Users\Habte\AppData\Local\Programs\Python\Python311\Lib\site-packages\telegram\vendor\ptb_urllib3\urllib3\connectionpool.py", line 360, in _make_request
    self._validate_conn(conn)
  File "C:\Users\Habte\AppData\Local\Programs\Python\Python311\Lib\site-packages\telegram\vendor\ptb_urllib3\urllib3\connectionpool.py", line 857, in _validate_conn
    super(HTTPSConnectionPool, self)._validate_conn(conn)
  File "C:\Users\Habte\AppData\Local\Programs\Python\Python311\Lib\site-packages\telegram\vendor\ptb_urllib3\urllib3\connectionpool.py", line 289, in _validate_conn
    conn.connect()
  File "C:\Users\Habte\AppData\Local\Programs\Python\Python311\Lib\site-packages\telegram\vendor\ptb_urllib3\urllib3\connection.py", line 284, in connect
    conn = self._new_conn()
           ^^^^^^^^^^^^^^^^
  File "C:\Users\Habte\AppData\Local\Programs\Python\Python311\Lib\site-packages\telegram\vendor\ptb_urllib3\urllib3\connection.py", line 144, in _new_conn
    raise ConnectTimeoutError(
telegram.vendor.ptb_urllib3.urllib3.exceptions.ConnectTimeoutError: (<telegram.vendor.ptb_urllib3.urllib3.connection.VerifiedHTTPSConnection object at 0x000002A2DAE182D0>, 'Connection to api.telegram.org timed out. (connect timeout=5.0)')

During handling of the above exception, another exception occurred:

Traceback (most recent call last):
  File "C:\Users\Habte\AppData\Local\Programs\Python\Python311\Lib\site-packages\telegram\utils\request.py", line 259, in _request_wrapper
    resp = self._con_pool.request(*args, **kwargs)
           ^^^^^^^^^^^^^^^^^^^^^^^^^^^^^^^^^^^^^^^
  File "C:\Users\Habte\AppData\Local\Programs\Python\Python311\Lib\site-packages\telegram\vendor\ptb_urllib3\urllib3\request.py", line 68, in request
    return self.request_encode_body(method, url, fields=fields,
           ^^^^^^^^^^^^^^^^^^^^^^^^^^^^^^^^^^^^^^^^^^^^^^^^^^^^
  File "C:\Users\Habte\AppData\Local\Programs\Python\Python311\Lib\site-packages\telegram\vendor\ptb_urllib3\urllib3\request.py", line 148, in request_encode_body
    return self.urlopen(method, url, **extra_kw)
           ^^^^^^^^^^^^^^^^^^^^^^^^^^^^^^^^^^^^^
  File "C:\Users\Habte\AppData\Local\Programs\Python\Python311\Lib\site-packages\telegram\vendor\ptb_urllib3\urllib3\poolmanager.py", line 244, in urlopen
    response = conn.urlopen(method, u.request_uri, **kw)
               ^^^^^^^^^^^^^^^^^^^^^^^^^^^^^^^^^^^^^^^^^
  File "C:\Users\Habte\AppData\Local\Programs\Python\Python311\Lib\site-packages\telegram\vendor\ptb_urllib3\urllib3\connectionpool.py", line 691, in urlopen
    return self.urlopen(method, url, body, headers, retries,
           ^^^^^^^^^^^^^^^^^^^^^^^^^^^^^^^^^^^^^^^^^^^^^^^^^
  File "C:\Users\Habte\AppData\Local\Programs\Python\Python311\Lib\site-packages\telegram\vendor\ptb_urllib3\urllib3\connectionpool.py", line 691, in urlopen
    return self.urlopen(method, url, body, headers, retries,
           ^^^^^^^^^^^^^^^^^^^^^^^^^^^^^^^^^^^^^^^^^^^^^^^^^
  File "C:\Users\Habte\AppData\Local\Programs\Python\Python311\Lib\site-packages\telegram\vendor\ptb_urllib3\urllib3\connectionpool.py", line 691, in urlopen
    return self.urlopen(method, url, body, headers, retries,
           ^^^^^^^^^^^^^^^^^^^^^^^^^^^^^^^^^^^^^^^^^^^^^^^^^
  File "C:\Users\Habte\AppData\Local\Programs\Python\Python311\Lib\site-packages\telegram\vendor\ptb_urllib3\urllib3\connectionpool.py", line 665, in urlopen
    retries = retries.increment(method, url, error=e, _pool=self,
              ^^^^^^^^^^^^^^^^^^^^^^^^^^^^^^^^^^^^^^^^^^^^^^^^^^^
  File "C:\Users\Habte\AppData\Local\Programs\Python\Python311\Lib\site-packages\telegram\vendor\ptb_urllib3\urllib3\util\retry.py", line 376, in increment
    raise MaxRetryError(_pool, url, error or ResponseError(cause))
telegram.vendor.ptb_urllib3.urllib3.exceptions.MaxRetryError: HTTPSConnectionPool(host='api.telegram.org', port=443): Max retries exceeded with url: /bot6685183482:AAH6q7gWdUm5ZYYAbhoqDh0tqHIXcrjGSPw/sendMessage (Caused by ConnectTimeoutError(<telegram.vendor.ptb_urllib3.urllib3.connection.VerifiedHTTPSConnection object at 0x000002A2DAE182D0>, 'Connection to api.telegram.org timed out. (connect timeout=5.0)'))

The above exception was the direct cause of the following exception:

Traceback (most recent call last):
  File "C:\Users\Habte\AppData\Local\Programs\Python\Python311\Lib\site-packages\telegram\ext\dispatcher.py", line 538, in process_update
    self.dispatch_error(None, update)
  File "C:\Users\Habte\AppData\Local\Programs\Python\Python311\Lib\site-packages\telegram\ext\dispatcher.py", line 813, in dispatch_error
    callback(update, context)
  File "c:\Users\Habte\Desktop\IssueNotified\app.py", line 356, in handle_error
    updater.bot.send_message(chat_id=DEVELOPER_ID, text='An error occurred in the IssueNotified bot: \n{}'.format(context.error))
  File "C:\Users\Habte\AppData\Local\Programs\Python\Python311\Lib\site-packages\telegram\bot.py", line 133, in decorator
    result = func(*args, **kwargs)
             ^^^^^^^^^^^^^^^^^^^^^
  File "C:\Users\Habte\AppData\Local\Programs\Python\Python311\Lib\site-packages\telegram\bot.py", line 525, in send_message
    return self._message(  # type: ignore[return-value]
           ^^^^^^^^^^^^^^^^^^^^^^^^^^^^^^^^^^^^^^^^^^^^
  File "C:\Users\Habte\AppData\Local\Programs\Python\Python311\Lib\site-packages\telegram\ext\extbot.py", line 202, in _message
    result = super()._message(
             ^^^^^^^^^^^^^^^^^
  File "C:\Users\Habte\AppData\Local\Programs\Python\Python311\Lib\site-packages\telegram\bot.py", line 339, in _message
    result = self._post(endpoint, data, timeout=timeout, api_kwargs=api_kwargs)
             ^^^^^^^^^^^^^^^^^^^^^^^^^^^^^^^^^^^^^^^^^^^^^^^^^^^^^^^^^^^^^^^^^^
  File "C:\Users\Habte\AppData\Local\Programs\Python\Python311\Lib\site-packages\telegram\bot.py", line 298, in _post
    return self.request.post(
           ^^^^^^^^^^^^^^^^^^
  File "C:\Users\Habte\AppData\Local\Programs\Python\Python311\Lib\site-packages\telegram\utils\request.py", line 361, in post
    result = self._request_wrapper(
             ^^^^^^^^^^^^^^^^^^^^^^
  File "C:\Users\Habte\AppData\Local\Programs\Python\Python311\Lib\site-packages\telegram\utils\request.py", line 265, in _request_wrapper
    raise NetworkError(f'urllib3 HTTPError {error}') from error
telegram.error.NetworkError: urllib3 HTTPError HTTPSConnectionPool(host='api.telegram.org', port=443): Max retries exceeded with url: /bot6685183482:AAH6q7gWdUm5ZYYAbhoqDh0tqHIXcrjGSPw/sendMessage (Caused by ConnectTimeoutError(<telegram.vendor.ptb_urllib3.urllib3.connection.VerifiedHTTPSConnection object at 0x000002A2DAE182D0>, 'Connection to api.telegram.org timed out. (connect timeout=5.0)'))
2023-10-07 00:38:04,701:telegram.ext.updater:ERROR:  Error while getting Updates: urllib3 HTTPError HTTPSConnectionPool(host='api.telegram.org', port=443): Max retries exceeded with url: /bot6685183482:AAH6q7gWdUm5ZYYAbhoqDh0tqHIXcrjGSPw/getUpdates (Caused by ConnectTimeoutError(<telegram.vendor.ptb_urllib3.urllib3.connection.VerifiedHTTPSConnection object at 0x000002A2DAE36F90>, 'Connection to api.telegram.org timed out. (connect timeout=5.0)'))
2023-10-07 00:38:04,701:telegram.ext.dispatcher:DEBUG:  Processing Update: urllib3 HTTPError HTTPSConnectionPool(host='api.telegram.org', port=443): Max retries exceeded with url: /bot6685183482:AAH6q7gWdUm5ZYYAbhoqDh0tqHIXcrjGSPw/getUpdates (Caused by ConnectTimeoutError(<telegram.vendor.ptb_urllib3.urllib3.connection.VerifiedHTTPSConnection object at 0x000002A2DAE36F90>, 'Connection to api.telegram.org timed out. (connect timeout=5.0)'))
2023-10-07 00:38:04,701:__main__:ERROR:  urllib3 HTTPError HTTPSConnectionPool(host='api.telegram.org', port=443): Max retries exceeded with url: /bot6685183482:AAH6q7gWdUm5ZYYAbhoqDh0tqHIXcrjGSPw/getUpdates (Caused by ConnectTimeoutError(<telegram.vendor.ptb_urllib3.urllib3.connection.VerifiedHTTPSConnection object at 0x000002A2DAE36F90>, 'Connection to api.telegram.org timed out. (connect timeout=5.0)'))
NoneType: None
2023-10-07 00:38:04,701:telegram.bot:DEBUG:  Entering: send_message
2023-10-07 00:38:06,953:telegram.bot:DEBUG:  Entering: get_updates
2023-10-07 00:38:11,191:telegram.bot:DEBUG:  {'group_chat_created': False, 'channel_chat_created': False, 'entities': [{'length': 16, 'offset': 89, 'type': 'url'}, {'length': 14, 'offset': 150, 'type': 'bot_command'}, {'length': 16, 'offset': 361, 'type': 'url'}], 'new_chat_members': [], 'supergroup_chat_created': False, 'text': "An error occurred in the IssueNotified bot: \nurllib3 HTTPError HTTPSConnectionPool(host='api.telegram.org', port=443): Max retries exceeded with url: /bot6685183482:AAH6q7gWdUm5ZYYAbhoqDh0tqHIXcrjGSPw/getUpdates (Caused by ConnectTimeoutError(<telegram.vendor.ptb_urllib3.urllib3.connection.VerifiedHTTPSConnection object at 0x000002A2DAE36F90>, 'Connection to api.telegram.org timed out. (connect timeout=5.0)'))", 'new_chat_photo': [], 'chat': {'first_name': 'Robel', 'username': 'ZeMicah', 'type': 'private', 'id': 5347094985}, 'delete_chat_photo': False, 'message_id': 1300, 'photo': [], 'caption_entities': [], 'date': 1696628283, 'from': {'first_name': 'IssueNotified', 'username': 'IssueNotifiedBot', 'is_bot': True, 'id': 6685183482}}
2023-10-07 00:38:11,191:telegram.bot:DEBUG:  Exiting: send_message
2023-10-07 00:38:22,076:telegram.bot:DEBUG:  No new updates found.
2023-10-07 00:38:22,077:telegram.bot:DEBUG:  []
2023-10-07 00:38:22,077:telegram.bot:DEBUG:  Exiting: get_updates
2023-10-07 00:38:22,078:telegram.bot:DEBUG:  Entering: get_updates
2023-10-07 00:38:32,399:telegram.bot:DEBUG:  No new updates found.
2023-10-07 00:38:32,399:telegram.bot:DEBUG:  []
2023-10-07 00:38:32,399:telegram.bot:DEBUG:  Exiting: get_updates
2023-10-07 00:38:32,400:telegram.bot:DEBUG:  Entering: get_updates
2023-10-07 00:38:42,589:telegram.bot:DEBUG:  No new updates found.
2023-10-07 00:38:42,589:telegram.bot:DEBUG:  []
2023-10-07 00:38:42,589:telegram.bot:DEBUG:  Exiting: get_updates
2023-10-07 00:38:42,589:telegram.bot:DEBUG:  Entering: get_updates
2023-10-07 00:38:42,745:telegram.ext.updater:ERROR:  Error while getting Updates: urllib3 HTTPError ('Connection aborted.', RemoteDisconnected('Remote end closed connection without response'))
2023-10-07 00:38:42,745:telegram.ext.dispatcher:DEBUG:  Processing Update: urllib3 HTTPError ('Connection aborted.', RemoteDisconnected('Remote end closed connection without response'))
2023-10-07 00:38:42,745:__main__:ERROR:  urllib3 HTTPError ('Connection aborted.', RemoteDisconnected('Remote end closed connection without response'))
NoneType: None
2023-10-07 00:38:42,745:telegram.bot:DEBUG:  Entering: send_message
2023-10-07 00:38:43,760:telegram.bot:DEBUG:  Entering: get_updates
2023-10-07 00:38:45,600:telegram.bot:DEBUG:  {'group_chat_created': False, 'channel_chat_created': False, 'entities': [], 'new_chat_members': [], 'supergroup_chat_created': False, 'text': "An error occurred in the IssueNotified bot: \nurllib3 HTTPError ('Connection aborted.', RemoteDisconnected('Remote end closed connection without response'))", 'new_chat_photo': [], 'chat': {'first_name': 'Robel', 'username': 'ZeMicah', 'type': 'private', 'id': 5347094985}, 'delete_chat_photo': False, 'message_id': 1301, 'photo': [], 'caption_entities': [], 'date': 1696628318, 'from': {'first_name': 'IssueNotified', 'username': 'IssueNotifiedBot', 'is_bot': True, 'id': 6685183482}}
2023-10-07 00:38:45,600:telegram.bot:DEBUG:  Exiting: send_message
2023-10-07 00:38:53,915:telegram.bot:DEBUG:  No new updates found.
2023-10-07 00:38:53,915:telegram.bot:DEBUG:  []
2023-10-07 00:38:53,915:telegram.bot:DEBUG:  Exiting: get_updates
2023-10-07 00:38:53,915:telegram.bot:DEBUG:  Entering: get_updates
2023-10-07 00:39:04,089:telegram.bot:DEBUG:  No new updates found.
2023-10-07 00:39:04,089:telegram.bot:DEBUG:  []
2023-10-07 00:39:04,089:telegram.bot:DEBUG:  Exiting: get_updates
2023-10-07 00:39:04,089:telegram.bot:DEBUG:  Entering: get_updates
2023-10-07 00:39:14,323:telegram.bot:DEBUG:  No new updates found.
2023-10-07 00:39:14,323:telegram.bot:DEBUG:  []
2023-10-07 00:39:14,323:telegram.bot:DEBUG:  Exiting: get_updates
2023-10-07 00:39:14,323:telegram.bot:DEBUG:  Entering: get_updates
2023-10-07 00:39:24,428:telegram.bot:DEBUG:  No new updates found.
2023-10-07 00:39:24,428:telegram.bot:DEBUG:  []
2023-10-07 00:39:24,428:telegram.bot:DEBUG:  Exiting: get_updates
2023-10-07 00:39:24,428:telegram.bot:DEBUG:  Entering: get_updates
2023-10-07 00:39:35,188:telegram.bot:DEBUG:  No new updates found.
2023-10-07 00:39:35,188:telegram.bot:DEBUG:  []
2023-10-07 00:39:35,188:telegram.bot:DEBUG:  Exiting: get_updates
2023-10-07 00:39:35,188:telegram.bot:DEBUG:  Entering: get_updates
2023-10-07 00:39:45,319:telegram.bot:DEBUG:  No new updates found.
2023-10-07 00:39:45,319:telegram.bot:DEBUG:  []
2023-10-07 00:39:45,319:telegram.bot:DEBUG:  Exiting: get_updates
2023-10-07 00:39:45,319:telegram.bot:DEBUG:  Entering: get_updates
2023-10-07 00:39:55,470:telegram.bot:DEBUG:  No new updates found.
2023-10-07 00:39:55,471:telegram.bot:DEBUG:  []
2023-10-07 00:39:55,471:telegram.bot:DEBUG:  Exiting: get_updates
2023-10-07 00:39:55,472:telegram.bot:DEBUG:  Entering: get_updates
2023-10-07 00:40:05,653:telegram.bot:DEBUG:  No new updates found.
2023-10-07 00:40:05,654:telegram.bot:DEBUG:  []
2023-10-07 00:40:05,654:telegram.bot:DEBUG:  Exiting: get_updates
2023-10-07 00:40:05,655:telegram.bot:DEBUG:  Entering: get_updates
2023-10-07 00:40:15,765:telegram.bot:DEBUG:  No new updates found.
2023-10-07 00:40:15,765:telegram.bot:DEBUG:  []
2023-10-07 00:40:15,765:telegram.bot:DEBUG:  Exiting: get_updates
2023-10-07 00:40:15,765:telegram.bot:DEBUG:  Entering: get_updates
2023-10-07 00:40:25,906:telegram.bot:DEBUG:  No new updates found.
2023-10-07 00:40:25,907:telegram.bot:DEBUG:  []
2023-10-07 00:40:25,908:telegram.bot:DEBUG:  Exiting: get_updates
2023-10-07 00:40:25,908:telegram.bot:DEBUG:  Entering: get_updates
2023-10-07 00:40:36,563:telegram.bot:DEBUG:  No new updates found.
2023-10-07 00:40:36,563:telegram.bot:DEBUG:  []
2023-10-07 00:40:36,563:telegram.bot:DEBUG:  Exiting: get_updates
2023-10-07 00:40:36,564:telegram.bot:DEBUG:  Entering: get_updates
2023-10-07 00:40:46,709:telegram.bot:DEBUG:  No new updates found.
2023-10-07 00:40:46,709:telegram.bot:DEBUG:  []
2023-10-07 00:40:46,709:telegram.bot:DEBUG:  Exiting: get_updates
2023-10-07 00:40:46,709:telegram.bot:DEBUG:  Entering: get_updates
2023-10-07 00:40:56,828:telegram.bot:DEBUG:  No new updates found.
2023-10-07 00:40:56,828:telegram.bot:DEBUG:  []
2023-10-07 00:40:56,828:telegram.bot:DEBUG:  Exiting: get_updates
2023-10-07 00:40:56,828:telegram.bot:DEBUG:  Entering: get_updates
2023-10-07 00:41:06,991:telegram.bot:DEBUG:  No new updates found.
2023-10-07 00:41:06,991:telegram.bot:DEBUG:  []
2023-10-07 00:41:06,991:telegram.bot:DEBUG:  Exiting: get_updates
2023-10-07 00:41:06,991:telegram.bot:DEBUG:  Entering: get_updates
2023-10-07 00:41:17,127:telegram.bot:DEBUG:  No new updates found.
2023-10-07 00:41:17,127:telegram.bot:DEBUG:  []
2023-10-07 00:41:17,127:telegram.bot:DEBUG:  Exiting: get_updates
2023-10-07 00:41:17,128:telegram.bot:DEBUG:  Entering: get_updates
2023-10-07 00:41:27,277:telegram.bot:DEBUG:  No new updates found.
2023-10-07 00:41:27,277:telegram.bot:DEBUG:  []
2023-10-07 00:41:27,277:telegram.bot:DEBUG:  Exiting: get_updates
2023-10-07 00:41:27,277:telegram.bot:DEBUG:  Entering: get_updates
2023-10-07 00:41:37,439:telegram.bot:DEBUG:  No new updates found.
2023-10-07 00:41:37,439:telegram.bot:DEBUG:  []
2023-10-07 00:41:37,439:telegram.bot:DEBUG:  Exiting: get_updates
2023-10-07 00:41:37,439:telegram.bot:DEBUG:  Entering: get_updates
2023-10-07 00:41:47,566:telegram.bot:DEBUG:  No new updates found.
2023-10-07 00:41:47,566:telegram.bot:DEBUG:  []
2023-10-07 00:41:47,566:telegram.bot:DEBUG:  Exiting: get_updates
2023-10-07 00:41:47,566:telegram.bot:DEBUG:  Entering: get_updates
2023-10-07 00:41:57,676:telegram.bot:DEBUG:  No new updates found.
2023-10-07 00:41:57,676:telegram.bot:DEBUG:  []
2023-10-07 00:41:57,676:telegram.bot:DEBUG:  Exiting: get_updates
2023-10-07 00:41:57,676:telegram.bot:DEBUG:  Entering: get_updates
2023-10-07 00:42:07,797:telegram.bot:DEBUG:  No new updates found.
2023-10-07 00:42:07,797:telegram.bot:DEBUG:  []
2023-10-07 00:42:07,797:telegram.bot:DEBUG:  Exiting: get_updates
2023-10-07 00:42:07,797:telegram.bot:DEBUG:  Entering: get_updates
2023-10-07 00:42:17,928:telegram.bot:DEBUG:  No new updates found.
2023-10-07 00:42:17,928:telegram.bot:DEBUG:  []
2023-10-07 00:42:17,929:telegram.bot:DEBUG:  Exiting: get_updates
2023-10-07 00:42:17,929:telegram.bot:DEBUG:  Entering: get_updates
2023-10-07 00:42:28,053:telegram.bot:DEBUG:  No new updates found.
2023-10-07 00:42:28,053:telegram.bot:DEBUG:  []
2023-10-07 00:42:28,053:telegram.bot:DEBUG:  Exiting: get_updates
2023-10-07 00:42:28,053:telegram.bot:DEBUG:  Entering: get_updates
2023-10-07 00:42:38,184:telegram.bot:DEBUG:  No new updates found.
2023-10-07 00:42:38,184:telegram.bot:DEBUG:  []
2023-10-07 00:42:38,200:telegram.bot:DEBUG:  Exiting: get_updates
2023-10-07 00:42:38,200:telegram.bot:DEBUG:  Entering: get_updates
2023-10-07 00:42:48,347:telegram.bot:DEBUG:  No new updates found.
2023-10-07 00:42:48,347:telegram.bot:DEBUG:  []
2023-10-07 00:42:48,347:telegram.bot:DEBUG:  Exiting: get_updates
2023-10-07 00:42:48,347:telegram.bot:DEBUG:  Entering: get_updates
2023-10-07 00:42:58,612:telegram.bot:DEBUG:  No new updates found.
2023-10-07 00:42:58,612:telegram.bot:DEBUG:  []
2023-10-07 00:42:58,612:telegram.bot:DEBUG:  Exiting: get_updates
2023-10-07 00:42:58,612:telegram.bot:DEBUG:  Entering: get_updates
2023-10-07 00:43:08,755:telegram.bot:DEBUG:  No new updates found.
2023-10-07 00:43:08,756:telegram.bot:DEBUG:  []
2023-10-07 00:43:08,756:telegram.bot:DEBUG:  Exiting: get_updates
2023-10-07 00:43:08,756:telegram.bot:DEBUG:  Entering: get_updates
2023-10-07 00:43:18,880:telegram.bot:DEBUG:  No new updates found.
2023-10-07 00:43:18,880:telegram.bot:DEBUG:  []
2023-10-07 00:43:18,880:telegram.bot:DEBUG:  Exiting: get_updates
2023-10-07 00:43:18,880:telegram.bot:DEBUG:  Entering: get_updates
2023-10-07 00:43:29,003:telegram.bot:DEBUG:  No new updates found.
2023-10-07 00:43:29,004:telegram.bot:DEBUG:  []
2023-10-07 00:43:29,004:telegram.bot:DEBUG:  Exiting: get_updates
2023-10-07 00:43:29,004:telegram.bot:DEBUG:  Entering: get_updates
2023-10-07 00:43:39,136:telegram.bot:DEBUG:  No new updates found.
2023-10-07 00:43:39,137:telegram.bot:DEBUG:  []
2023-10-07 00:43:39,137:telegram.bot:DEBUG:  Exiting: get_updates
2023-10-07 00:43:39,138:telegram.bot:DEBUG:  Entering: get_updates
2023-10-07 00:43:49,625:telegram.bot:DEBUG:  No new updates found.
2023-10-07 00:43:49,640:telegram.bot:DEBUG:  []
2023-10-07 00:43:49,640:telegram.bot:DEBUG:  Exiting: get_updates
2023-10-07 00:43:49,640:telegram.bot:DEBUG:  Entering: get_updates
2023-10-07 00:43:59,853:telegram.bot:DEBUG:  No new updates found.
2023-10-07 00:43:59,853:telegram.bot:DEBUG:  []
2023-10-07 00:43:59,854:telegram.bot:DEBUG:  Exiting: get_updates
2023-10-07 00:43:59,854:telegram.bot:DEBUG:  Entering: get_updates
2023-10-07 00:44:09,999:telegram.bot:DEBUG:  No new updates found.
2023-10-07 00:44:10,000:telegram.bot:DEBUG:  []
2023-10-07 00:44:10,000:telegram.bot:DEBUG:  Exiting: get_updates
2023-10-07 00:44:10,001:telegram.bot:DEBUG:  Entering: get_updates
2023-10-07 00:44:20,167:telegram.bot:DEBUG:  No new updates found.
2023-10-07 00:44:20,168:telegram.bot:DEBUG:  []
2023-10-07 00:44:20,168:telegram.bot:DEBUG:  Exiting: get_updates
2023-10-07 00:44:20,168:telegram.bot:DEBUG:  Entering: get_updates
2023-10-07 00:44:30,301:telegram.bot:DEBUG:  No new updates found.
2023-10-07 00:44:30,302:telegram.bot:DEBUG:  []
2023-10-07 00:44:30,302:telegram.bot:DEBUG:  Exiting: get_updates
2023-10-07 00:44:30,303:telegram.bot:DEBUG:  Entering: get_updates
2023-10-07 00:44:40,810:telegram.bot:DEBUG:  No new updates found.
2023-10-07 00:44:40,811:telegram.bot:DEBUG:  []
2023-10-07 00:44:40,812:telegram.bot:DEBUG:  Exiting: get_updates
2023-10-07 00:44:40,812:telegram.bot:DEBUG:  Entering: get_updates
2023-10-07 00:44:50,962:telegram.bot:DEBUG:  No new updates found.
2023-10-07 00:44:50,962:telegram.bot:DEBUG:  []
2023-10-07 00:44:50,962:telegram.bot:DEBUG:  Exiting: get_updates
2023-10-07 00:44:50,963:telegram.bot:DEBUG:  Entering: get_updates
2023-10-07 00:45:01,143:telegram.bot:DEBUG:  No new updates found.
2023-10-07 00:45:01,143:telegram.bot:DEBUG:  []
2023-10-07 00:45:01,144:telegram.bot:DEBUG:  Exiting: get_updates
2023-10-07 00:45:01,144:telegram.bot:DEBUG:  Entering: get_updates
2023-10-07 00:45:11,282:telegram.bot:DEBUG:  No new updates found.
2023-10-07 00:45:11,283:telegram.bot:DEBUG:  []
2023-10-07 00:45:11,283:telegram.bot:DEBUG:  Exiting: get_updates
2023-10-07 00:45:11,283:telegram.bot:DEBUG:  Entering: get_updates
2023-10-07 00:45:21,422:telegram.bot:DEBUG:  No new updates found.
2023-10-07 00:45:21,422:telegram.bot:DEBUG:  []
2023-10-07 00:45:21,422:telegram.bot:DEBUG:  Exiting: get_updates
2023-10-07 00:45:21,422:telegram.bot:DEBUG:  Entering: get_updates
2023-10-07 00:45:31,547:telegram.bot:DEBUG:  No new updates found.
2023-10-07 00:45:31,548:telegram.bot:DEBUG:  []
2023-10-07 00:45:31,548:telegram.bot:DEBUG:  Exiting: get_updates
2023-10-07 00:45:31,548:telegram.bot:DEBUG:  Entering: get_updates
2023-10-07 00:45:42,018:telegram.bot:DEBUG:  No new updates found.
2023-10-07 00:45:42,018:telegram.bot:DEBUG:  []
2023-10-07 00:45:42,018:telegram.bot:DEBUG:  Exiting: get_updates
2023-10-07 00:45:42,018:telegram.bot:DEBUG:  Entering: get_updates
2023-10-07 00:45:52,563:telegram.bot:DEBUG:  No new updates found.
2023-10-07 00:45:52,563:telegram.bot:DEBUG:  []
2023-10-07 00:45:52,564:telegram.bot:DEBUG:  Exiting: get_updates
2023-10-07 00:45:52,565:telegram.bot:DEBUG:  Entering: get_updates
2023-10-07 00:46:02,719:telegram.bot:DEBUG:  No new updates found.
2023-10-07 00:46:02,720:telegram.bot:DEBUG:  []
2023-10-07 00:46:02,720:telegram.bot:DEBUG:  Exiting: get_updates
2023-10-07 00:46:02,720:telegram.bot:DEBUG:  Entering: get_updates
2023-10-07 00:46:12,847:telegram.bot:DEBUG:  No new updates found.
2023-10-07 00:46:12,848:telegram.bot:DEBUG:  []
2023-10-07 00:46:12,848:telegram.bot:DEBUG:  Exiting: get_updates
2023-10-07 00:46:12,848:telegram.bot:DEBUG:  Entering: get_updates
2023-10-07 00:46:23,000:telegram.bot:DEBUG:  No new updates found.
2023-10-07 00:46:23,001:telegram.bot:DEBUG:  []
2023-10-07 00:46:23,001:telegram.bot:DEBUG:  Exiting: get_updates
2023-10-07 00:46:23,002:telegram.bot:DEBUG:  Entering: get_updates
2023-10-07 00:46:33,110:telegram.bot:DEBUG:  No new updates found.
2023-10-07 00:46:33,110:telegram.bot:DEBUG:  []
2023-10-07 00:46:33,110:telegram.bot:DEBUG:  Exiting: get_updates
2023-10-07 00:46:33,110:telegram.bot:DEBUG:  Entering: get_updates
2023-10-07 00:46:43,275:telegram.bot:DEBUG:  No new updates found.
2023-10-07 00:46:43,275:telegram.bot:DEBUG:  []
2023-10-07 00:46:43,275:telegram.bot:DEBUG:  Exiting: get_updates
2023-10-07 00:46:43,275:telegram.bot:DEBUG:  Entering: get_updates
2023-10-07 00:46:53,484:telegram.bot:DEBUG:  No new updates found.
2023-10-07 00:46:53,484:telegram.bot:DEBUG:  []
2023-10-07 00:46:53,484:telegram.bot:DEBUG:  Exiting: get_updates
2023-10-07 00:46:53,484:telegram.bot:DEBUG:  Entering: get_updates
2023-10-07 00:47:03,723:telegram.bot:DEBUG:  No new updates found.
2023-10-07 00:47:03,723:telegram.bot:DEBUG:  []
2023-10-07 00:47:03,723:telegram.bot:DEBUG:  Exiting: get_updates
2023-10-07 00:47:03,723:telegram.bot:DEBUG:  Entering: get_updates
2023-10-07 00:47:13,843:telegram.bot:DEBUG:  No new updates found.
2023-10-07 00:47:13,843:telegram.bot:DEBUG:  []
2023-10-07 00:47:13,843:telegram.bot:DEBUG:  Exiting: get_updates
2023-10-07 00:47:13,843:telegram.bot:DEBUG:  Entering: get_updates
2023-10-07 00:47:23,987:telegram.bot:DEBUG:  No new updates found.
2023-10-07 00:47:23,987:telegram.bot:DEBUG:  []
2023-10-07 00:47:23,987:telegram.bot:DEBUG:  Exiting: get_updates
2023-10-07 00:47:23,987:telegram.bot:DEBUG:  Entering: get_updates
2023-10-07 00:47:34,153:telegram.bot:DEBUG:  No new updates found.
2023-10-07 00:47:34,153:telegram.bot:DEBUG:  []
2023-10-07 00:47:34,153:telegram.bot:DEBUG:  Exiting: get_updates
2023-10-07 00:47:34,153:telegram.bot:DEBUG:  Entering: get_updates
2023-10-07 00:47:44,333:telegram.bot:DEBUG:  No new updates found.
2023-10-07 00:47:44,333:telegram.bot:DEBUG:  []
2023-10-07 00:47:44,333:telegram.bot:DEBUG:  Exiting: get_updates
2023-10-07 00:47:44,333:telegram.bot:DEBUG:  Entering: get_updates
2023-10-07 00:47:54,470:telegram.bot:DEBUG:  No new updates found.
2023-10-07 00:47:54,470:telegram.bot:DEBUG:  []
2023-10-07 00:47:54,470:telegram.bot:DEBUG:  Exiting: get_updates
2023-10-07 00:47:54,470:telegram.bot:DEBUG:  Entering: get_updates
2023-10-07 00:48:04,602:telegram.bot:DEBUG:  No new updates found.
2023-10-07 00:48:04,602:telegram.bot:DEBUG:  []
2023-10-07 00:48:04,602:telegram.bot:DEBUG:  Exiting: get_updates
2023-10-07 00:48:04,602:telegram.bot:DEBUG:  Entering: get_updates
2023-10-07 00:48:14,794:telegram.bot:DEBUG:  No new updates found.
2023-10-07 00:48:14,794:telegram.bot:DEBUG:  []
2023-10-07 00:48:14,794:telegram.bot:DEBUG:  Exiting: get_updates
2023-10-07 00:48:14,794:telegram.bot:DEBUG:  Entering: get_updates
2023-10-07 00:48:24,960:telegram.bot:DEBUG:  No new updates found.
2023-10-07 00:48:24,961:telegram.bot:DEBUG:  []
2023-10-07 00:48:24,961:telegram.bot:DEBUG:  Exiting: get_updates
2023-10-07 00:48:24,962:telegram.bot:DEBUG:  Entering: get_updates
2023-10-07 00:48:35,116:telegram.bot:DEBUG:  No new updates found.
2023-10-07 00:48:35,116:telegram.bot:DEBUG:  []
2023-10-07 00:48:35,116:telegram.bot:DEBUG:  Exiting: get_updates
2023-10-07 00:48:35,116:telegram.bot:DEBUG:  Entering: get_updates
2023-10-07 00:48:45,246:telegram.bot:DEBUG:  No new updates found.
2023-10-07 00:48:45,246:telegram.bot:DEBUG:  []
2023-10-07 00:48:45,246:telegram.bot:DEBUG:  Exiting: get_updates
2023-10-07 00:48:45,246:telegram.bot:DEBUG:  Entering: get_updates
2023-10-07 00:48:55,747:telegram.bot:DEBUG:  No new updates found.
2023-10-07 00:48:55,747:telegram.bot:DEBUG:  []
2023-10-07 00:48:55,747:telegram.bot:DEBUG:  Exiting: get_updates
2023-10-07 00:48:55,747:telegram.bot:DEBUG:  Entering: get_updates
2023-10-07 00:49:05,871:telegram.bot:DEBUG:  No new updates found.
2023-10-07 00:49:05,871:telegram.bot:DEBUG:  []
2023-10-07 00:49:05,871:telegram.bot:DEBUG:  Exiting: get_updates
2023-10-07 00:49:05,871:telegram.bot:DEBUG:  Entering: get_updates
2023-10-07 00:49:15,994:telegram.bot:DEBUG:  No new updates found.
2023-10-07 00:49:15,995:telegram.bot:DEBUG:  []
2023-10-07 00:49:15,995:telegram.bot:DEBUG:  Exiting: get_updates
2023-10-07 00:49:15,995:telegram.bot:DEBUG:  Entering: get_updates
2023-10-07 00:49:26,176:telegram.bot:DEBUG:  No new updates found.
2023-10-07 00:49:26,177:telegram.bot:DEBUG:  []
2023-10-07 00:49:26,177:telegram.bot:DEBUG:  Exiting: get_updates
2023-10-07 00:49:26,177:telegram.bot:DEBUG:  Entering: get_updates
2023-10-07 00:49:36,469:telegram.bot:DEBUG:  No new updates found.
2023-10-07 00:49:36,470:telegram.bot:DEBUG:  []
2023-10-07 00:49:36,470:telegram.bot:DEBUG:  Exiting: get_updates
2023-10-07 00:49:36,471:telegram.bot:DEBUG:  Entering: get_updates
2023-10-07 00:49:46,596:telegram.bot:DEBUG:  No new updates found.
2023-10-07 00:49:46,596:telegram.bot:DEBUG:  []
2023-10-07 00:49:46,596:telegram.bot:DEBUG:  Exiting: get_updates
2023-10-07 00:49:46,596:telegram.bot:DEBUG:  Entering: get_updates
2023-10-07 00:49:56,737:telegram.bot:DEBUG:  No new updates found.
2023-10-07 00:49:56,737:telegram.bot:DEBUG:  []
2023-10-07 00:49:56,737:telegram.bot:DEBUG:  Exiting: get_updates
2023-10-07 00:49:56,737:telegram.bot:DEBUG:  Entering: get_updates
2023-10-07 00:50:06,865:telegram.bot:DEBUG:  No new updates found.
2023-10-07 00:50:06,865:telegram.bot:DEBUG:  []
2023-10-07 00:50:06,865:telegram.bot:DEBUG:  Exiting: get_updates
2023-10-07 00:50:06,865:telegram.bot:DEBUG:  Entering: get_updates
2023-10-07 00:50:17,385:telegram.bot:DEBUG:  No new updates found.
2023-10-07 00:50:17,385:telegram.bot:DEBUG:  []
2023-10-07 00:50:17,385:telegram.bot:DEBUG:  Exiting: get_updates
2023-10-07 00:50:17,385:telegram.bot:DEBUG:  Entering: get_updates
2023-10-07 00:50:27,516:telegram.bot:DEBUG:  No new updates found.
2023-10-07 00:50:27,516:telegram.bot:DEBUG:  []
2023-10-07 00:50:27,516:telegram.bot:DEBUG:  Exiting: get_updates
2023-10-07 00:50:27,516:telegram.bot:DEBUG:  Entering: get_updates
2023-10-07 00:50:38,026:telegram.bot:DEBUG:  No new updates found.
2023-10-07 00:50:38,041:telegram.bot:DEBUG:  []
2023-10-07 00:50:38,041:telegram.bot:DEBUG:  Exiting: get_updates
2023-10-07 00:50:38,041:telegram.bot:DEBUG:  Entering: get_updates
2023-10-07 00:50:48,164:telegram.bot:DEBUG:  No new updates found.
2023-10-07 00:50:48,164:telegram.bot:DEBUG:  []
2023-10-07 00:50:48,165:telegram.bot:DEBUG:  Exiting: get_updates
2023-10-07 00:50:48,165:telegram.bot:DEBUG:  Entering: get_updates
2023-10-07 00:50:58,301:telegram.bot:DEBUG:  No new updates found.
2023-10-07 00:50:58,301:telegram.bot:DEBUG:  []
2023-10-07 00:50:58,301:telegram.bot:DEBUG:  Exiting: get_updates
2023-10-07 00:50:58,301:telegram.bot:DEBUG:  Entering: get_updates
2023-10-07 00:51:08,474:telegram.bot:DEBUG:  No new updates found.
2023-10-07 00:51:08,474:telegram.bot:DEBUG:  []
2023-10-07 00:51:08,474:telegram.bot:DEBUG:  Exiting: get_updates
2023-10-07 00:51:08,474:telegram.bot:DEBUG:  Entering: get_updates
2023-10-07 00:51:18,609:telegram.bot:DEBUG:  No new updates found.
2023-10-07 00:51:18,610:telegram.bot:DEBUG:  []
2023-10-07 00:51:18,610:telegram.bot:DEBUG:  Exiting: get_updates
2023-10-07 00:51:18,610:telegram.bot:DEBUG:  Entering: get_updates
2023-10-07 00:51:28,756:telegram.bot:DEBUG:  No new updates found.
2023-10-07 00:51:28,756:telegram.bot:DEBUG:  []
2023-10-07 00:51:28,756:telegram.bot:DEBUG:  Exiting: get_updates
2023-10-07 00:51:28,756:telegram.bot:DEBUG:  Entering: get_updates
2023-10-07 00:51:38,884:telegram.bot:DEBUG:  No new updates found.
2023-10-07 00:51:38,884:telegram.bot:DEBUG:  []
2023-10-07 00:51:38,884:telegram.bot:DEBUG:  Exiting: get_updates
2023-10-07 00:51:38,884:telegram.bot:DEBUG:  Entering: get_updates
2023-10-07 00:51:49,036:telegram.bot:DEBUG:  No new updates found.
2023-10-07 00:51:49,036:telegram.bot:DEBUG:  []
2023-10-07 00:51:49,036:telegram.bot:DEBUG:  Exiting: get_updates
2023-10-07 00:51:49,036:telegram.bot:DEBUG:  Entering: get_updates
2023-10-07 00:52:00,588:telegram.bot:DEBUG:  No new updates found.
2023-10-07 00:52:00,588:telegram.bot:DEBUG:  []
2023-10-07 00:52:00,588:telegram.bot:DEBUG:  Exiting: get_updates
2023-10-07 00:52:00,589:telegram.bot:DEBUG:  Entering: get_updates
2023-10-07 00:52:11,147:telegram.bot:DEBUG:  No new updates found.
2023-10-07 00:52:11,147:telegram.bot:DEBUG:  []
2023-10-07 00:52:11,147:telegram.bot:DEBUG:  Exiting: get_updates
2023-10-07 00:52:11,147:telegram.bot:DEBUG:  Entering: get_updates
2023-10-07 00:52:21,273:telegram.bot:DEBUG:  No new updates found.
2023-10-07 00:52:21,274:telegram.bot:DEBUG:  []
2023-10-07 00:52:21,275:telegram.bot:DEBUG:  Exiting: get_updates
2023-10-07 00:52:21,276:telegram.bot:DEBUG:  Entering: get_updates
2023-10-07 00:52:31,394:telegram.bot:DEBUG:  No new updates found.
2023-10-07 00:52:31,394:telegram.bot:DEBUG:  []
2023-10-07 00:52:31,394:telegram.bot:DEBUG:  Exiting: get_updates
2023-10-07 00:52:31,395:telegram.bot:DEBUG:  Entering: get_updates
2023-10-07 00:52:41,521:telegram.bot:DEBUG:  No new updates found.
2023-10-07 00:52:41,522:telegram.bot:DEBUG:  []
2023-10-07 00:52:41,522:telegram.bot:DEBUG:  Exiting: get_updates
2023-10-07 00:52:41,522:telegram.bot:DEBUG:  Entering: get_updates
2023-10-07 00:52:51,662:telegram.bot:DEBUG:  No new updates found.
2023-10-07 00:52:51,662:telegram.bot:DEBUG:  []
2023-10-07 00:52:51,663:telegram.bot:DEBUG:  Exiting: get_updates
2023-10-07 00:52:51,663:telegram.bot:DEBUG:  Entering: get_updates
2023-10-07 00:53:01,781:telegram.bot:DEBUG:  No new updates found.
2023-10-07 00:53:01,781:telegram.bot:DEBUG:  []
2023-10-07 00:53:01,783:telegram.bot:DEBUG:  Exiting: get_updates
2023-10-07 00:53:01,783:telegram.bot:DEBUG:  Entering: get_updates
2023-10-07 00:53:11,907:telegram.bot:DEBUG:  No new updates found.
2023-10-07 00:53:11,907:telegram.bot:DEBUG:  []
2023-10-07 00:53:11,907:telegram.bot:DEBUG:  Exiting: get_updates
2023-10-07 00:53:11,907:telegram.bot:DEBUG:  Entering: get_updates
2023-10-07 00:53:22,032:telegram.bot:DEBUG:  No new updates found.
2023-10-07 00:53:22,048:telegram.bot:DEBUG:  []
2023-10-07 00:53:22,048:telegram.bot:DEBUG:  Exiting: get_updates
2023-10-07 00:53:22,048:telegram.bot:DEBUG:  Entering: get_updates
2023-10-07 00:53:32,240:telegram.bot:DEBUG:  No new updates found.
2023-10-07 00:53:32,240:telegram.bot:DEBUG:  []
2023-10-07 00:53:32,241:telegram.bot:DEBUG:  Exiting: get_updates
2023-10-07 00:53:32,242:telegram.bot:DEBUG:  Entering: get_updates
2023-10-07 00:53:42,591:telegram.bot:DEBUG:  No new updates found.
2023-10-07 00:53:42,591:telegram.bot:DEBUG:  []
2023-10-07 00:53:42,592:telegram.bot:DEBUG:  Exiting: get_updates
2023-10-07 00:53:42,595:telegram.bot:DEBUG:  Entering: get_updates
2023-10-07 00:53:52,807:telegram.bot:DEBUG:  No new updates found.
2023-10-07 00:53:52,807:telegram.bot:DEBUG:  []
2023-10-07 00:53:52,807:telegram.bot:DEBUG:  Exiting: get_updates
2023-10-07 00:53:52,807:telegram.bot:DEBUG:  Entering: get_updates
2023-10-07 00:54:02,938:telegram.bot:DEBUG:  No new updates found.
2023-10-07 00:54:02,938:telegram.bot:DEBUG:  []
2023-10-07 00:54:02,939:telegram.bot:DEBUG:  Exiting: get_updates
2023-10-07 00:54:02,939:telegram.bot:DEBUG:  Entering: get_updates
2023-10-07 00:54:13,087:telegram.bot:DEBUG:  No new updates found.
2023-10-07 00:54:13,087:telegram.bot:DEBUG:  []
2023-10-07 00:54:13,087:telegram.bot:DEBUG:  Exiting: get_updates
2023-10-07 00:54:13,087:telegram.bot:DEBUG:  Entering: get_updates
2023-10-07 00:54:23,217:telegram.bot:DEBUG:  No new updates found.
2023-10-07 00:54:23,217:telegram.bot:DEBUG:  []
2023-10-07 00:54:23,218:telegram.bot:DEBUG:  Exiting: get_updates
2023-10-07 00:54:23,218:telegram.bot:DEBUG:  Entering: get_updates
2023-10-07 00:54:33,341:telegram.bot:DEBUG:  No new updates found.
2023-10-07 00:54:33,341:telegram.bot:DEBUG:  []
2023-10-07 00:54:33,341:telegram.bot:DEBUG:  Exiting: get_updates
2023-10-07 00:54:33,341:telegram.bot:DEBUG:  Entering: get_updates
2023-10-07 00:54:43,451:telegram.bot:DEBUG:  No new updates found.
2023-10-07 00:54:43,451:telegram.bot:DEBUG:  []
2023-10-07 00:54:43,451:telegram.bot:DEBUG:  Exiting: get_updates
2023-10-07 00:54:43,451:telegram.bot:DEBUG:  Entering: get_updates
2023-10-07 00:54:53,581:telegram.bot:DEBUG:  No new updates found.
2023-10-07 00:54:53,582:telegram.bot:DEBUG:  []
2023-10-07 00:54:53,582:telegram.bot:DEBUG:  Exiting: get_updates
2023-10-07 00:54:53,582:telegram.bot:DEBUG:  Entering: get_updates
2023-10-07 00:55:03,769:telegram.bot:DEBUG:  No new updates found.
2023-10-07 00:55:03,769:telegram.bot:DEBUG:  []
2023-10-07 00:55:03,769:telegram.bot:DEBUG:  Exiting: get_updates
2023-10-07 00:55:03,769:telegram.bot:DEBUG:  Entering: get_updates
2023-10-07 00:55:13,927:telegram.bot:DEBUG:  No new updates found.
2023-10-07 00:55:13,927:telegram.bot:DEBUG:  []
2023-10-07 00:55:13,927:telegram.bot:DEBUG:  Exiting: get_updates
2023-10-07 00:55:13,927:telegram.bot:DEBUG:  Entering: get_updates
2023-10-07 00:55:24,573:telegram.bot:DEBUG:  No new updates found.
2023-10-07 00:55:24,573:telegram.bot:DEBUG:  []
2023-10-07 00:55:24,573:telegram.bot:DEBUG:  Exiting: get_updates
2023-10-07 00:55:24,573:telegram.bot:DEBUG:  Entering: get_updates
2023-10-07 00:55:34,739:telegram.bot:DEBUG:  No new updates found.
2023-10-07 00:55:34,739:telegram.bot:DEBUG:  []
2023-10-07 00:55:34,739:telegram.bot:DEBUG:  Exiting: get_updates
2023-10-07 00:55:34,740:telegram.bot:DEBUG:  Entering: get_updates
2023-10-07 00:55:53,478:telegram.bot:DEBUG:  No new updates found.
2023-10-07 00:55:53,478:telegram.bot:DEBUG:  []
2023-10-07 00:55:53,478:telegram.bot:DEBUG:  Exiting: get_updates
2023-10-07 00:55:53,478:telegram.bot:DEBUG:  Entering: get_updates
2023-10-07 00:56:03,608:telegram.bot:DEBUG:  No new updates found.
2023-10-07 00:56:03,608:telegram.bot:DEBUG:  []
2023-10-07 00:56:03,609:telegram.bot:DEBUG:  Exiting: get_updates
2023-10-07 00:56:03,609:telegram.bot:DEBUG:  Entering: get_updates
2023-10-07 00:56:13,727:telegram.bot:DEBUG:  No new updates found.
2023-10-07 00:56:13,727:telegram.bot:DEBUG:  []
2023-10-07 00:56:13,727:telegram.bot:DEBUG:  Exiting: get_updates
2023-10-07 00:56:13,727:telegram.bot:DEBUG:  Entering: get_updates
2023-10-07 00:56:23,836:telegram.bot:DEBUG:  No new updates found.
2023-10-07 00:56:23,836:telegram.bot:DEBUG:  []
2023-10-07 00:56:23,836:telegram.bot:DEBUG:  Exiting: get_updates
2023-10-07 00:56:23,836:telegram.bot:DEBUG:  Entering: get_updates
2023-10-07 00:56:33,959:telegram.bot:DEBUG:  No new updates found.
2023-10-07 00:56:33,959:telegram.bot:DEBUG:  []
2023-10-07 00:56:33,959:telegram.bot:DEBUG:  Exiting: get_updates
2023-10-07 00:56:33,959:telegram.bot:DEBUG:  Entering: get_updates
2023-10-07 00:56:44,094:telegram.bot:DEBUG:  No new updates found.
2023-10-07 00:56:44,095:telegram.bot:DEBUG:  []
2023-10-07 00:56:44,095:telegram.bot:DEBUG:  Exiting: get_updates
2023-10-07 00:56:44,095:telegram.bot:DEBUG:  Entering: get_updates
2023-10-07 00:56:54,254:telegram.bot:DEBUG:  No new updates found.
2023-10-07 00:56:54,254:telegram.bot:DEBUG:  []
2023-10-07 00:56:54,254:telegram.bot:DEBUG:  Exiting: get_updates
2023-10-07 00:56:54,254:telegram.bot:DEBUG:  Entering: get_updates
